Rsid	Chr	Start	End	Cytoband
rs10000013	chr4	37225068	37225069	4p14
rs10043129	chr5	24559815	24559816	5p14.2
rs10048648	chr2	26320314	26320315	2p23.3
rs10048683	chr2	26320518	26320519	2p23.3
rs10059884	chr5	32832473	32832474	5p13.3
rs10075038	chr5	24563301	24563302	5p14.2
rs1008003	chr3	8546991	8546992	3p26.1
rs1011281	chr1	42570833	42570834	1p34.2
rs10161889	chr13	29175772	29175773	13q12.3
rs1016646	chr8	20263407	20263408	8p21.3
rs10170359	chr2	26272218	26272219	2p23.3
rs10175625	chr2	108406240	108406241	2q12.3
rs10182857	chr2	26344410	26344411	2p23.3
rs10192364	chr2	121130141	121130142	2q14.2
rs10193735	chr2	26335747	26335748	2p23.3
rs10195915	chr2	108405532	108405533	2q12.3
rs10197346	chr2	26374244	26374245	2p23.3
rs10202478	chr2	26276048	26276049	2p23.3
rs1025193	chr4	37193927	37193928	4p14
rs1030730	chr2	26284142	26284143	2p23.3
rs10400634	chr13	77761209	77761210	13q22.3
rs10437061	chr1	42515694	42515695	1p34.2
rs1044499	chr3	87299074	87299075	3p11.2
rs10449246	chr1	224936294	224936295	1q42.12
rs10452218	chr4	152056664	152056665	4q31.3
rs10462251	chr5	24556171	24556172	5p14.2
rs10462252	chr5	24558060	24558061	5p14.2
rs10468280	chr16	53827478	53827479	16q12.2
rs10472513	chr5	24562010	24562011	5p14.2
rs10472514	chr5	24562021	24562022	5p14.2
rs10473697	chr5	24558679	24558680	5p14.2
rs10486406	chr7	25615390	25615391	7p15.2
rs10493437	chr1	68686628	68686629	1p31.3
rs10493438	chr1	68687696	68687697	1p31.3
rs10493440	chr1	68711838	68711839	1p31.3
rs10503679	chr8	20228007	20228008	8p21.3
rs10506011	chr12	26942529	26942530	12p11.23
rs10512269	chr9	102965381	102965382	9q31.1
rs10516425	chr4	98812588	98812589	4q23
rs10534038	chr2	26298367	26298368	2p23.3
rs10570089	chr9	102992548	102992549	9q31.1
rs10587183	chr6	30970121	30970122	6p21.33
rs10589394	chr20	5980029	5980030	20p12.3
rs10648333	chr13	29254071	29254072	13q12.3
rs10651466	chr10	134248331	134248332	10q26.3
rs10656186	chr5	38056438	38056439	5p13.2
rs1065711	chr6	31236852	31236853	6p21.33
rs10688714	chr13	29191348	29191349	13q12.3
rs10689765	chr5	24559238	24559239	5p14.2
rs10710779	chr2	26288366	26288367	2p23.3
rs10713268	chr4	152043093	152043094	4q31.3
rs10718688	chr16	53807004	53807005	16q12.2
rs10736422	chr1	42480319	42480320	1p34.2
rs10743565	chr12	25660578	25660579	12p12.1
rs10760707	chr9	102748187	102748188	9q31.1
rs10760708	chr9	102748196	102748197	9q31.1
rs10760719	chr9	102937532	102937533	9q31.1
rs10760721	chr9	102975659	102975660	9q31.1
rs10760722	chr9	102991313	102991314	9q31.1
rs10774624	chr12	111833787	111833788	12q24.12
rs10774625	chr12	111910218	111910219	12q24.12
rs10799466	chr1	228317684	228317685	1q42.13
rs10805764	chr5	24556004	24556005	5p14.2
rs10819721	chr9	102810359	102810360	9q31.1
rs10819725	chr9	102899638	102899639	9q31.1
rs10819726	chr9	102902223	102902224	9q31.1
rs10819727	chr9	102911666	102911667	9q31.1
rs10819729	chr9	102929454	102929455	9q31.1
rs10819730	chr9	102933935	102933936	9q31.1
rs10819731	chr9	102938673	102938674	9q31.1
rs10819732	chr9	102938736	102938737	9q31.1
rs10819733	chr9	102940776	102940777	9q31.1
rs10819736	chr9	102951774	102951775	9q31.1
rs10819738	chr9	102956212	102956213	9q31.1
rs10819740	chr9	102965943	102965944	9q31.1
rs10819741	chr9	102988881	102988882	9q31.1
rs10819742	chr9	102993660	102993661	9q31.1
rs10819743	chr9	102994208	102994209	9q31.1
rs10819745	chr9	103006049	103006050	9q31.1
rs10819746	chr9	103006121	103006122	9q31.1
rs10819747	chr9	103007140	103007141	9q31.1
rs10819748	chr9	103007489	103007490	9q31.1
rs10819749	chr9	103008444	103008445	9q31.1
rs10819750	chr9	103010113	103010114	9q31.1
rs10857147	chr4	81181071	81181072	4q21.21
rs10883969	chr10	105884115	105884116	10q25.1
rs10890170	chr1	42409521	42409522	1p34.2
rs10890176	chr1	42503949	42503950	1p34.2
rs10890177	chr1	42506380	42506381	1p34.2
rs10915708	chr1	224935262	224935263	1q42.12
rs10951078	chr7	25622338	25622339	7p15.2
rs10988932	chr9	102746341	102746342	9q31.1
rs10988936	chr9	102753130	102753131	9q31.1
rs10988944	chr9	102774214	102774215	9q31.1
rs10988948	chr9	102790678	102790679	9q31.1
rs10988952	chr9	102810428	102810429	9q31.1
rs10988954	chr9	102811208	102811209	9q31.1
rs10988955	chr9	102812195	102812196	9q31.1
rs10988956	chr9	102813316	102813317	9q31.1
rs10988957	chr9	102815454	102815455	9q31.1
rs10988960	chr9	102828189	102828190	9q31.1
rs10988964	chr9	102845065	102845066	9q31.1
rs10988966	chr9	102849350	102849351	9q31.1
rs10988967	chr9	102849538	102849539	9q31.1
rs10988972	chr9	102862538	102862539	9q31.1
rs10988977	chr9	102886935	102886936	9q31.1
rs10988978	chr9	102893754	102893755	9q31.1
rs10988979	chr9	102899070	102899071	9q31.1
rs10988980	chr9	102900493	102900494	9q31.1
rs10988981	chr9	102902931	102902932	9q31.1
rs10988982	chr9	102909071	102909072	9q31.1
rs10988983	chr9	102914495	102914496	9q31.1
rs10988984	chr9	102914690	102914691	9q31.1
rs10988988	chr9	102920805	102920806	9q31.1
rs10988989	chr9	102922306	102922307	9q31.1
rs10988992	chr9	102935968	102935969	9q31.1
rs10988993	chr9	102936504	102936505	9q31.1
rs10988994	chr9	102938850	102938851	9q31.1
rs10988996	chr9	102939192	102939193	9q31.1
rs10989000	chr9	102944057	102944058	9q31.1
rs10989003	chr9	102947172	102947173	9q31.1
rs10989004	chr9	102949219	102949220	9q31.1
rs10989006	chr9	102955095	102955096	9q31.1
rs10989007	chr9	102955237	102955238	9q31.1
rs10989008	chr9	102957882	102957883	9q31.1
rs10989010	chr9	102958105	102958106	9q31.1
rs10989012	chr9	102961005	102961006	9q31.1
rs10989013	chr9	102962866	102962867	9q31.1
rs10989015	chr9	102968622	102968623	9q31.1
rs10989017	chr9	102975918	102975919	9q31.1
rs10989018	chr9	102976370	102976371	9q31.1
rs10989019	chr9	102976540	102976541	9q31.1
rs10989020	chr9	102979728	102979729	9q31.1
rs10989024	chr9	102993863	102993864	9q31.1
rs10989025	chr9	102995270	102995271	9q31.1
rs10989026	chr9	102995412	102995413	9q31.1
rs10989027	chr9	103004545	103004546	9q31.1
rs10989030	chr9	103008236	103008237	9q31.1
rs10989033	chr9	103016938	103016939	9q31.1
rs10989034	chr9	103016939	103016940	9q31.1
rs11065979	chr12	112059556	112059557	12q24.12
rs11065987	chr12	112072423	112072424	12q24.12
rs11065991	chr12	112083161	112083162	12q24.12
rs11075985	chr16	53805206	53805207	16q12.2
rs11075988	chr16	53819770	53819771	16q12.2
rs11075989	chr16	53819876	53819877	16q12.2
rs11075990	chr16	53819892	53819893	16q12.2
rs11075991	chr16	53819936	53819937	16q12.2
rs11075992	chr16	53820065	53820066	16q12.2
rs11075993	chr16	53837143	53837144	16q12.2
rs11097583	chr4	98772363	98772364	4q22.3
rs11097586	chr4	98818305	98818306	4q23
rs11099097	chr4	81167308	81167309	4q21.21
rs11099098	chr4	81169911	81169912	4q21.21
rs11125082	chr2	46738288	46738289	2p21
rs11126335	chr2	26241160	26241161	2p23.3
rs11126336	chr2	26245930	26245931	2p23.3
rs11126339	chr2	26253222	26253223	2p23.3
rs11126340	chr2	26253254	26253255	2p23.3
rs11126364	chr2	26314514	26314515	2p23.3
rs11126375	chr2	26344786	26344787	2p23.3
rs111279592	chr6	31160596	31160597	6p21.33
rs111294643	chr4	98886486	98886487	4q23
rs111309007	chr6	30968286	30968287	6p21.33
rs111408454	chr4	152032557	152032558	4q31.3
rs111448534	chr4	152085876	152085877	4q31.3
rs111472572	chr13	29106773	29106774	13q12.3
rs11147336	chr13	29144348	29144349	13q12.3
rs111587904	chr4	152036895	152036896	4q31.3
rs111815885	chr13	29106785	29106786	13q12.3
rs111945690	chr4	152160470	152160471	4q31.3
rs112058697	chr4	152060538	152060539	4q31.3
rs1120711	chr4	60864134	60864135	4q13.1
rs11209235	chr1	68708257	68708258	1p31.3
rs11209236	chr1	68714190	68714191	1p31.3
rs11210563	chr1	42494632	42494633	1p34.2
rs11210570	chr1	42518531	42518532	1p34.2
rs11210573	chr1	42531025	42531026	1p34.2
rs112110144	chr9	102949993	102949994	9q31.1
rs112131579	chr1	11837648	11837649	1p36.22
rs1121980	chr16	53809246	53809247	16q12.2
rs112247184	chr13	29249864	29249865	13q12.3
rs112503281	chr4	152076937	152076938	4q31.3
rs112505949	chr9	103052670	103052671	9q31.1
rs112632364	chr3	8568180	8568181	3p26.1
rs112652609	chr9	102839643	102839644	9q31.1
rs112656440	chr20	57736330	57736331	20q13.32
rs11267660	chr2	26307579	26307580	2p23.3
rs112809986	chr4	152131784	152131785	4q31.3
rs11286148	chr2	26277894	26277895	2p23.3
rs112862994	chr1	11841880	11841881	1p36.22
rs113039174	chr13	29106769	29106770	13q12.3
rs113046103	chr11	70692985	70692986	11q13.4
rs11309021	chr9	102950916	102950917	9q31.1
rs11315031	chr2	26312290	26312291	2p23.3
rs11316130	chr13	29215126	29215127	13q12.3
rs113289271	chr1	11881946	11881947	1p36.22
rs113314924	chr4	151137617	151137618	4q31.3
rs11348745	chr9	103051249	103051250	9q31.1
rs11353606	chr1	42496250	42496251	1p34.2
rs11355375	chr2	26338184	26338185	2p23.3
rs11358915	chr2	26333740	26333741	2p23.3
rs11383131	chr3	169177555	169177556	3q26.2
rs11384453	chr2	26253646	26253647	2p23.3
rs11384901	chr9	102988035	102988036	9q31.1
rs113935429	chr16	53822168	53822169	16q12.2
rs113980419	chr1	11835069	11835070	1p36.22
rs11403967	chr1	42486163	42486164	1p34.2
rs114083374	chr1	11874430	11874431	1p36.22
rs114250359	chr3	87137386	87137387	3p12.1
rs114270016	chr9	102987622	102987623	9q31.1
rs11429310	chr2	121123087	121123088	2q14.2
rs114519756	chr4	98606038	98606039	4q22.3
rs114540413	chr1	11869615	11869616	1p36.22
rs114672770	chr2	16372552	16372553	2p24.3
rs114703480	chr9	102907710	102907711	9q31.1
rs11483711	chr20	5959243	5959244	20p12.3
rs11496529	chr9	102996355	102996356	9q31.1
rs11496605	chr9	102942886	102942887	9q31.1
rs11496606	chr9	102997816	102997817	9q31.1
rs11513729	chr12	112273498	112273499	12q24.12
rs11515448	chr9	102800287	102800288	9q31.1
rs11515540	chr9	102906448	102906449	9q31.1
rs1155393	chr4	37207882	37207883	4p14
rs115712867	chr3	87206966	87206967	3p11.2
rs115716217	chr4	98610109	98610110	4q22.3
rs11572427	chr1	217199612	217199613	1q41
rs11572435	chr1	217192038	217192039	1q41
rs11572443	chr1	217171906	217171907	1q41
rs11572453	chr1	217160938	217160939	1q41
rs11572454	chr1	217160797	217160798	1q41
rs11576344	chr1	217164654	217164655	1q41
rs11577589	chr1	217221935	217221936	1q41
rs11585218	chr1	217191488	217191489	1q41
rs11585774	chr1	217222414	217222415	1q41
rs1158715	chr5	32788368	32788369	5p13.3
rs11587690	chr1	217136448	217136449	1q41
rs115877625	chr1	217187186	217187187	1q41
rs11600901	chr11	118031985	118031986	11q23.3
rs116025100	chr6	30935289	30935290	6p21.33
rs116044014	chr3	87141395	87141396	3p12.1
rs11608057	chr11	118030184	118030185	11q23.3
rs11608072	chr11	118030085	118030086	11q23.3
rs11608432	chr12	26865959	26865960	12p11.23
rs11608752	chr12	26957736	26957737	12p11.23
rs11609470	chr12	26867509	26867510	12p11.23
rs11614041	chr12	26891529	26891530	12p11.23
rs11614123	chr12	26891919	26891920	12p11.23
rs11614617	chr12	26957735	26957736	12p11.23
rs11614652	chr12	26958001	26958002	12p11.23
rs11615177	chr12	26923643	26923644	12p11.23
rs11616879	chr13	29095434	29095435	13q12.3
rs11617538	chr13	29088722	29088723	13q12.3
rs11617740	chr13	102680125	102680126	13q33.1
rs11617946	chr13	29144459	29144460	13q12.3
rs11619087	chr13	29144041	29144042	13q12.3
rs11619261	chr13	29078076	29078077	13q12.3
rs11619581	chr13	29149864	29149865	13q12.3
rs11619589	chr13	29149919	29149920	13q12.3
rs11619793	chr13	29085257	29085258	13q12.3
rs116306020	chr6	30962677	30962678	6p21.33
rs11642015	chr16	53802493	53802494	16q12.2
rs116422234	chr1	11871727	11871728	1p36.22
rs11649091	chr16	53845168	53845169	16q12.2
rs116492577	chr9	102941541	102941542	9q31.1
rs116525622	chr3	87244326	87244327	3p11.2
rs11667829	chr19	45739674	45739675	19q13.32
rs11677219	chr2	26281238	26281239	2p23.3
rs11678157	chr2	26321525	26321526	2p23.3
rs11680281	chr2	26384065	26384066	2p23.3
rs116802846	chr3	87139810	87139811	3p12.1
rs11680666	chr2	108407731	108407732	2q12.3
rs11687911	chr2	26242201	26242202	2p23.3
rs116928287	chr14	53782171	53782172	14q22.1
rs11695165	chr2	26242468	26242469	2p23.3
rs11699020	chr20	5959351	5959352	20p12.3
rs11699124	chr20	5940277	5940278	20p12.3
rs117018584	chr14	53783295	53783296	14q22.1
rs11707002	chr3	8580236	8580237	3p26.1
rs117174011	chr8	20260390	20260391	8p21.3
rs11719139	chr3	8584645	8584646	3p26.1
rs117250195	chr14	53809635	53809636	14q22.1
rs117304741	chr13	29086729	29086730	13q12.3
rs1173727	chr5	32830520	32830521	5p13.3
rs1173743	chr5	32775046	32775047	5p13.3
rs1173747	chr5	32782151	32782152	5p13.3
rs1173756	chr5	32789851	32789852	5p13.3
rs1173760	chr5	32798125	32798126	5p13.3
rs1173763	chr5	32800384	32800385	5p13.3
rs1173766	chr5	32804527	32804528	5p13.3
rs1173768	chr5	32805030	32805031	5p13.3
rs1173770	chr5	32821210	32821211	5p13.3
rs1173771	chr5	32815027	32815028	5p13.3
rs11744678	chr5	24563461	24563462	5p14.2
rs11744781	chr5	24563833	24563834	5p14.2
rs11745444	chr5	24563934	24563935	5p14.2
rs11748166	chr5	24563861	24563862	5p14.2
rs117484894	chr9	102906134	102906135	9q31.1
rs117657404	chr8	20277060	20277061	8p21.3
rs1177764	chr5	32829974	32829975	5p13.3
rs1178627	chr13	77647088	77647089	13q22.3
rs11789335	chr9	102992329	102992330	9q31.1
rs11789482	chr9	102974746	102974747	9q31.1
rs11790004	chr9	102923117	102923118	9q31.1
rs11790431	chr9	103046915	103046916	9q31.1
rs11793448	chr9	102940983	102940984	9q31.1
rs117937470	chr13	29095787	29095788	13q12.3
rs118000352	chr8	20198278	20198279	8p21.3
rs118179204	chr4	60854174	60854175	4q13.1
rs11842917	chr13	77750113	77750114	13q22.3
rs11899035	chr2	26244449	26244450	2p23.3
rs11998890	chr9	102933635	102933636	9q31.1
rs11999915	chr9	102928005	102928006	9q31.1
rs12000239	chr9	102951703	102951704	9q31.1
rs12000731	chr9	102987463	102987464	9q31.1
rs12003061	chr9	102989545	102989546	9q31.1
rs12003124	chr9	102989891	102989892	9q31.1
rs12003468	chr9	103043089	103043090	9q31.1
rs12005668	chr9	102951701	102951702	9q31.1
rs12005926	chr9	102927789	102927790	9q31.1
rs12027526	chr1	68690252	68690253	1p31.3
rs12028757	chr1	68686110	68686111	1p31.3
rs12041198	chr1	42513505	42513506	1p34.2
rs12041665	chr1	68705984	68705985	1p31.3
rs12042133	chr1	42499364	42499365	1p34.2
rs12047406	chr1	68696213	68696214	1p31.3
rs12050029	chr13	29227518	29227519	13q12.3
rs12056831	chr8	20304176	20304177	8p21.3
rs12059671	chr1	217162791	217162792	1q41
rs12109932	chr5	24563284	24563285	5p14.2
rs12110021	chr5	24563287	24563288	5p14.2
rs12149574	chr16	53840524	53840525	16q12.2
rs12149832	chr16	53842907	53842908	16q12.2
rs12163653	chr4	99088478	99088479	4q23
rs12187170	chr5	32801042	32801043	5p13.3
rs12262273	chr10	134244679	134244680	10q26.3
rs12263214	chr10	134252216	134252217	10q26.3
rs12377746	chr9	102920372	102920373	9q31.1
rs12377835	chr9	102930256	102930257	9q31.1
rs12379327	chr9	102924864	102924865	9q31.1
rs12379553	chr9	102941304	102941305	9q31.1
rs12380809	chr9	102941275	102941276	9q31.1
rs12431203	chr13	77488735	77488736	13q22.3
rs12469163	chr2	26283586	26283587	2p23.3
rs12470532	chr2	46738845	46738846	2p21
rs12471809	chr2	26307139	26307140	2p23.3
rs12473626	chr2	46716827	46716828	2p21
rs12474287	chr2	46738890	46738891	2p21
rs12475854	chr2	26267374	26267375	2p23.3
rs12476190	chr2	26310537	26310538	2p23.3
rs1248993	chr10	29027222	29027223	10p12.1
rs1248995	chr10	29028135	29028136	10p12.1
rs1248997	chr10	29028535	29028536	10p12.1
rs1249001	chr10	29030218	29030219	10p12.1
rs1249003	chr10	29030690	29030691	10p12.1
rs12509595	chr4	81182553	81182554	4q21.21
rs12561919	chr1	11839922	11839923	1p36.22
rs12563946	chr1	68692743	68692744	1p31.3
rs12564002	chr1	11870730	11870731	1p36.22
rs12564593	chr1	11878618	11878619	1p36.22
rs12565990	chr1	11870859	11870860	1p36.22
rs12566905	chr1	11839791	11839792	1p36.22
rs12567119	chr1	11883530	11883531	1p36.22
rs12567136	chr1	11883730	11883731	1p36.22
rs12614054	chr2	26352160	26352161	2p23.3
rs12622286	chr2	121126278	121126279	2q14.2
rs12641856	chr4	182609864	182609865	4q34.3
rs12653109	chr5	38089106	38089107	5p13.2
rs12653166	chr5	24558805	24558806	5p14.2
rs1265564	chr12	111708457	111708458	12q24.12
rs1265565	chr12	111715196	111715197	12q24.12
rs12656497	chr5	32831938	32831939	5p13.3
rs12670768	chr7	25613245	25613246	7p15.2
rs12697647	chr5	24560801	24560802	5p14.2
rs12697648	chr5	24560864	24560865	5p14.2
rs12697649	chr5	24560986	24560987	5p14.2
rs12697650	chr5	24561052	24561053	5p14.2
rs12697651	chr5	24561187	24561188	5p14.2
rs12697652	chr5	24561189	24561190	5p14.2
rs12711941	chr2	121123382	121123383	2q14.2
rs12713758	chr2	26244343	26244344	2p23.3
rs12715649	chr3	8556616	8556617	3p26.1
rs12715650	chr3	8556783	8556784	3p26.1
rs12715651	chr3	8582662	8582663	3p26.1
rs12723476	chr1	217206764	217206765	1q41
rs12724974	chr1	217194450	217194451	1q41
rs12728033	chr1	217149608	217149609	1q41
rs12731437	chr1	217187025	217187026	1q41
rs12738035	chr1	217182707	217182708	1q41
rs12741457	chr1	217188450	217188451	1q41
rs12741622	chr1	217167412	217167413	1q41
rs12742532	chr1	42588630	42588631	1p34.2
rs12743080	chr1	217157712	217157713	1q41
rs12747869	chr1	217193282	217193283	1q41
rs12748650	chr1	217177340	217177341	1q41
rs12750129	chr1	217204374	217204375	1q41
rs12756498	chr1	217205636	217205637	1q41
rs12759546	chr1	217188504	217188505	1q41
rs12759584	chr1	217188580	217188581	1q41
rs12759670	chr1	217188503	217188504	1q41
rs12774734	chr10	134244163	134244164	10q26.3
rs12775406	chr10	134239227	134239228	10q26.3
rs12869227	chr13	77846135	77846136	13q22.3
rs12986653	chr2	46718089	46718090	2p21
rs12986899	chr2	46660751	46660752	2p21
rs12990567	chr2	108398422	108398423	2q12.3
rs13001507	chr2	46720531	46720532	2p21
rs13002880	chr2	46708128	46708129	2p21
rs13003074	chr2	46671419	46671420	2p21
rs13005507	chr2	46733389	46733390	2p21
rs13007198	chr2	26352029	26352030	2p23.3
rs13007688	chr2	46721239	46721240	2p21
rs13008418	chr2	46744422	46744423	2p21
rs13008445	chr2	46744457	46744458	2p21
rs13008941	chr2	46744494	46744495	2p21
rs13010097	chr2	46745023	46745024	2p21
rs13014744	chr2	46743124	46743125	2p21
rs13018039	chr2	46740657	46740658	2p21
rs13020043	chr2	46698430	46698431	2p21
rs13020237	chr2	26241771	26241772	2p23.3
rs13023346	chr2	46746674	46746675	2p21
rs13024277	chr2	46734069	46734070	2p21
rs13024414	chr2	46687061	46687062	2p21
rs13024546	chr2	46734324	46734325	2p21
rs13025211	chr2	46734651	46734652	2p21
rs13025837	chr2	26244443	26244444	2p23.3
rs13030579	chr2	46717742	46717743	2p21
rs13030858	chr2	26315450	26315451	2p23.3
rs1305080	chr13	29255689	29255690	13q12.3
rs1305081	chr13	29254870	29254871	13q12.3
rs13075586	chr3	8557845	8557846	3p26.1
rs13122498	chr4	60853524	60853525	4q13.1
rs13125101	chr4	81174591	81174592	4q21.21
rs13147475	chr4	60844946	60844947	4q13.1
rs13149993	chr4	81158544	81158545	4q21.21
rs13161007	chr5	38091908	38091909	5p13.2
rs13181110	chr5	38091920	38091921	5p13.2
rs1323038	chr13	77497174	77497175	13q22.3
rs13250760	chr8	25946201	25946202	8p21.2
rs1325504	chr1	42400930	42400931	1p34.2
rs13261264	chr8	25937870	25937871	8p21.2
rs13267655	chr8	25938765	25938766	8p21.2
rs1327711	chr1	42495948	42495949	1p34.2
rs13280366	chr8	25939457	25939458	8p21.2
rs13306553	chr1	11860116	11860117	1p36.22
rs13306556	chr1	11852109	11852110	1p36.22
rs13306561	chr1	11865803	11865804	1p36.22
rs13323913	chr3	8582422	8582423	3p26.1
rs13323921	chr3	8582471	8582472	3p26.1
rs13362538	chr5	32792768	32792769	5p13.3
rs1338120	chr9	102969931	102969932	9q31.1
rs13393114	chr2	26361318	26361319	2p23.3
rs13397631	chr2	108398242	108398243	2q12.3
rs13406614	chr2	26361729	26361730	2p23.3
rs13414755	chr2	108417525	108417526	2q12.3
rs13415031	chr2	108417600	108417601	2q12.3
rs13418371	chr2	26243204	26243205	2p23.3
rs1345597	chr5	32790615	32790616	5p13.3
rs1346184	chr4	37174123	37174124	4p14
rs1346186	chr4	37204457	37204458	4p14
rs1347422	chr4	37224200	37224201	4p14
rs1354264	chr7	25615220	25615221	7p15.2
rs1371553	chr2	26262947	26262948	2p23.3
rs1380744	chr4	60865241	60865242	4q13.1
rs1380745	chr4	60865161	60865162	4q13.1
rs138147185	chr4	98651005	98651006	4q22.3
rs138252948	chr1	11873505	11873506	1p36.22
rs138382362	chr13	39900337	39900338	13q13.3
rs138460149	chr1	11886382	11886383	1p36.22
rs138473600	chr1	11880754	11880755	1p36.22
rs138763243	chr9	102919252	102919253	9q31.1
rs139104703	chr9	103018840	103018841	9q31.1
rs139168460	chr2	46700049	46700050	2p21
rs139263101	chr3	87144003	87144004	3p12.1
rs139348312	chr1	11841921	11841922	1p36.22
rs139433634	chr13	77775583	77775584	13q22.3
rs139437272	chr8	20274843	20274844	8p21.3
rs1395024	chr5	24560712	24560713	5p14.2
rs139569786	chr1	11871585	11871586	1p36.22
rs139756876	chr2	26297053	26297054	2p23.3
rs139810107	chr3	87259878	87259879	3p11.2
rs140116067	chr4	98717781	98717782	4q22.3
rs140250078	chr2	26336611	26336612	2p23.3
rs140442537	chr3	133059299	133059300	3q22.1
rs140479110	chr5	38050883	38050884	5p13.2
rs140586031	chr1	11871713	11871714	1p36.22
rs140625660	chr13	39906657	39906658	13q13.3
rs1408948	chr1	42417705	42417706	1p34.2
rs141014640	chr17	63533623	63533624	17q24.1
rs141240724	chr3	87245340	87245341	3p11.2
rs141326273	chr8	20243892	20243893	8p21.3
rs141488232	chr9	102869230	102869231	9q31.1
rs141567582	chr1	11836232	11836233	1p36.22
rs1415927	chr9	102911705	102911706	9q31.1
rs1416537	chr1	217161592	217161593	1q41
rs1416538	chr1	217161594	217161595	1q41
rs141749915	chr3	87145056	87145057	3p12.1
rs1418875	chr4	37170859	37170860	4p14
rs1421085	chr16	53800953	53800954	16q12.2
rs1421086	chr16	53801342	53801343	16q12.2
rs142118517	chr4	98702453	98702454	4q22.3
rs142218582	chr1	11875030	11875031	1p36.22
rs142489028	chr1	11880759	11880760	1p36.22
rs1426401	chr4	37198776	37198777	4p14
rs1426402	chr4	37198259	37198260	4p14
rs1426409	chr4	37173943	37173944	4p14
rs142704287	chr3	87260578	87260579	3p11.2
rs142755293	chr4	98754066	98754067	4q22.3
rs142774631	chr1	11832911	11832912	1p36.22
rs142803460	chr9	102941590	102941591	9q31.1
rs142880174	chr9	103045094	103045095	9q31.1
rs14297	chr9	102744007	102744008	9q31.1
rs143241023	chr3	149251683	149251684	3q25.1
rs143247712	chr9	103017688	103017689	9q31.1
rs143351723	chr3	87142063	87142064	3p12.1
rs143370397	chr2	46703818	46703819	2p21
rs1434079	chr2	26284669	26284670	2p23.3
rs143491741	chr13	39907086	39907087	13q13.3
rs1435384	chr4	37228789	37228790	4p14
rs143551680	chr9	102943656	102943657	9q31.1
rs143553702	chr1	11874992	11874993	1p36.22
rs143579542	chr9	102900912	102900913	9q31.1
rs143686796	chr9	102899841	102899842	9q31.1
rs143745027	chr3	87144016	87144017	3p12.1
rs143847935	chr8	20253487	20253488	8p21.3
rs143906279	chr4	98718301	98718302	4q22.3
rs143918050	chr4	152516935	152516936	4q31.3
rs144020102	chr4	98662208	98662209	4q22.3
rs144340461	chr9	102906252	102906253	9q31.1
rs144562208	chr9	102941718	102941719	9q31.1
rs144727070	chr5	24538793	24538794	5p14.2
rs144744389	chr9	102983869	102983870	9q31.1
rs144795462	chr1	11874871	11874872	1p36.22
rs144875757	chr9	102919104	102919105	9q31.1
rs144954346	chr4	98844032	98844033	4q23
rs1449569	chr12	26911466	26911467	12p11.23
rs144981644	chr12	26934302	26934303	12p11.23
rs145055363	chr4	98866868	98866869	4q23
rs145059949	chr9	102926210	102926211	9q31.1
rs145405535	chr9	102903310	102903311	9q31.1
rs145421873	chr2	46703566	46703567	2p21
rs145527063	chr2	46700696	46700697	2p21
rs145532725	chr9	102988189	102988190	9q31.1
rs145583144	chr4	98593547	98593548	4q22.3
rs145595533	chr3	87147363	87147364	3p12.1
rs1456204	chr4	98738567	98738568	4q22.3
rs145628269	chr1	11873495	11873496	1p36.22
rs145641960	chr1	11869652	11869653	1p36.22
rs145664673	chr4	98871015	98871016	4q23
rs145724263	chr1	11880740	11880741	1p36.22
rs145743608	chr3	87237110	87237111	3p11.2
rs1458038	chr4	81164722	81164723	4q21.21
rs1460344	chr4	60856016	60856017	4q13.1
rs1460345	chr4	60852464	60852465	4q13.1
rs146329832	chr3	87144214	87144215	3p12.1
rs146438129	chr8	20292359	20292360	8p21.3
rs146592317	chr4	152081181	152081182	4q31.3
rs146737787	chr1	11831353	11831354	1p36.22
rs146755331	chr3	87261697	87261698	3p11.2
rs146777460	chr1	11880767	11880768	1p36.22
rs146924724	chr2	26250880	26250881	2p23.3
rs146943491	chr9	102752846	102752847	9q31.1
rs146968478	chr3	87145071	87145072	3p12.1
rs1470096	chr2	26311481	26311482	2p23.3
rs1470097	chr2	26312839	26312840	2p23.3
rs147033539	chr13	29075414	29075415	13q12.3
rs147068930	chr4	98775587	98775588	4q22.3
rs147124396	chr1	11880748	11880749	1p36.22
rs147315999	chr14	53765139	53765140	14q22.1
rs147388857	chr4	98828867	98828868	4q23
rs147404198	chr9	102987620	102987621	9q31.1
rs147648261	chr8	20228251	20228252	8p21.3
rs147795300	chr4	98702609	98702610	4q22.3
rs147927763	chr8	20213212	20213213	8p21.3
rs148003836	chr1	217157141	217157142	1q41
rs148054583	chr2	26289645	26289646	2p23.3
rs148055173	chr4	98752904	98752905	4q22.3
rs148056262	chr9	102941796	102941797	9q31.1
rs148063150	chr4	98825002	98825003	4q23
rs148273372	chr3	87139231	87139232	3p12.1
rs148317339	chr3	132973081	132973082	3q22.1
rs148377116	chr3	87241789	87241790	3p11.2
rs148627785	chr14	53677126	53677127	14q22.1
rs148655115	chr4	98662221	98662222	4q22.3
rs1488366	chr3	87256535	87256536	3p11.2
rs148918619	chr12	25661044	25661045	12p12.1
rs149002827	chr1	11880747	11880748	1p36.22
rs149019077	chr4	98737893	98737894	4q22.3
rs149090958	chr3	87267876	87267877	3p11.2
rs149278028	chr1	42478100	42478101	1p34.2
rs149291303	chr10	29029878	29029879	10p12.1
rs1493586	chr3	8563454	8563455	3p26.1
rs1493587	chr3	8563476	8563477	3p26.1
rs1493588	chr3	8568955	8568956	3p26.1
rs1493590	chr3	8569193	8569194	3p26.1
rs149393118	chr1	11874854	11874855	1p36.22
rs149427560	chr13	29105869	29105870	13q12.3
rs149433236	chr3	93733792	93733793	3q11.1
rs149555792	chr1	11872475	11872476	1p36.22
rs149578880	chr3	87146496	87146497	3p12.1
rs149660998	chr4	98785339	98785340	4q22.3
rs149764880	chr1	11880730	11880731	1p36.22
rs149867667	chr14	53702659	53702660	14q22.1
rs149887954	chr5	32802388	32802389	5p13.3
rs150081366	chr3	87254046	87254047	3p11.2
rs150165613	chr1	11840977	11840978	1p36.22
rs150184132	chr6	30960932	30960933	6p21.33
rs150515479	chr4	98825100	98825101	4q23
rs1505885	chr5	24556831	24556832	5p14.2
rs1505886	chr5	24561623	24561624	5p14.2
rs1505887	chr5	24562243	24562244	5p14.2
rs1505888	chr5	24564477	24564478	5p14.2
rs150636048	chr9	103036626	103036627	9q31.1
rs150850937	chr3	87238159	87238160	3p11.2
rs151020349	chr4	98656770	98656771	4q22.3
rs151283376	chr9	102914507	102914508	9q31.1
rs1529195	chr9	102848686	102848687	9q31.1
rs1530621	chr2	46688687	46688688	2p21
rs1530624	chr2	46658398	46658399	2p21
rs1537514	chr1	11848067	11848068	1p36.22
rs1537515	chr1	11847901	11847902	1p36.22
rs1537516	chr1	11847860	11847861	1p36.22
rs1550381	chr2	26266945	26266946	2p23.3
rs1550382	chr2	26266876	26266877	2p23.3
rs1553398	chr7	25620957	25620958	7p15.2
rs1553399	chr7	25620865	25620866	7p15.2
rs1556832	chr20	4215556	4215557	20p13
rs1558901	chr16	53803186	53803187	16q12.2
rs1558902	chr16	53803573	53803574	16q12.2
rs1558951	chr1	42514601	42514602	1p34.2
rs1560868	chr2	26281458	26281459	2p23.3
rs1562687	chr3	8569208	8569209	3p26.1
rs1572879	chr13	29223087	29223088	13q12.3
rs1572880	chr13	29222963	29222964	13q12.3
rs1572881	chr13	29215903	29215904	13q12.3
rs1574448	chr10	134237424	134237425	10q26.3
rs1574449	chr10	134237275	134237276	10q26.3
rs1583938	chr2	108411118	108411119	2q12.3
rs1597040	chr2	46673902	46673903	2p21
rs1622174	chr4	37202413	37202414	4p14
rs1628456	chr4	37215617	37215618	4p14
rs1642645	chr1	42502280	42502281	1p34.2
rs1648392	chr4	37197361	37197362	4p14
rs1648394	chr4	37194789	37194790	4p14
rs1648399	chr4	37183328	37183329	4p14
rs1648407	chr4	37172354	37172355	4p14
rs1656210	chr4	37207780	37207781	4p14
rs1656211	chr4	37202822	37202823	4p14
rs16873895	chr7	25613512	25613513	7p15.2
rs16873899	chr7	25615914	25615915	7p15.2
rs16873909	chr7	25617722	25617723	7p15.2
rs169187	chr5	38056270	38056271	5p13.2
rs16918986	chr9	102970257	102970258	9q31.1
rs16919002	chr9	102983333	102983334	9q31.1
rs16919015	chr9	103003225	103003226	9q31.1
rs16919019	chr9	103011586	103011587	9q31.1
rs16919024	chr9	103027689	103027690	9q31.1
rs16931328	chr12	26898753	26898754	12p11.23
rs16998073	chr4	81184340	81184341	4q21.21
rs17023900	chr3	87134799	87134800	3p12.1
rs17023902	chr3	87135628	87135629	3p12.1
rs17023943	chr3	87171609	87171610	3p12.1
rs17024019	chr3	87257422	87257423	3p11.2
rs17024050	chr3	87264377	87264378	3p11.2
rs17024051	chr3	87265901	87265902	3p11.2
rs17024052	chr3	87266076	87266077	3p11.2
rs17026747	chr4	151107794	151107795	4q31.3
rs17026931	chr4	98669242	98669243	4q22.3
rs17026997	chr4	98712635	98712636	4q22.3
rs17027027	chr4	98797993	98797994	4q22.3
rs17027094	chr4	98906115	98906116	4q23
rs17027380	chr4	99157449	99157450	4q23
rs1703301	chr5	38058558	38058559	5p13.2
rs17037388	chr1	11858035	11858036	1p36.22
rs17037390	chr1	11860842	11860843	1p36.22
rs17037396	chr1	11862046	11862047	1p36.22
rs17037425	chr1	11870382	11870383	1p36.22
rs17037427	chr1	11873415	11873416	1p36.22
rs17037429	chr1	11873786	11873787	1p36.22
rs17037432	chr1	11874153	11874154	1p36.22
rs17037434	chr1	11874177	11874178	1p36.22
rs17037435	chr1	11874188	11874189	1p36.22
rs17037452	chr1	11895674	11895675	1p36.22
rs17040322	chr2	26351273	26351274	2p23.3
rs17041530	chr1	217165154	217165155	1q41
rs17041540	chr1	217165286	217165287	1q41
rs17044587	chr1	217145138	217145139	1q41
rs17044788	chr1	217162442	217162443	1q41
rs17044806	chr1	217163733	217163734	1q41
rs17044977	chr1	217195427	217195428	1q41
rs1705406	chr12	25664294	25664295	12p12.1
rs17059659	chr13	39898373	39898374	13q13.3
rs17067242	chr13	77712838	77712839	13q22.3
rs17068625	chr13	39909495	39909496	13q13.3
rs17087026	chr13	29244458	29244459	13q12.3
rs17092258	chr8	20193103	20193104	8p21.3
rs17092492	chr8	20315914	20315915	8p21.3
rs17126347	chr14	53798281	53798282	14q22.1
rs17130574	chr1	68665848	68665849	1p31.3
rs17130583	chr1	68674956	68674957	1p31.3
rs17130585	chr1	68682110	68682111	1p31.3
rs171839	chr20	57726028	57726029	20q13.32
rs17189980	chr6	30986039	30986040	6p21.33
rs17195603	chr3	149229984	149229985	3q25.1
rs17195631	chr3	149242595	149242596	3q25.1
rs17195637	chr3	149242710	149242711	3q25.1
rs17196290	chr6	30978023	30978024	6p21.33
rs1729011	chr5	38058517	38058518	5p13.2
rs17356664	chr19	45740770	45740771	19q13.32
rs17367504	chr1	11862777	11862778	1p36.22
rs17367629	chr1	11865235	11865236	1p36.22
rs17376286	chr1	11873984	11873985	1p36.22
rs17402108	chr12	26872083	26872084	12p11.23
rs17402857	chr12	26903453	26903454	12p11.23
rs17403667	chr12	26945222	26945223	12p11.23
rs17404179	chr12	26959426	26959427	12p11.23
rs17412582	chr8	20215573	20215574	8p21.3
rs17412623	chr8	20221585	20221586	8p21.3
rs17412734	chr8	20246666	20246667	8p21.3
rs17412740	chr8	20246757	20246758	8p21.3
rs17412978	chr8	20275295	20275296	8p21.3
rs17419467	chr8	20283049	20283050	8p21.3
rs17421560	chr1	11858323	11858324	1p36.22
rs17457987	chr5	24513819	24513820	5p14.2
rs17480623	chr12	26874860	26874861	12p11.23
rs17480721	chr12	26877787	26877788	12p11.23
rs17480784	chr12	26878576	26878577	12p11.23
rs17480798	chr12	26878765	26878766	12p11.23
rs17480903	chr12	26883983	26883984	12p11.23
rs17481043	chr12	26889436	26889437	12p11.23
rs17481320	chr12	26904001	26904002	12p11.23
rs17482515	chr12	26957495	26957496	12p11.23
rs17490756	chr8	20207180	20207181	8p21.3
rs17490805	chr8	20217927	20217928	8p21.3
rs17490847	chr8	20220609	20220610	8p21.3
rs17490895	chr8	20227696	20227697	8p21.3
rs17491153	chr8	20273249	20273250	8p21.3
rs17529	chr4	37175718	37175719	4p14
rs1754989	chr13	29248896	29248897	13q12.3
rs1754991	chr13	29246922	29246923	13q12.3
rs17555115	chr13	29143823	29143824	13q12.3
rs17590635	chr13	39898601	39898602	13q13.3
rs17628742	chr13	39900597	39900598	13q13.3
rs17629979	chr13	29099265	29099266	13q12.3
rs17635718	chr1	217185974	217185975	1q41
rs17636663	chr1	217208749	217208750	1q41
rs17636747	chr2	105877869	105877870	2q12.1
rs17686743	chr1	217184179	217184180	1q41
rs17686866	chr1	217185264	217185265	1q41
rs17697830	chr16	76023845	76023846	16q23.1
rs1771191	chr13	29249865	29249866	13q12.3
rs1776511	chr4	37193625	37193626	4p14
rs1776514	chr4	37189316	37189317	4p14
rs1776520	chr4	37179919	37179920	4p14
rs1776540	chr4	37205128	37205129	4p14
rs1776542	chr4	37206811	37206812	4p14
rs1776561	chr4	37217233	37217234	4p14
rs1776565	chr4	37225805	37225806	4p14
rs1776566	chr4	37225831	37225832	4p14
rs1776568	chr4	37229584	37229585	4p14
rs17784233	chr3	8570389	8570390	3p26.1
rs17787916	chr3	149232896	149232897	3q25.1
rs17787940	chr3	149250588	149250589	3q25.1
rs17817004	chr2	46735422	46735423	2p21
rs17817449	chr16	53813366	53813367	16q12.2
rs17817497	chr16	53815434	53815435	16q12.2
rs17817712	chr16	53821124	53821125	16q12.2
rs17817964	chr16	53828065	53828066	16q12.2
rs1792069	chr13	29251593	29251594	13q12.3
rs180711087	chr4	98907118	98907119	4q23
rs1817219	chr4	98665086	98665087	4q22.3
rs1817900	chr5	38087766	38087767	5p13.2
rs1817901	chr5	38087809	38087810	5p13.2
rs181793400	chr18	59589202	59589203	18q21.33
rs1818146	chr7	25614088	25614089	7p15.2
rs183173	chr20	57726104	57726105	20q13.32
rs1834646	chr4	98883124	98883125	4q23
rs184144101	chr18	59708320	59708321	18q21.33
rs1846049	chr3	87228819	87228820	3p11.2
rs1847841	chr5	24557212	24557213	5p14.2
rs1847842	chr5	24557447	24557448	5p14.2
rs1847843	chr5	24557485	24557486	5p14.2
rs185058905	chr3	87146587	87146588	3p12.1
rs1869081	chr4	98730542	98730543	4q22.3
rs187046545	chr4	98662211	98662212	4q22.3
rs1873944	chr3	8553086	8553087	3p26.1
rs1874170	chr5	38085158	38085159	5p13.2
rs1890555	chr1	217190603	217190604	1q41
rs1900591	chr2	46697967	46697968	2p21
rs1902859	chr4	81157702	81157703	4q21.21
rs1910964	chr5	24556627	24556628	5p14.2
rs1918975	chr3	169179875	169179876	3q26.2
rs1918978	chr3	169191427	169191428	3q26.2
rs192147833	chr4	98661949	98661950	4q22.3
rs192240291	chr3	87144031	87144032	3p12.1
rs1947220	chr3	8562636	8562637	3p26.1
rs1969954	chr13	77767988	77767989	13q22.3
rs1994876	chr3	8549664	8549665	3p26.1
rs199709220	chr3	87143377	87143378	3p12.1
rs199827403	chr3	87141399	87141400	3p12.1
rs199951680	chr3	87184133	87184134	3p12.1
rs199952722	chr16	53799277	53799278	16q12.2
rs2001181	chr6	31236997	31236998	6p21.33
rs200198255	chr14	53777002	53777003	14q22.1
rs200397449	chr3	87243145	87243146	3p11.2
rs200524100	chr3	87192520	87192521	3p12.1
rs2005365	chr8	20231016	20231017	8p21.3
rs200713829	chr14	53639569	53639570	14q22.1
rs200738415	chr1	11833973	11833974	1p36.22
rs200750151	chr20	57738069	57738070	20q13.32
rs200759064	chr6	31220053	31220054	6p21.33
rs200999583	chr3	87144072	87144073	3p12.1
rs201273831	chr3	87238353	87238354	3p11.2
rs2013002	chr12	112200149	112200150	12q24.12
rs201340576	chr1	11872701	11872702	1p36.22
rs201382810	chr3	87141368	87141369	3p12.1
rs201399553	chr16	53829962	53829963	16q12.2
rs201740222	chr13	29255738	29255739	13q12.3
rs201860379	chr4	37174320	37174321	4p14
rs201940822	chr16	53799268	53799269	16q12.2
rs201952773	chr4	98866869	98866870	4q23
rs202031558	chr9	102814584	102814585	9q31.1
rs202049731	chr3	87146305	87146306	3p12.1
rs202058732	chr3	87135321	87135322	3p12.1
rs202078105	chr3	87144073	87144074	3p12.1
rs202099530	chr1	42472237	42472238	1p34.2
rs202201784	chr2	26268106	26268107	2p23.3
rs2042064	chr1	42491428	42491429	1p34.2
rs2042065	chr1	42516769	42516770	1p34.2
rs2043451	chr2	26367862	26367863	2p23.3
rs2050265	chr1	11879698	11879699	1p36.22
rs2053367	chr2	26293412	26293413	2p23.3
rs2060392	chr2	26355232	26355233	2p23.3
rs2066462	chr1	11854895	11854896	1p36.22
rs2066470	chr1	11863056	11863057	1p36.22
rs2073719	chr6	31112924	31112925	6p21.33
rs2075538	chr1	11896601	11896602	1p36.22
rs2076001	chr1	11879266	11879267	1p36.22
rs2076002	chr1	11879359	11879360	1p36.22
rs2076004	chr1	11886812	11886813	1p36.22
rs2084679	chr2	46742040	46742041	2p21
rs2086886	chr8	20232577	20232578	8p21.3
rs2117278	chr2	26302644	26302645	2p23.3
rs2117279	chr2	26325527	26325528	2p23.3
rs2117280	chr2	26325574	26325575	2p23.3
rs2121698	chr2	46709570	46709571	2p21
rs2121700	chr2	46675664	46675665	2p21
rs2122270	chr12	26932082	26932083	12p11.23
rs2122714	chr2	46720159	46720160	2p21
rs2151654	chr1	11845523	11845524	1p36.22
rs2162369	chr4	98873666	98873667	4q23
rs2167037	chr3	8550362	8550363	3p26.1
rs2169990	chr12	25649356	25649357	12p12.1
rs2184227	chr1	11846741	11846742	1p36.22
rs2185468	chr13	77666175	77666176	13q22.3
rs2193950	chr5	32820552	32820553	5p13.3
rs2193951	chr5	32820551	32820552	5p13.3
rs2197901	chr3	8567254	8567255	3p26.1
rs2218727	chr3	8567559	8567560	3p26.1
rs2236796	chr1	11892614	11892615	1p36.22
rs2236797	chr1	11892649	11892650	1p36.22
rs2240062	chr6	31114761	31114762	6p21.33
rs2240065	chr6	31114448	31114449	6p21.33
rs2243834	chr2	26357747	26357748	2p23.3
rs2274547	chr13	77738663	77738664	13q22.3
rs2274548	chr13	77739660	77739661	13q22.3
rs2276555	chr2	46712758	46712759	2p21
rs2279720	chr3	87276698	87276699	3p11.2
rs2287661	chr5	32789391	32789392	5p13.3
rs2289021	chr2	26362514	26362515	2p23.3
rs2289022	chr2	26350135	26350136	2p23.3
rs2296282	chr13	29070532	29070533	13q12.3
rs2319469	chr5	24558315	24558316	5p14.2
rs2319473	chr5	24515910	24515911	5p14.2
rs2328999	chr13	77686507	77686508	13q22.3
rs2329028	chr13	77850801	77850802	13q22.3
rs2329029	chr13	77782295	77782296	13q22.3
rs2346414	chr2	46745423	46745424	2p21
rs2346415	chr2	46745451	46745452	2p21
rs236717	chr20	57701653	57701654	20q13.32
rs236719	chr20	57701981	57701982	20q13.32
rs236720	chr20	57702610	57702611	20q13.32
rs236721	chr20	57705484	57705485	20q13.32
rs2384321	chr2	26290053	26290054	2p23.3
rs2384322	chr2	26291145	26291146	2p23.3
rs2384323	chr2	26306472	26306473	2p23.3
rs2384324	chr2	26354238	26354239	2p23.3
rs2384359	chr2	26371363	26371364	2p23.3
rs238675	chr1	42470273	42470274	1p34.2
rs2407945	chr21	22188292	22188293	21q21.1
rs2407946	chr21	22188293	22188294	21q21.1
rs2407947	chr21	22188299	22188300	21q21.1
rs2416986	chr9	102937980	102937981	9q31.1
rs2433349	chr15	44779512	44779513	15q15.3
rs2453273	chr15	44770881	44770882	15q15.3
rs2453274	chr15	44774201	44774202	15q15.3
rs2453332	chr5	38087360	38087361	5p13.2
rs2453333	chr5	38088410	38088411	5p13.2
rs2453334	chr5	38088682	38088683	5p13.2
rs2453335	chr5	38089426	38089427	5p13.2
rs2453336	chr5	38090993	38090994	5p13.2
rs2453338	chr5	38094870	38094871	5p13.2
rs2463765	chr5	38094716	38094717	5p13.2
rs2463766	chr5	38092208	38092209	5p13.2
rs2463767	chr5	38091063	38091064	5p13.2
rs2463768	chr5	38090157	38090158	5p13.2
rs2463771	chr5	38086956	38086957	5p13.2
rs2463772	chr5	38085899	38085900	5p13.2
rs2471046	chr5	38087077	38087078	5p13.2
rs2471047	chr5	38087396	38087397	5p13.2
rs2471048	chr5	38088420	38088421	5p13.2
rs2471049	chr5	38088443	38088444	5p13.2
rs2471050	chr5	38088519	38088520	5p13.2
rs2471051	chr5	38089780	38089781	5p13.2
rs2471052	chr5	38090174	38090175	5p13.2
rs2471067	chr5	38092216	38092217	5p13.2
rs2471070	chr5	38091353	38091354	5p13.2
rs2471071	chr5	38091450	38091451	5p13.2
rs2471073	chr5	38091604	38091605	5p13.2
rs2471074	chr5	38091683	38091684	5p13.2
rs2480482	chr13	29244804	29244805	13q12.3
rs2527617	chr1	228179098	228179099	1q42.13
rs2556569	chr15	44895325	44895326	15q21.1
rs259979	chr20	57750555	57750556	20q13.32
rs259983	chr20	57735456	57735457	20q13.32
rs259990	chr20	57728888	57728889	20q13.32
rs260013	chr20	57760722	57760723	20q13.32
rs260014	chr20	57759458	57759459	20q13.32
rs260015	chr20	57718722	57718723	20q13.32
rs260017	chr20	57716972	57716973	20q13.32
rs260020	chr20	57714024	57714025	20q13.32
rs270534	chr5	38045356	38045357	5p13.2
rs270537	chr5	38053487	38053488	5p13.2
rs270538	chr5	38053332	38053333	5p13.2
rs270543	chr5	38052045	38052046	5p13.2
rs270545	chr5	38051592	38051593	5p13.2
rs270547	chr5	38048312	38048313	5p13.2
rs270578	chr5	38078179	38078180	5p13.2
rs270584	chr5	38074853	38074854	5p13.2
rs270585	chr5	38073068	38073069	5p13.2
rs270592	chr5	38066585	38066586	5p13.2
rs270594	chr5	38060687	38060688	5p13.2
rs270596	chr5	38057727	38057728	5p13.2
rs270599	chr5	38055272	38055273	5p13.2
rs2826527	chr21	22186039	22186040	21q21.1
rs2826533	chr21	22187122	22187123	21q21.1
rs2826538	chr21	22188734	22188735	21q21.1
rs2826539	chr21	22188794	22188795	21q21.1
rs28360972	chr6	30973244	30973245	6p21.33
rs28360974	chr6	30976218	30976219	6p21.33
rs28360980	chr6	30983347	30983348	6p21.33
rs2839440	chr21	43443497	43443498	21q22.3
rs28429148	chr16	53798318	53798319	16q12.2
rs28431222	chr3	149233893	149233894	3q25.1
rs28498059	chr6	31240352	31240353	6p21.33
rs28522795	chr13	77749237	77749238	13q22.3
rs28562191	chr16	53799302	53799303	16q12.2
rs28567725	chr16	53826027	53826028	16q12.2
rs28699120	chr4	151084682	151084683	4q31.23
rs28699126	chr2	26357293	26357294	2p23.3
rs2873985	chr5	24555149	24555150	5p14.2
rs2881322	chr2	46658720	46658721	2p21
rs2886564	chr1	42496923	42496924	1p34.2
rs2891490	chr2	26325926	26325927	2p23.3
rs2897661	chr4	152044547	152044548	4q31.3
rs2903657	chr4	81162883	81162884	4q21.21
rs3033730	chr5	24562122	24562123	5p14.2
rs3038650	chr13	77808978	77808979	13q22.3
rs3042785	chr5	38084922	38084923	5p13.2
rs3062379	chr12	111826476	111826477	12q24.12
rs3094226	chr6	31112898	31112899	6p21.33
rs3094227	chr6	31117377	31117378	6p21.33
rs3094606	chr6	31173677	31173678	6p21.33
rs3094607	chr6	31169538	31169539	6p21.33
rs3094608	chr6	31166682	31166683	6p21.33
rs3094609	chr6	31165565	31165566	6p21.33
rs3094610	chr6	31165149	31165150	6p21.33
rs3095237	chr6	31161346	31161347	6p21.33
rs3095238	chr6	31161209	31161210	6p21.33
rs3095246	chr6	31213878	31213879	6p21.33
rs3095252	chr6	31194746	31194747	6p21.33
rs3130415	chr6	31216671	31216672	6p21.33
rs3130426	chr6	31218534	31218535	6p21.33
rs3130428	chr6	31219089	31219090	6p21.33
rs3130460	chr6	31160187	31160188	6p21.33
rs3130461	chr6	31164699	31164700	6p21.33
rs3130462	chr6	31165276	31165277	6p21.33
rs3130463	chr6	31165961	31165962	6p21.33
rs3130466	chr6	31179931	31179932	6p21.33
rs3130468	chr6	31190794	31190795	6p21.33
rs3130503	chr6	31137164	31137165	6p21.33
rs3130509	chr6	31150617	31150618	6p21.33
rs3130512	chr6	31177999	31178000	6p21.33
rs3130515	chr6	31190121	31190122	6p21.33
rs3130516	chr6	31190127	31190128	6p21.33
rs3130518	chr6	31191708	31191709	6p21.33
rs3130528	chr6	31199459	31199460	6p21.33
rs3130532	chr6	31208452	31208453	6p21.33
rs3130575	chr6	31113105	31113106	6p21.33
rs3130694	chr6	31243196	31243197	6p21.33
rs3130950	chr6	31189951	31189952	6p21.33
rs3130951	chr6	31186867	31186868	6p21.33
rs3130952	chr6	31177914	31177915	6p21.33
rs3131011	chr6	31111624	31111625	6p21.33
rs3131017	chr6	31147080	31147081	6p21.33
rs3132488	chr6	31242694	31242695	6p21.33
rs3132490	chr6	31242559	31242560	6p21.33
rs3132491	chr6	31242271	31242272	6p21.33
rs3132499	chr6	31207919	31207920	6p21.33
rs3132500	chr6	31188610	31188611	6p21.33
rs3132501	chr6	31185976	31185977	6p21.33
rs3132503	chr6	31179005	31179006	6p21.33
rs3132504	chr6	31178742	31178743	6p21.33
rs3132507	chr6	31175612	31175613	6p21.33
rs3132508	chr6	31174795	31174796	6p21.33
rs3132509	chr6	31174520	31174521	6p21.33
rs3132511	chr6	31170019	31170020	6p21.33
rs3132517	chr6	31141835	31141836	6p21.33
rs3132538	chr6	31113841	31113842	6p21.33
rs3132539	chr6	31113029	31113030	6p21.33
rs3132540	chr6	31109942	31109943	6p21.33
rs3134744	chr6	31242879	31242880	6p21.33
rs3134748	chr6	31220420	31220421	6p21.33
rs3134753	chr6	31217478	31217479	6p21.33
rs3134789	chr6	31144694	31144695	6p21.33
rs3177055	chr2	26359314	26359315	2p23.3
rs3184504	chr12	111884607	111884608	12q24.12
rs33938909	chr13	77685717	77685718	13q22.3
rs34056739	chr1	217186272	217186273	1q41
rs34077229	chr7	25632956	25632957	7p15.2
rs34096624	chr1	217183894	217183895	1q41
rs34161434	chr1	217157388	217157389	1q41
rs34206194	chr1	217220226	217220227	1q41
rs34242796	chr1	42485203	42485204	1p34.2
rs34250841	chr1	217164002	217164003	1q41
rs34257051	chr13	29255289	29255290	13q12.3
rs34279826	chr5	24555985	24555986	5p14.2
rs34306535	chr2	108415002	108415003	2q12.3
rs34324771	chr13	29247631	29247632	13q12.3
rs34334183	chr2	46742728	46742729	2p21
rs34377174	chr5	38046940	38046941	5p13.2
rs34377596	chr1	11875612	11875613	1p36.22
rs34380354	chr13	77646457	77646458	13q22.3
rs34386892	chr3	8571156	8571157	3p26.1
rs34401764	chr13	77897948	77897949	13q22.3
rs34407295	chr9	102953325	102953326	9q31.1
rs34408900	chr13	77828893	77828894	13q22.3
rs34422769	chr9	102969458	102969459	9q31.1
rs34491255	chr1	42543491	42543492	1p34.2
rs34493634	chr1	217220652	217220653	1q41
rs34509173	chr10	134253533	134253534	10q26.3
rs34527934	chr13	29255889	29255890	13q12.3
rs34536218	chr2	26287375	26287376	2p23.3
rs34573741	chr20	5926565	5926566	20p12.3
rs34575373	chr13	29255625	29255626	13q12.3
rs34601474	chr12	25667355	25667356	12p12.1
rs34613485	chr4	37202755	37202756	4p14
rs34627841	chr1	42380806	42380807	1p34.2
rs34628847	chr2	26226675	26226676	2p23.3
rs34651751	chr3	8566760	8566761	3p26.1
rs34653545	chr5	32781580	32781581	5p13.3
rs34663368	chr4	60850242	60850243	4q13.1
rs34670695	chr7	25608896	25608897	7p15.2
rs346746	chr19	45738670	45738671	19q13.32
rs346747	chr19	45738583	45738584	19q13.32
rs346748	chr19	45737836	45737837	19q13.32
rs346750	chr19	45737217	45737218	19q13.32
rs34710011	chr1	217174576	217174577	1q41
rs34730632	chr5	24563559	24563560	5p14.2
rs34766024	chr2	26249475	26249476	2p23.3
rs348128	chr1	42488360	42488361	1p34.2
rs348133	chr1	42457597	42457598	1p34.2
rs348139	chr1	42470900	42470901	1p34.2
rs34854267	chr2	46708541	46708542	2p21
rs34860915	chr2	26237740	26237741	2p23.3
rs34904258	chr1	217220529	217220530	1q41
rs34929018	chr2	26313808	26313809	2p23.3
rs34955630	chr1	217175338	217175339	1q41
rs35002647	chr9	102925107	102925108	9q31.1
rs35024516	chr12	26952868	26952869	12p11.23
rs35124476	chr9	102922970	102922971	9q31.1
rs35156964	chr3	8566610	8566611	3p26.1
rs35181499	chr2	108399111	108399112	2q12.3
rs35185630	chr1	217219110	217219111	1q41
rs35216436	chr1	217154725	217154726	1q41
rs35224700	chr2	26298036	26298037	2p23.3
rs35242283	chr13	29211288	29211289	13q12.3
rs35271799	chr1	217148506	217148507	1q41
rs35272216	chr2	46742951	46742952	2p21
rs35321158	chr5	32800738	32800739	5p13.3
rs35345671	chr1	11883533	11883534	1p36.22
rs35350651	chr12	111907430	111907431	12q24.12
rs35381826	chr11	118032437	118032438	11q23.3
rs35409092	chr1	217219250	217219251	1q41
rs35413760	chr2	26267136	26267137	2p23.3
rs35464336	chr1	11860806	11860807	1p36.22
rs35509718	chr2	46696792	46696793	2p21
rs35528467	chr2	26331493	26331494	2p23.3
rs35569326	chr19	45738743	45738744	19q13.32
rs35607685	chr1	217191554	217191555	1q41
rs35630707	chr4	60865587	60865588	4q13.1
rs35673104	chr8	20269619	20269620	8p21.3
rs35701761	chr1	217207207	217207208	1q41
rs35709953	chr2	26334996	26334997	2p23.3
rs35732202	chr2	26313370	26313371	2p23.3
rs35739399	chr10	134252753	134252754	10q26.3
rs35748675	chr2	121127364	121127365	2q14.2
rs35776724	chr4	60859827	60859828	4q13.1
rs35782859	chr1	217129570	217129571	1q41
rs35787518	chr3	8566844	8566845	3p26.1
rs35800447	chr9	102989795	102989796	9q31.1
rs35801039	chr7	25608900	25608901	7p15.2
rs35844686	chr2	26304948	26304949	2p23.3
rs35921443	chr1	217154289	217154290	1q41
rs35930002	chr13	29255826	29255827	13q12.3
rs35993804	chr9	102969461	102969462	9q31.1
rs36006825	chr2	46708944	46708945	2p21
rs36029635	chr1	11832920	11832921	1p36.22
rs36075189	chr10	134243647	134243648	10q26.3
rs36077893	chr5	32805834	32805835	5p13.3
rs36080326	chr2	26351711	26351712	2p23.3
rs36099818	chr2	26268253	26268254	2p23.3
rs36191723	chr5	32799925	32799926	5p13.3
rs368758	chr5	38063060	38063061	5p13.2
rs370595232	chr3	87144039	87144040	3p12.1
rs370911204	chr1	217164948	217164949	1q41
rs371008106	chr2	46740331	46740332	2p21
rs372855124	chr4	98556012	98556013	4q22.3
rs3732986	chr3	8586501	8586502	3p26.1
rs3732987	chr3	8586464	8586465	3p26.1
rs3732988	chr3	8586440	8586441	3p26.1
rs3751812	chr16	53818459	53818460	16q12.2
rs3751814	chr16	53818723	53818724	16q12.2
rs3753582	chr1	11865541	11865542	1p36.22
rs3753584	chr1	11864585	11864586	1p36.22
rs3753588	chr1	11863903	11863904	1p36.22
rs3754357	chr1	228271152	228271153	1q42.13
rs375874152	chr12	26886255	26886256	12p11.23
rs3766747	chr1	11859700	11859701	1p36.22
rs3768331	chr1	228282694	228282695	1q42.13
rs3774218	chr3	8564938	8564939	3p26.1
rs3774219	chr3	8557687	8557688	3p26.1
rs3774220	chr3	8557558	8557559	3p26.1
rs3774221	chr3	8547862	8547863	3p26.1
rs3774222	chr3	8547823	8547824	3p26.1
rs3774223	chr3	8547602	8547603	3p26.1
rs3786066	chr17	981238	981239	17p13.3
rs3795768	chr1	228113162	228113163	1q42.13
rs3814045	chr2	46739156	46739157	2p21
rs3820192	chr1	11847771	11847772	1p36.22
rs3834043	chr1	11865815	11865816	1p36.22
rs3834044	chr1	11865283	11865284	1p36.22
rs3834045	chr1	11865062	11865063	1p36.22
rs3836783	chr5	24509402	24509403	5p14.2
rs3840194	chr3	87283185	87283186	3p11.2
rs3845574	chr1	42476573	42476574	1p34.2
rs3856258	chr1	42473396	42473397	1p34.2
rs3856259	chr1	42475502	42475503	1p34.2
rs3856396	chr2	26264435	26264436	2p23.3
rs3910272	chr2	26287841	26287842	2p23.3
rs3930575	chr6	31244653	31244654	6p21.33
rs3933967	chr5	24562325	24562326	5p14.2
rs3955310	chr2	26290827	26290828	2p23.3
rs4083557	chr1	42478176	42478177	1p34.2
rs41275456	chr1	11835555	11835556	1p36.22
rs41275458	chr1	11836669	11836670	1p36.22
rs41275472	chr1	11876299	11876300	1p36.22
rs41275478	chr1	11887315	11887316	1p36.22
rs41275488	chr1	11890203	11890204	1p36.22
rs41285975	chr2	26351143	26351144	2p23.3
rs41307759	chr1	11839200	11839201	1p36.22
rs41343448	chr8	20271412	20271413	8p21.3
rs41373744	chr3	87247757	87247758	3p11.2
rs41401348	chr3	87170955	87170956	3p12.1
rs4143538	chr2	26290177	26290178	2p23.3
rs4143966	chr3	8558514	8558515	3p26.1
rs4143967	chr3	8557995	8557996	3p26.1
rs4233708	chr2	26291344	26291345	2p23.3
rs4233709	chr2	26291492	26291493	2p23.3
rs4233710	chr2	26291564	26291565	2p23.3
rs4239832	chr21	22188932	22188933	21q21.1
rs425092	chr5	38064944	38064945	5p13.2
rs4262813	chr13	29143150	29143151	13q12.3
rs4268650	chr13	77492734	77492735	13q22.3
rs4268651	chr13	77492792	77492793	13q22.3
rs430409	chr5	38047222	38047223	5p13.2
rs4312543	chr2	46703268	46703269	2p21
rs431611	chr20	57710646	57710647	20q13.32
rs4343960	chr6	31156605	31156606	6p21.33
rs4413560	chr5	38090805	38090806	5p13.2
rs4455523	chr5	24558284	24558285	5p14.2
rs4490131	chr2	26379843	26379844	2p23.3
rs4508782	chr3	87200291	87200292	3p11.2
rs4549147	chr2	46703266	46703267	2p21
rs45553335	chr1	11858956	11858957	1p36.22
rs4555828	chr5	32796591	32796592	5p13.3
rs45589544	chr1	11862532	11862533	1p36.22
rs45603435	chr1	11861854	11861855	1p36.22
rs4563285	chr2	46669943	46669944	2p21
rs459588	chr20	57714766	57714767	20q13.32
rs4601009	chr5	24555492	24555493	5p14.2
rs4601325	chr8	20213452	20213453	8p21.3
rs4612028	chr5	24558277	24558278	5p14.2
rs4655789	chr1	68694250	68694251	1p31.3
rs4660210	chr1	42476675	42476676	1p34.2
rs4660211	chr1	42484293	42484294	1p34.2
rs4660212	chr1	42496398	42496399	1p34.2
rs4660585	chr1	42393000	42393001	1p34.2
rs4660586	chr1	42407228	42407229	1p34.2
rs4660587	chr1	42412246	42412247	1p34.2
rs4660595	chr1	42482051	42482052	1p34.2
rs4660600	chr1	42513928	42513929	1p34.2
rs4665299	chr2	26256839	26256840	2p23.3
rs4665303	chr2	26301928	26301929	2p23.3
rs4665304	chr2	26313405	26313406	2p23.3
rs4665305	chr2	26313523	26313524	2p23.3
rs4665306	chr2	26319123	26319124	2p23.3
rs4665308	chr2	26330513	26330514	2p23.3
rs4665309	chr2	26335501	26335502	2p23.3
rs4665310	chr2	26339645	26339646	2p23.3
rs4665809	chr2	26251360	26251361	2p23.3
rs4665811	chr2	26260016	26260017	2p23.3
rs4665812	chr2	26262287	26262288	2p23.3
rs4665813	chr2	26264540	26264541	2p23.3
rs4665814	chr2	26273686	26273687	2p23.3
rs4665816	chr2	26305093	26305094	2p23.3
rs4665817	chr2	26305166	26305167	2p23.3
rs4665819	chr2	26309072	26309073	2p23.3
rs4665820	chr2	26309149	26309150	2p23.3
rs4665821	chr2	26309948	26309949	2p23.3
rs4665822	chr2	26312554	26312555	2p23.3
rs4665823	chr2	26312722	26312723	2p23.3
rs4665824	chr2	26333098	26333099	2p23.3
rs4665825	chr2	26333099	26333100	2p23.3
rs4665826	chr2	26367502	26367503	2p23.3
rs4701448	chr5	24543517	24543518	5p14.2
rs4766578	chr12	111904370	111904371	12q24.12
rs4769602	chr13	29067864	29067865	13q12.3
rs4769612	chr13	29138497	29138498	13q12.3
rs4769613	chr13	29138608	29138609	13q12.3
rs4769621	chr13	29191284	29191285	13q12.3
rs4769628	chr13	29232063	29232064	13q12.3
rs4769631	chr13	29249022	29249023	13q12.3
rs4815879	chr20	5949533	5949534	20p12.3
rs4815880	chr20	5970052	5970053	20p12.3
rs4816832	chr21	22188869	22188870	21q21.1
rs4816836	chr21	22196255	22196256	21q21.1
rs4846797	chr1	217131783	217131784	1q41
rs4846798	chr1	217132017	217132018	1q41
rs4846799	chr1	217132110	217132111	1q41
rs4846800	chr1	217184730	217184731	1q41
rs4846801	chr1	217185421	217185422	1q41
rs4860045	chr4	60851694	60851695	4q13.1
rs4880372	chr10	134244277	134244278	10q26.3
rs4880373	chr10	134246696	134246697	10q26.3
rs4880374	chr10	134250472	134250473	10q26.3
rs4880376	chr10	134254934	134254935	10q26.3
rs4885436	chr13	77494203	77494204	13q22.3
rs4885446	chr13	77773529	77773530	13q22.3
rs4885453	chr13	77892987	77892988	13q22.3
rs4921708	chr8	20239810	20239811	8p21.3
rs4921713	chr8	20278593	20278594	8p21.3
rs4922159	chr8	20203009	20203010	8p21.3
rs4922161	chr8	20209692	20209693	8p21.3
rs4922175	chr8	20228520	20228521	8p21.3
rs4922177	chr8	20238587	20238588	8p21.3
rs4922178	chr8	20239759	20239760	8p21.3
rs4922179	chr8	20239895	20239896	8p21.3
rs4922180	chr8	20244414	20244415	8p21.3
rs4922181	chr8	20244485	20244486	8p21.3
rs4922182	chr8	20244500	20244501	8p21.3
rs4922183	chr8	20249126	20249127	8p21.3
rs4922187	chr8	20261084	20261085	8p21.3
rs4922189	chr8	20278126	20278127	8p21.3
rs4922200	chr8	20304862	20304863	8p21.3
rs4952830	chr2	46746962	46746963	2p21
rs4953379	chr2	46674933	46674934	2p21
rs4953387	chr2	46712537	46712538	2p21
rs4953388	chr2	46713200	46713201	2p21
rs4953389	chr2	46713320	46713321	2p21
rs4953390	chr2	46714529	46714530	2p21
rs4953396	chr2	46736793	46736794	2p21
rs4953397	chr2	46741193	46741194	2p21
rs5023913	chr5	24558279	24558280	5p14.2
rs545754411	chr5	32805834	32805835	5p13.3
rs547926242	chr4	152075279	152075280	4q31.3
rs55645287	chr1	11862763	11862764	1p36.22
rs556787691	chr4	152043093	152043094	4q31.3
rs55685198	chr1	11839008	11839009	1p36.22
rs55700547	chr8	20272998	20272999	8p21.3
rs55728339	chr1	11830541	11830542	1p36.22
rs55738118	chr1	11838450	11838451	1p36.22
rs55738737	chr1	11871265	11871266	1p36.22
rs55754287	chr12	26897355	26897356	12p11.23
rs55768103	chr5	38092851	38092852	5p13.2
rs55773920	chr8	20211755	20211756	8p21.3
rs55780505	chr1	11846658	11846659	1p36.22
rs55785703	chr5	38091728	38091729	5p13.2
rs55787711	chr12	26941082	26941083	12p11.23
rs55788159	chr1	11897925	11897926	1p36.22
rs55800247	chr1	11871112	11871113	1p36.22
rs558041140	chr3	94203798	94203799	3q11.2
rs55814225	chr1	11868510	11868511	1p36.22
rs55820567	chr1	11845166	11845167	1p36.22
rs55836203	chr2	26336441	26336442	2p23.3
rs55851065	chr1	11870132	11870133	1p36.22
rs55857306	chr1	11895794	11895795	1p36.22
rs55867221	chr1	11845221	11845222	1p36.22
rs55872725	chr16	53809122	53809123	16q12.2
rs55873067	chr12	26954969	26954970	12p11.23
rs55873222	chr1	68674827	68674828	1p31.3
rs55873785	chr1	228353650	228353651	1q42.13
rs55890341	chr1	11844736	11844737	1p36.22
rs55893390	chr3	87257773	87257774	3p11.2
rs55927955	chr13	29069038	29069039	13q12.3
rs55929441	chr1	11831874	11831875	1p36.22
rs55967531	chr1	11839033	11839034	1p36.22
rs55968150	chr8	20234610	20234611	8p21.3
rs55990055	chr1	11832986	11832987	1p36.22
rs55994631	chr1	11882631	11882632	1p36.22
rs56001051	chr1	11838840	11838841	1p36.22
rs56043629	chr1	11887684	11887685	1p36.22
rs56094641	chr16	53806452	53806453	16q12.2
rs56098307	chr8	20204057	20204058	8p21.3
rs56123155	chr12	26939948	26939949	12p11.23
rs56136608	chr1	228299237	228299238	1q42.13
rs56137030	chr16	53825904	53825905	16q12.2
rs56137757	chr8	20204413	20204414	8p21.3
rs56153133	chr1	11885646	11885647	1p36.22
rs56157706	chr8	20245248	20245249	8p21.3
rs56166620	chr12	26923244	26923245	12p11.23
rs56171374	chr8	20239429	20239430	8p21.3
rs56178811	chr12	26902002	26902003	12p11.23
rs56190030	chr1	11887381	11887382	1p36.22
rs56221660	chr1	11867736	11867737	1p36.22
rs56260590	chr1	11838515	11838516	1p36.22
rs56313538	chr16	53818833	53818834	16q12.2
rs56313628	chr1	11838377	11838378	1p36.22
rs56336074	chr2	108405359	108405360	2q12.3
rs56412009	chr8	20249568	20249569	8p21.3
rs56653770	chr2	108408600	108408601	2q12.3
rs566652997	chr3	94719168	94719169	3q11.2
rs56692848	chr3	87258131	87258132	3p11.2
rs56707347	chr4	98748990	98748991	4q22.3
rs567163678	chr14	53714639	53714640	14q22.1
rs56724348	chr4	152049589	152049590	4q31.3
rs56840267	chr9	102988233	102988234	9q31.1
rs57069181	chr9	102970450	102970451	9q31.1
rs57210463	chr4	98839229	98839230	4q23
rs57292959	chr16	53799278	53799279	16q12.2
rs57351302	chr5	38088998	38088999	5p13.2
rs57396208	chr4	98873988	98873989	4q23
rs57397295	chr9	102927510	102927511	9q31.1
rs57418210	chr13	29171040	29171041	13q12.3
rs57441762	chr1	11868779	11868780	1p36.22
rs57710852	chr13	29068149	29068150	13q12.3
rs57734783	chr9	102988027	102988028	9q31.1
rs57802797	chr3	87252718	87252719	3p11.2
rs5780956	chr1	217202400	217202401	1q41
rs57818221	chr4	152146817	152146818	4q31.3
rs57875316	chr9	102741844	102741845	9q31.1
rs5797201	chr12	26944306	26944307	12p11.23
rs58068200	chr13	29245585	29245586	13q12.3
rs58147233	chr4	151136469	151136470	4q31.3
rs58189705	chr4	98841851	98841852	4q23
rs58197960	chr9	102950036	102950037	9q31.1
rs58274614	chr3	87260631	87260632	3p11.2
rs58288902	chr4	152099569	152099570	4q31.3
rs5829992	chr2	26277848	26277849	2p23.3
rs5829994	chr2	26285983	26285984	2p23.3
rs5829995	chr2	26286298	26286299	2p23.3
rs5829996	chr2	26299084	26299085	2p23.3
rs5829998	chr2	26351481	26351482	2p23.3
rs5829999	chr2	26365873	26365874	2p23.3
rs5830001	chr2	26371028	26371029	2p23.3
rs5830904	chr2	46695642	46695643	2p21
rs58374187	chr9	102757813	102757814	9q31.1
rs5842853	chr21	22192093	22192094	21q21.1
rs58501663	chr13	39900297	39900298	13q13.3
rs58547955	chr3	87251361	87251362	3p11.2
rs58552967	chr4	98923179	98923180	4q23
rs58630229	chr9	102915325	102915326	9q31.1
rs5866671	chr5	24557203	24557204	5p14.2
rs5866672	chr5	24560592	24560593	5p14.2
rs58860447	chr2	26294940	26294941	2p23.3
rs58948789	chr9	102916369	102916370	9q31.1
rs59116569	chr13	29255792	29255793	13q12.3
rs591576	chr13	77590935	77590936	13q22.3
rs59268489	chr2	26317094	26317095	2p23.3
rs597808	chr12	111973357	111973358	12q24.12
rs59836368	chr4	98724208	98724209	4q22.3
rs598945	chr13	29068439	29068440	13q12.3
rs59909742	chr3	149250577	149250578	3q25.1
rs59999980	chr3	87254159	87254160	3p11.2
rs60011653	chr9	102908579	102908580	9q31.1
rs60128410	chr3	87257096	87257097	3p11.2
rs60181536	chr9	102919532	102919533	9q31.1
rs6026739	chr20	57739468	57739469	20q13.32
rs6026740	chr20	57740347	57740348	20q13.32
rs6026742	chr20	57740604	57740605	20q13.32
rs60277994	chr7	25622564	25622565	7p15.2
rs604145	chr1	42445112	42445113	1p34.2
rs60447192	chr4	151105813	151105814	4q31.3
rs60535758	chr13	39905656	39905657	13q13.3
rs60591302	chr3	87240154	87240155	3p11.2
rs60595950	chr1	42478359	42478360	1p34.2
rs606861	chr13	77596407	77596408	13q22.3
rs61064664	chr4	151107069	151107070	4q31.3
rs61147858	chr9	102988327	102988328	9q31.1
rs611621	chr13	77486496	77486497	13q22.3
rs6139878	chr20	5928930	5928931	20p12.3
rs6139879	chr20	5929389	5929390	20p12.3
rs6139881	chr20	5940673	5940674	20p12.3
rs6139882	chr20	5954201	5954202	20p12.3
rs6139884	chr20	5965795	5965796	20p12.3
rs6139886	chr20	5973188	5973189	20p12.3
rs61516423	chr14	53655309	53655310	14q22.1
rs61523912	chr3	149241205	149241206	3q25.1
rs61701220	chr2	46742756	46742757	2p21
rs61920162	chr12	26893400	26893401	12p11.23
rs61920184	chr12	26901393	26901394	12p11.23
rs61920188	chr12	26921590	26921591	12p11.23
rs61920191	chr12	26926301	26926302	12p11.23
rs61920578	chr12	26935885	26935886	12p11.23
rs61920587	chr12	26942862	26942863	12p11.23
rs61920588	chr12	26945986	26945987	12p11.23
rs61920590	chr12	26950043	26950044	12p11.23
rs61920591	chr12	26951463	26951464	12p11.23
rs61920593	chr12	26954110	26954111	12p11.23
rs61920594	chr12	26954113	26954114	12p11.23
rs61920601	chr12	26956493	26956494	12p11.23
rs62033399	chr16	53810942	53810943	16q12.2
rs62033400	chr16	53811787	53811788	16q12.2
rs62033403	chr16	53822236	53822237	16q12.2
rs62033404	chr16	53822238	53822239	16q12.2
rs62033405	chr16	53822386	53822387	16q12.2
rs62033408	chr16	53827961	53827962	16q12.2
rs62033413	chr16	53830054	53830055	16q12.2
rs62048402	chr16	53803222	53803223	16q12.2
rs62128394	chr2	26364025	26364026	2p23.3
rs62128398	chr2	26376228	26376229	2p23.3
rs62134696	chr2	46735286	46735287	2p21
rs62134698	chr2	46737463	46737464	2p21
rs62238098	chr3	8565262	8565263	3p26.1
rs62349562	chr5	24509642	24509643	5p14.2
rs62349575	chr5	24550510	24550511	5p14.2
rs62349586	chr5	24554875	24554876	5p14.2
rs62454590	chr7	25610879	25610880	7p15.2
rs62454591	chr7	25621379	25621380	7p15.2
rs62454592	chr7	25621382	25621383	7p15.2
rs624575	chr13	77622817	77622818	13q22.3
rs627502	chr1	42452357	42452358	1p34.2
rs636540	chr13	77486739	77486740	13q22.3
rs638734	chr1	42460580	42460581	1p34.2
rs639559	chr1	42425495	42425496	1p34.2
rs642579	chr1	42431396	42431397	1p34.2
rs6443193	chr3	8568976	8568977	3p26.1
rs6443194	chr3	8585968	8585969	3p26.1
rs6479004	chr9	102954688	102954689	9q31.1
rs6479005	chr9	102959917	102959918	9q31.1
rs6490321	chr13	29245042	29245043	13q12.3
rs6490322	chr13	29254304	29254305	13q12.3
rs6490323	chr13	29254416	29254417	13q12.3
rs653178	chr12	112007755	112007756	12q24.12
rs6541001	chr1	11837366	11837367	1p36.22
rs6542736	chr2	108415701	108415702	2q12.3
rs6544895	chr2	46702268	46702269	2p21
rs6544898	chr2	46732770	46732771	2p21
rs6546715	chr2	26261519	26261520	2p23.3
rs6546716	chr2	26263835	26263836	2p23.3
rs6546725	chr2	26275009	26275010	2p23.3
rs6546726	chr2	26275115	26275116	2p23.3
rs6546727	chr2	26275281	26275282	2p23.3
rs6546728	chr2	26276530	26276531	2p23.3
rs6546729	chr2	26276632	26276633	2p23.3
rs6546736	chr2	26293877	26293878	2p23.3
rs6546744	chr2	26302160	26302161	2p23.3
rs6546749	chr2	26306287	26306288	2p23.3
rs6546766	chr2	26328679	26328680	2p23.3
rs6546767	chr2	26328745	26328746	2p23.3
rs6546768	chr2	26328799	26328800	2p23.3
rs6546780	chr2	26352856	26352857	2p23.3
rs6551510	chr4	60856791	60856792	4q13.1
rs6562983	chr13	77717138	77717139	13q22.3
rs6563695	chr13	39903242	39903243	13q13.3
rs657698	chr13	77488509	77488510	13q22.3
rs6586910	chr8	20219881	20219882	8p21.3
rs6600394	chr1	42472452	42472453	1p34.2
rs6600396	chr1	42489533	42489534	1p34.2
rs661428	chr1	42451517	42451518	1p34.2
rs662560	chr13	29067335	29067336	13q12.3
rs6658189	chr1	42530070	42530071	1p34.2
rs6660579	chr1	224916591	224916592	1q42.12
rs6665802	chr1	11843682	11843683	1p36.22
rs6681177	chr1	217200477	217200478	1q41
rs6684076	chr1	217200952	217200953	1q41
rs6687229	chr1	11872655	11872656	1p36.22
rs6688187	chr1	11837472	11837473	1p36.22
rs6689536	chr1	42487522	42487523	1p34.2
rs6690530	chr1	217156684	217156685	1q41
rs66908032	chr16	53822141	53822142	16q12.2
rs6691440	chr1	11869100	11869101	1p36.22
rs6695748	chr1	42481706	42481707	1p34.2
rs6696291	chr1	42500420	42500421	1p34.2
rs6697335	chr1	11869021	11869022	1p36.22
rs6698877	chr1	42500435	42500436	1p34.2
rs6699171	chr1	42531006	42531007	1p34.2
rs6699270	chr1	11872319	11872320	1p36.22
rs6699618	chr1	11881440	11881441	1p36.22
rs6699827	chr1	11869109	11869110	1p36.22
rs6701960	chr1	11872394	11872395	1p36.22
rs6703535	chr1	11843918	11843919	1p36.22
rs6704930	chr2	26325704	26325705	2p23.3
rs6705	chr2	26358109	26358110	2p23.3
rs670513	chr13	77624157	77624158	13q22.3
rs6709142	chr2	26363460	26363461	2p23.3
rs6709595	chr2	26259884	26259885	2p23.3
rs6715739	chr2	26285750	26285751	2p23.3
rs6718875	chr2	46687981	46687982	2p21
rs6720012	chr2	26302192	26302193	2p23.3
rs6720312	chr2	26364933	26364934	2p23.3
rs6720314	chr2	26334851	26334852	2p23.3
rs6727978	chr2	26268967	26268968	2p23.3
rs6729080	chr2	26301281	26301282	2p23.3
rs6729191	chr2	26344004	26344005	2p23.3
rs6729757	chr2	26285101	26285102	2p23.3
rs6729795	chr2	26345353	26345354	2p23.3
rs6733782	chr2	228507389	228507390	2q36.3
rs6735145	chr2	26270301	26270302	2p23.3
rs6739061	chr2	26256146	26256147	2p23.3
rs6742226	chr2	26342536	26342537	2p23.3
rs6748745	chr2	26364189	26364190	2p23.3
rs6749855	chr2	26255262	26255263	2p23.3
rs6749877	chr2	46701044	46701045	2p21
rs6750681	chr2	26329676	26329677	2p23.3
rs6750695	chr2	26329701	26329702	2p23.3
rs6757564	chr2	46702618	46702619	2p21
rs6758545	chr2	26322614	26322615	2p23.3
rs6763808	chr3	8566366	8566367	3p26.1
rs6776597	chr3	8580060	8580061	3p26.1
rs6777858	chr3	8549421	8549422	3p26.1
rs6784560	chr3	8557116	8557117	3p26.1
rs6784926	chr3	8579849	8579850	3p26.1
rs6786026	chr3	87265276	87265277	3p11.2
rs67915086	chr19	45738851	45738852	19q13.32
rs67938205	chr5	24558810	24558811	5p14.2
rs6797400	chr3	169189416	169189417	3q26.2
rs6798584	chr3	8548826	8548827	3p26.1
rs6799564	chr3	8556908	8556909	3p26.1
rs6802843	chr3	8557874	8557875	3p26.1
rs6806939	chr3	8559855	8559856	3p26.1
rs6809788	chr3	8579951	8579952	3p26.1
rs681109	chr13	77496389	77496390	13q22.3
rs681239	chr1	228139671	228139672	1q42.13
rs6816584	chr4	60857834	60857835	4q13.1
rs6823315	chr4	152112333	152112334	4q31.3
rs6825238	chr4	98779864	98779865	4q22.3
rs6845482	chr4	152132857	152132858	4q31.3
rs685229	chr1	42428843	42428844	1p34.2
rs6864434	chr5	32776014	32776015	5p13.3
rs6867061	chr5	24559078	24559079	5p14.2
rs687532	chr13	77621059	77621060	13q22.3
rs6888670	chr5	24555865	24555866	5p14.2
rs6889900	chr5	24555884	24555885	5p14.2
rs6890651	chr5	32802130	32802131	5p13.3
rs6890775	chr5	24564259	24564260	5p14.2
rs6892196	chr5	24559053	24559054	5p14.2
rs6892384	chr5	24559169	24559170	5p14.2
rs6892579	chr5	24559278	24559279	5p14.2
rs6892585	chr5	24559289	24559290	5p14.2
rs689277	chr1	42450370	42450371	1p34.2
rs700359	chr13	77643150	77643151	13q22.3
rs7018703	chr9	102952765	102952766	9q31.1
rs7020150	chr9	102765605	102765606	9q31.1
rs7020780	chr9	102958735	102958736	9q31.1
rs7021923	chr9	102898724	102898725	9q31.1
rs702225	chr1	42373899	42373900	1p34.2
rs7022643	chr9	102811456	102811457	9q31.1
rs7023412	chr9	102917443	102917444	9q31.1
rs7025271	chr9	102920060	102920061	9q31.1
rs7025412	chr9	102890078	102890079	9q31.1
rs7026341	chr9	102803113	102803114	9q31.1
rs7026529	chr9	102804808	102804809	9q31.1
rs7026567	chr9	102921245	102921246	9q31.1
rs7028564	chr9	102913056	102913057	9q31.1
rs7028699	chr9	102933525	102933526	9q31.1
rs7028939	chr9	102808684	102808685	9q31.1
rs7029981	chr9	102992400	102992401	9q31.1
rs7031081	chr9	102878821	102878822	9q31.1
rs7033350	chr9	102992643	102992644	9q31.1
rs7033459	chr9	102992686	102992687	9q31.1
rs7033612	chr9	102992813	102992814	9q31.1
rs7035379	chr9	102990456	102990457	9q31.1
rs7039994	chr9	103051204	103051205	9q31.1
rs7041818	chr9	102921389	102921390	9q31.1
rs7043946	chr9	102808806	102808807	9q31.1
rs7047030	chr9	102879845	102879846	9q31.1
rs7047193	chr9	102894044	102894045	9q31.1
rs7047311	chr9	102992725	102992726	9q31.1
rs7047693	chr9	102918305	102918306	9q31.1
rs7047728	chr9	102948665	102948666	9q31.1
rs708119	chr1	228203267	228203268	1q42.13
rs708122	chr1	228216996	228216997	1q42.13
rs70965614	chr5	24558319	24558320	5p14.2
rs71102733	chr13	77861326	77861327	13q22.3
rs71102742	chr13	77905608	77905609	13q22.3
rs71203036	chr13	77646434	77646435	13q22.3
rs71303008	chr1	217168098	217168099	1q41
rs71304986	chr13	77557627	77557628	13q22.3
rs7137828	chr12	111932799	111932800	12q24.12
rs71399348	chr2	26267692	26267693	2p23.3
rs71419381	chr2	108404664	108404665	2q12.3
rs71425198	chr13	29249288	29249289	13q12.3
rs71433277	chr13	29218966	29218967	13q12.3
rs71482132	chr11	118031210	118031211	11q23.3
rs71588946	chr4	99148471	99148472	4q23
rs71643432	chr1	217159719	217159720	1q41
rs71643434	chr1	217170731	217170732	1q41
rs71643435	chr1	217173490	217173491	1q41
rs71643436	chr1	217175002	217175003	1q41
rs71643439	chr1	217216379	217216380	1q41
rs7185735	chr16	53822650	53822651	16q12.2
rs71863246	chr16	53812769	53812770	16q12.2
rs7187250	chr16	53810545	53810546	16q12.2
rs718744	chr12	25657519	25657520	12p12.1
rs7188250	chr16	53834606	53834607	16q12.2
rs718849	chr2	46698115	46698116	2p21
rs7190396	chr16	53822501	53822502	16q12.2
rs7193144	chr16	53810685	53810686	16q12.2
rs7199697	chr16	76043200	76043201	16q23.1
rs7201850	chr16	53821861	53821862	16q12.2
rs7202116	chr16	53821614	53821615	16q12.2
rs7202296	chr16	53821689	53821690	16q12.2
rs7206122	chr16	53822439	53822440	16q12.2
rs7206410	chr16	53821296	53821297	16q12.2
rs7206629	chr16	53821412	53821413	16q12.2
rs721324	chr13	29101580	29101581	13q12.3
rs722024	chr4	98819842	98819843	4q23
rs72209985	chr13	29231405	29231406	13q12.3
rs72477988	chr4	98907099	98907100	4q23
rs72638683	chr1	11831302	11831303	1p36.22
rs72638684	chr1	11831542	11831543	1p36.22
rs72638693	chr1	11833855	11833856	1p36.22
rs72638696	chr1	11834708	11834709	1p36.22
rs72638698	chr1	11835454	11835455	1p36.22
rs72638700	chr1	11836036	11836037	1p36.22
rs72640206	chr1	11837681	11837682	1p36.22
rs72640208	chr1	11837756	11837757	1p36.22
rs72640210	chr1	11838695	11838696	1p36.22
rs72640221	chr1	11848971	11848972	1p36.22
rs72640243	chr1	11869849	11869850	1p36.22
rs72640244	chr1	11869852	11869853	1p36.22
rs72640247	chr1	11871774	11871775	1p36.22
rs72640249	chr1	11872983	11872984	1p36.22
rs72640251	chr1	11873019	11873020	1p36.22
rs72640252	chr1	11873051	11873052	1p36.22
rs72640253	chr1	11873054	11873055	1p36.22
rs72640257	chr1	11876394	11876395	1p36.22
rs72640258	chr1	11877265	11877266	1p36.22
rs72640262	chr1	11893288	11893289	1p36.22
rs72640267	chr1	11897285	11897286	1p36.22
rs72656599	chr4	81159648	81159649	4q21.21
rs72670459	chr1	68692906	68692907	1p31.3
rs72670467	chr1	68702240	68702241	1p31.3
rs72670475	chr1	68714904	68714905	1p31.3
rs72717947	chr15	44808077	44808078	15q21.1
rs7272705	chr20	5944789	5944790	20p12.3
rs72749743	chr5	24507308	24507309	5p14.2
rs72749780	chr5	24553672	24553673	5p14.2
rs7276507	chr21	22189498	22189499	21q21.1
rs727839	chr13	77793371	77793372	13q22.3
rs728009	chr12	26941705	26941706	12p11.23
rs72803697	chr16	53822182	53822183	16q12.2
rs72805611	chr16	53831353	53831354	16q12.2
rs72805612	chr16	53834607	53834608	16q12.2
rs72805613	chr16	53837341	53837342	16q12.2
rs72807800	chr2	26340504	26340505	2p23.3
rs72807801	chr2	26340505	26340506	2p23.3
rs72823845	chr2	105893618	105893619	2q12.1
rs72823859	chr2	105913909	105913910	2q12.1
rs72879535	chr4	98655004	98655005	4q22.3
rs72879585	chr4	98694043	98694044	4q22.3
rs72881449	chr4	98760841	98760842	4q22.3
rs72881451	chr4	98761029	98761030	4q22.3
rs72881458	chr4	98766765	98766766	4q22.3
rs72883003	chr4	98818841	98818842	4q23
rs72892930	chr4	98823932	98823933	4q23
rs72892940	chr4	98831901	98831902	4q23
rs72892950	chr4	98840744	98840745	4q23
rs72940979	chr2	108400783	108400784	2q12.3
rs72951526	chr4	151142403	151142404	4q31.3
rs72951541	chr4	151147523	151147524	4q31.3
rs72951580	chr4	151169978	151169979	4q31.3
rs72965618	chr4	152009826	152009827	4q31.3
rs72965622	chr4	152013726	152013727	4q31.3
rs72965624	chr4	152013918	152013919	4q31.3
rs72965628	chr4	152015117	152015118	4q31.3
rs72965634	chr4	152025945	152025946	4q31.3
rs72965644	chr4	152041889	152041890	4q31.3
rs72965652	chr4	152057044	152057045	4q31.3
rs72965662	chr4	152068422	152068423	4q31.3
rs72965663	chr4	152069074	152069075	4q31.3
rs72965667	chr4	152069468	152069469	4q31.3
rs72965675	chr4	152078744	152078745	4q31.3
rs72965685	chr4	152098852	152098853	4q31.3
rs72965692	chr4	152102584	152102585	4q31.3
rs72965696	chr4	152105315	152105316	4q31.3
rs72967504	chr4	152109285	152109286	4q31.3
rs72967512	chr4	152127776	152127777	4q31.3
rs72967521	chr4	152131876	152131877	4q31.3
rs72967534	chr4	152150900	152150901	4q31.3
rs72967551	chr4	152163726	152163727	4q31.3
rs73036519	chr19	45748361	45748362	19q13.32
rs7304091	chr12	25643571	25643572	12p12.1
rs7310615	chr12	111865048	111865049	12q24.12
rs7313538	chr12	26881270	26881271	12p11.23
rs7314838	chr12	26936464	26936465	12p11.23
rs7316091	chr12	26940713	26940714	12p11.23
rs7317291	chr13	29173348	29173349	13q12.3
rs7318880	chr13	29138284	29138285	13q12.3
rs7319081	chr13	77690341	77690342	13q22.3
rs7320371	chr13	29068174	29068175	13q12.3
rs73205052	chr21	34517674	34517675	21q22.11
rs7322722	chr13	77879375	77879376	13q22.3
rs7323733	chr13	77661045	77661046	13q22.3
rs7324014	chr13	77897089	77897090	13q22.3
rs7325774	chr13	29144782	29144783	13q12.3
rs7325942	chr13	77757719	77757720	13q22.3
rs7328012	chr13	77849677	77849678	13q22.3
rs7328374	chr13	29141326	29141327	13q12.3
rs73306874	chr20	57739808	57739809	20q13.32
rs73306876	chr20	57739828	57739829	20q13.32
rs7335892	chr13	29190494	29190495	13q12.3
rs7336711	chr13	29211758	29211759	13q12.3
rs7336719	chr13	29088541	29088542	13q12.3
rs7337148	chr13	29246893	29246894	13q12.3
rs7337686	chr13	77723409	77723410	13q22.3
rs7340583	chr3	8585906	8585907	3p26.1
rs73437395	chr13	29078434	29078435	13q12.3
rs73437396	chr13	29078437	29078438	13q12.3
rs73437398	chr13	29079836	29079837	13q12.3
rs73491426	chr9	102972089	102972090	9q31.1
rs73491437	chr9	102981266	102981267	9q31.1
rs73491439	chr9	102981547	102981548	9q31.1
rs73491441	chr9	102981555	102981556	9q31.1
rs73491444	chr9	102985920	102985921	9q31.1
rs73491451	chr9	102990694	102990695	9q31.1
rs73491452	chr9	102990794	102990795	9q31.1
rs73491461	chr9	103000604	103000605	9q31.1
rs73491475	chr9	103008490	103008491	9q31.1
rs7350268	chr9	102934779	102934780	9q31.1
rs73505717	chr9	102828990	102828991	9q31.1
rs73505783	chr9	102905893	102905894	9q31.1
rs73505786	chr9	102909202	102909203	9q31.1
rs73505791	chr9	102912529	102912530	9q31.1
rs73507822	chr9	102923607	102923608	9q31.1
rs73507831	chr9	102925603	102925604	9q31.1
rs73507832	chr9	102926850	102926851	9q31.1
rs7382297	chr6	31247066	31247067	6p21.33
rs7382307	chr6	31247148	31247149	6p21.33
rs7383157	chr6	31239305	31239306	6p21.33
rs73846673	chr3	87240875	87240876	3p11.2
rs73846675	chr3	87241442	87241443	3p11.2
rs73846677	chr3	87241466	87241467	3p11.2
rs73846678	chr3	87242513	87242514	3p11.2
rs73846687	chr3	87246906	87246907	3p11.2
rs73846688	chr3	87247181	87247182	3p11.2
rs73846691	chr3	87248482	87248483	3p11.2
rs73846693	chr3	87250002	87250003	3p11.2
rs73846696	chr3	87251849	87251850	3p11.2
rs73846698	chr3	87255193	87255194	3p11.2
rs73846699	chr3	87255276	87255277	3p11.2
rs73846701	chr3	87255333	87255334	3p11.2
rs73846702	chr3	87255357	87255358	3p11.2
rs73847803	chr3	87255612	87255613	3p11.2
rs73847805	chr3	87255683	87255684	3p11.2
rs73847807	chr3	87264303	87264304	3p11.2
rs73847808	chr3	87266811	87266812	3p11.2
rs73847809	chr3	87266813	87266814	3p11.2
rs739396	chr13	77501681	77501682	13q22.3
rs739622	chr7	25618184	25618185	7p15.2
rs74192217	chr13	29207981	29207982	13q12.3
rs74304512	chr8	20296750	20296751	8p21.3
rs7434145	chr3	87351900	87351901	3p11.2
rs74449862	chr8	20243978	20243979	8p21.3
rs74503897	chr13	77490210	77490211	13q22.3
rs74528067	chr8	20234456	20234457	8p21.3
rs74647103	chr9	102879758	102879759	9q31.1
rs7465534	chr8	20284724	20284725	8p21.3
rs74667572	chr8	20259723	20259724	8p21.3
rs74726530	chr13	29093053	29093054	13q12.3
rs74789551	chr3	87284989	87284990	3p11.2
rs74791426	chr3	87251367	87251368	3p11.2
rs74796778	chr12	26952005	26952006	12p11.23
rs74807654	chr4	98654022	98654023	4q22.3
rs74828062	chr8	20247312	20247313	8p21.3
rs74844384	chr3	87260048	87260049	3p11.2
rs74871003	chr8	20293161	20293162	8p21.3
rs74906196	chr4	98698476	98698477	4q22.3
rs74911485	chr7	25607958	25607959	7p15.2
rs74942222	chr3	87198989	87198990	3p12.1
rs75023402	chr3	87246125	87246126	3p11.2
rs75029217	chr4	152061208	152061209	4q31.3
rs750450	chr2	26324630	26324631	2p23.3
rs750451	chr2	26324240	26324241	2p23.3
rs750452	chr2	26324994	26324995	2p23.3
rs75045913	chr3	149250277	149250278	3q25.1
rs75076268	chr6	31218033	31218034	6p21.33
rs75119017	chr3	87200961	87200962	3p11.2
rs7515102	chr1	42493442	42493443	1p34.2
rs75219487	chr3	87147921	87147922	3p12.1
rs75263886	chr4	98761402	98761403	4q22.3
rs75270655	chr8	20243578	20243579	8p21.3
rs7529102	chr1	42493321	42493322	1p34.2
rs75293382	chr2	228510335	228510336	2q36.3
rs7535305	chr1	42489601	42489602	1p34.2
rs7537765	chr1	11887302	11887303	1p36.22
rs7541929	chr1	42479392	42479393	1p34.2
rs75426183	chr8	20227629	20227630	8p21.3
rs75450815	chr4	152103460	152103461	4q31.3
rs75458063	chr4	152015785	152015786	4q31.3
rs75458494	chr8	20237052	20237053	8p21.3
rs7546128	chr1	42473658	42473659	1p34.2
rs75481516	chr12	26949284	26949285	12p11.23
rs75482070	chr9	102855933	102855934	9q31.1
rs7550497	chr1	42505509	42505510	1p34.2
rs7550500	chr1	42505521	42505522	1p34.2
rs75506669	chr3	87201880	87201881	3p11.2
rs7553194	chr1	11864148	11864149	1p36.22
rs75544774	chr8	20306928	20306929	8p21.3
rs75556460	chr13	29109513	29109514	13q12.3
rs7557190	chr2	46751576	46751577	2p21
rs7564025	chr2	26297343	26297344	2p23.3
rs7565188	chr2	46683201	46683202	2p21
rs7565843	chr2	26292911	26292912	2p23.3
rs75660387	chr4	152020778	152020779	4q31.3
rs75667215	chr4	98959577	98959578	4q23
rs75685382	chr8	20269996	20269997	8p21.3
rs75686810	chr8	20262320	20262321	8p21.3
rs7569095	chr2	108406545	108406546	2q12.3
rs75711918	chr3	87132697	87132698	3p12.1
rs7571588	chr2	26277039	26277040	2p23.3
rs75722638	chr4	98657057	98657058	4q22.3
rs7573118	chr2	26308085	26308086	2p23.3
rs7573362	chr2	26308299	26308300	2p23.3
rs75735964	chr3	87212191	87212192	3p11.2
rs75742992	chr3	132988413	132988414	3q22.1
rs7576192	chr2	121118030	121118031	2q14.2
rs75781259	chr9	102919437	102919438	9q31.1
rs7579169	chr2	121118123	121118124	2q14.2
rs7579199	chr2	26266495	26266496	2p23.3
rs7579371	chr2	108414441	108414442	2q12.3
rs75824420	chr5	32801016	32801017	5p13.3
rs75825288	chr4	98564573	98564574	4q22.3
rs7585379	chr2	26308175	26308176	2p23.3
rs75887598	chr8	20299202	20299203	8p21.3
rs7588802	chr2	26277788	26277789	2p23.3
rs75892143	chr8	20192749	20192750	8p21.3
rs75893584	chr8	20258523	20258524	8p21.3
rs75899922	chr6	31213452	31213453	6p21.33
rs75928944	chr3	87196418	87196419	3p12.1
rs75931670	chr6	31222360	31222361	6p21.33
rs75937460	chr4	152158485	152158486	4q31.3
rs7593786	chr2	121121801	121121802	2q14.2
rs7597283	chr2	26276977	26276978	2p23.3
rs75977630	chr8	20301168	20301169	8p21.3
rs7599132	chr2	26279809	26279810	2p23.3
rs76002310	chr3	87171928	87171929	3p12.1
rs76013261	chr8	20292374	20292375	8p21.3
rs76021243	chr2	228497095	228497096	2q36.3
rs7602922	chr2	26265781	26265782	2p23.3
rs76061534	chr3	87243583	87243584	3p11.2
rs7606351	chr2	26292544	26292545	2p23.3
rs7607681	chr2	26261650	26261651	2p23.3
rs7610571	chr3	8585236	8585237	3p26.1
rs7613341	chr3	169190906	169190907	3q26.2
rs7616573	chr3	8560053	8560054	3p26.1
rs76204897	chr13	29088035	29088036	13q12.3
rs7622989	chr3	8554302	8554303	3p26.1
rs76231211	chr8	20290583	20290584	8p21.3
rs7624569	chr3	8550014	8550015	3p26.1
rs76260192	chr14	53696205	53696206	14q22.1
rs76277717	chr3	87201315	87201316	3p11.2
rs7629532	chr3	8584998	8584999	3p26.1
rs76299202	chr11	70694439	70694440	11q13.4
rs7632129	chr3	8585470	8585471	3p26.1
rs7635073	chr3	8586178	8586179	3p26.1
rs76363341	chr4	98814447	98814448	4q23
rs76364942	chr4	98607363	98607364	4q22.3
rs7637683	chr3	8555506	8555507	3p26.1
rs76395516	chr8	20237542	20237543	8p21.3
rs7642504	chr3	8581596	8581597	3p26.1
rs7646101	chr3	8583050	8583051	3p26.1
rs76461998	chr8	20201883	20201884	8p21.3
rs7648290	chr3	87244669	87244670	3p11.2
rs76495904	chr15	41272056	41272057	15q15.1
rs76557883	chr3	87173761	87173762	3p12.1
rs76592385	chr3	87258825	87258826	3p11.2
rs76634393	chr3	149239128	149239129	3q25.1
rs76656459	chr4	98677420	98677421	4q22.3
rs76668454	chr3	87126427	87126428	3p12.1
rs76675491	chr14	53793476	53793477	14q22.1
rs7670577	chr4	37203942	37203943	4p14
rs76752640	chr3	87266525	87266526	3p11.2
rs7677523	chr4	98965695	98965696	4q23
rs76831104	chr13	29073391	29073392	13q12.3
rs76842137	chr3	87253902	87253903	3p11.2
rs768613	chr1	42485262	42485263	1p34.2
rs76876403	chr2	228486873	228486874	2q36.3
rs76900195	chr8	20287853	20287854	8p21.3
rs7692744	chr4	152587802	152587803	4q31.3
rs76943317	chr8	20237331	20237332	8p21.3
rs76991069	chr3	87198941	87198942	3p12.1
rs76998658	chr3	87199701	87199702	3p12.1
rs77020154	chr13	29073047	29073048	13q12.3
rs7703872	chr5	32797656	32797657	5p13.3
rs77100454	chr4	98917533	98917534	4q23
rs77137495	chr1	217198345	217198346	1q41
rs77139725	chr4	99023574	99023575	4q23
rs77142279	chr3	87232990	87232991	3p11.2
rs77171792	chr3	87175497	87175498	3p12.1
rs77215029	chr2	26322079	26322080	2p23.3
rs7722868	chr5	24552552	24552553	5p14.2
rs7722876	chr5	24552565	24552566	5p14.2
rs7733331	chr5	32828845	32828846	5p13.3
rs77401923	chr3	87174238	87174239	3p12.1
rs77436402	chr3	87306893	87306894	3p11.2
rs77483627	chr8	20219777	20219778	8p21.3
rs77507178	chr2	26246168	26246169	2p23.3
rs77513584	chr14	53794419	53794420	14q22.1
rs77591190	chr2	228508483	228508484	2q36.3
rs77666757	chr3	87266985	87266986	3p11.2
rs77702584	chr3	149237130	149237131	3q25.1
rs77715132	chr3	87237881	87237882	3p11.2
rs77726241	chr8	20287925	20287926	8p21.3
rs77752041	chr8	20227923	20227924	8p21.3
rs77764698	chr3	87222686	87222687	3p11.2
rs77814591	chr12	26884064	26884065	12p11.23
rs77843811	chr3	87196330	87196331	3p12.1
rs77985091	chr8	20255531	20255532	8p21.3
rs77997282	chr2	228507936	228507937	2q36.3
rs78106512	chr8	20292735	20292736	8p21.3
rs78267036	chr3	87154581	87154582	3p12.1
rs78269931	chr3	87140313	87140314	3p12.1
rs7830125	chr8	20290398	20290399	8p21.3
rs78302204	chr20	57735447	57735448	20q13.32
rs78307926	chr3	87219313	87219314	3p11.2
rs7831830	chr8	20249914	20249915	8p21.3
rs78362822	chr12	26959503	26959504	12p11.23
rs78385622	chr12	26936252	26936253	12p11.23
rs784103	chr1	42487058	42487059	1p34.2
rs78412528	chr20	57734911	57734912	20q13.32
rs7847149	chr9	102900665	102900666	9q31.1
rs7849323	chr9	102854187	102854188	9q31.1
rs78494481	chr12	26891286	26891287	12p11.23
rs7850961	chr9	102864568	102864569	9q31.1
rs78517370	chr8	20295657	20295658	8p21.3
rs78525152	chr3	87157502	87157503	3p12.1
rs7853497	chr9	102960072	102960073	9q31.1
rs7853561	chr9	102987740	102987741	9q31.1
rs7853585	chr9	102984218	102984219	9q31.1
rs7853672	chr9	102987781	102987782	9q31.1
rs7854444	chr9	102913925	102913926	9q31.1
rs7854689	chr9	102960250	102960251	9q31.1
rs7856932	chr9	102984583	102984584	9q31.1
rs7857556	chr9	102913945	102913946	9q31.1
rs7858045	chr9	102914360	102914361	9q31.1
rs7858119	chr9	102901277	102901278	9q31.1
rs7858208	chr9	102901283	102901284	9q31.1
rs78584389	chr8	20198779	20198780	8p21.3
rs7859524	chr9	102949359	102949360	9q31.1
rs78600840	chr1	217213219	217213220	1q41
rs7860268	chr9	102940390	102940391	9q31.1
rs7860660	chr9	102897203	102897204	9q31.1
rs78610930	chr3	87154873	87154874	3p12.1
rs78622099	chr3	87238115	87238116	3p11.2
rs78624573	chr3	87254217	87254218	3p11.2
rs7862614	chr9	102924699	102924700	9q31.1
rs78629463	chr8	20253670	20253671	8p21.3
rs7865483	chr9	102968002	102968003	9q31.1
rs7866669	chr9	102963660	102963661	9q31.1
rs7866700	chr9	103044298	103044299	9q31.1
rs7866950	chr9	102971111	102971112	9q31.1
rs7867803	chr9	102816534	102816535	9q31.1
rs7868020	chr9	102914268	102914269	9q31.1
rs7868446	chr9	102856164	102856165	9q31.1
rs7868632	chr9	102905237	102905238	9q31.1
rs7870469	chr9	102859801	102859802	9q31.1
rs7870701	chr9	102897143	102897144	9q31.1
rs78718649	chr3	87138881	87138882	3p12.1
rs7872014	chr9	102945092	102945093	9q31.1
rs7872556	chr9	102944855	102944856	9q31.1
rs7872897	chr9	102909772	102909773	9q31.1
rs7873545	chr9	102747899	102747900	9q31.1
rs78742847	chr4	99222530	99222531	4q23
rs78796450	chr4	98588099	98588100	4q22.3
rs78846039	chr20	57740435	57740436	20q13.32
rs78873262	chr2	228482812	228482813	2q36.3
rs78921946	chr8	20253998	20253999	8p21.3
rs78927221	chr8	20287915	20287916	8p21.3
rs7896013	chr10	134242196	134242197	10q26.3
rs78992414	chr8	20243246	20243247	8p21.3
rs79078871	chr8	20231620	20231621	8p21.3
rs79083645	chr8	20246844	20246845	8p21.3
rs79088356	chr3	87203962	87203963	3p11.2
rs7909337	chr10	134245193	134245194	10q26.3
rs79111533	chr6	30969777	30969778	6p21.33
rs79123511	chr3	87215647	87215648	3p11.2
rs7912932	chr10	134245601	134245602	10q26.3
rs79159746	chr8	20292371	20292372	8p21.3
rs7915981	chr10	134248887	134248888	10q26.3
rs79167357	chr13	29111551	29111552	13q12.3
rs79221939	chr8	20201648	20201649	8p21.3
rs79229906	chr4	99179522	99179523	4q23
rs79236354	chr8	20222555	20222556	8p21.3
rs79249162	chr1	68692849	68692850	1p31.3
rs79249867	chr8	20243625	20243626	8p21.3
rs79286004	chr3	87237267	87237268	3p11.2
rs79308483	chr3	87204174	87204175	3p11.2
rs79357398	chr8	20262403	20262404	8p21.3
rs79365245	chr4	98586535	98586536	4q22.3
rs79390035	chr4	152074767	152074768	4q31.3
rs79401451	chr8	20265753	20265754	8p21.3
rs79459050	chr4	98918825	98918826	4q23
rs79472777	chr3	87199055	87199056	3p12.1
rs79506791	chr4	98567556	98567557	4q22.3
rs79517383	chr8	20243646	20243647	8p21.3
rs79521608	chr3	87298182	87298183	3p11.2
rs79540877	chr12	26959806	26959807	12p11.23
rs7956691	chr12	26904671	26904672	12p11.23
rs7961772	chr12	26951250	26951251	12p11.23
rs79724598	chr3	87246126	87246127	3p11.2
rs7984926	chr13	77727449	77727450	13q22.3
rs7985205	chr13	29073853	29073854	13q12.3
rs7986578	chr13	77908931	77908932	13q22.3
rs7988846	chr13	29241415	29241416	13q12.3
rs79893464	chr8	20292842	20292843	8p21.3
rs7989377	chr13	77724577	77724578	13q22.3
rs79895590	chr4	98645284	98645285	4q22.3
rs7989738	chr13	29236033	29236034	13q12.3
rs79903675	chr8	20229699	20229700	8p21.3
rs79936580	chr4	99091966	99091967	4q23
rs7994657	chr13	77905478	77905479	13q22.3
rs7995002	chr13	77749835	77749836	13q22.3
rs79968675	chr3	87171933	87171934	3p12.1
rs7997041	chr13	29172593	29172594	13q12.3
rs7997858	chr13	29172708	29172709	13q12.3
rs7998180	chr13	29172385	29172386	13q12.3
rs79994966	chr16	53823726	53823727	16q12.2
rs80047508	chr4	98766618	98766619	4q22.3
rs80061972	chr3	87196518	87196519	3p12.1
rs80178851	chr2	228508237	228508238	2q36.3
rs80188054	chr3	87239142	87239143	3p11.2
rs80255138	chr4	152107237	152107238	4q31.3
rs80261486	chr8	20236020	20236021	8p21.3
rs80308090	chr8	20283778	20283779	8p21.3
rs80350806	chr4	98804381	98804382	4q23
rs8043757	chr16	53813449	53813450	16q12.2
rs8047587	chr16	53798621	53798622	16q12.2
rs8050136	chr16	53816274	53816275	16q12.2
rs8051591	chr16	53816751	53816752	16q12.2
rs8057044	chr16	53812613	53812614	16q12.2
rs8063057	chr16	53812432	53812433	16q12.2
rs8109472	chr19	45736002	45736003	19q13.32
rs8124775	chr20	5960091	5960092	20p12.3
rs847888	chr12	112151741	112151742	12q24.12
rs851516	chr13	77571277	77571278	13q22.3
rs867408	chr1	217158959	217158960	1q41
rs867409	chr1	217159062	217159063	1q41
rs867410	chr1	217159447	217159448	1q41
rs880671	chr2	46746255	46746256	2p21
rs885005	chr13	29245851	29245852	13q12.3
rs885219	chr13	29246205	29246206	13q12.3
rs892448	chr2	26366204	26366205	2p23.3
rs920170	chr1	217137491	217137492	1q41
rs924612	chr5	32792323	32792324	5p13.3
rs9263761	chr6	31116738	31116739	6p21.33
rs9263788	chr6	31128258	31128259	6p21.33
rs9264242	chr6	31222583	31222584	6p21.33
rs9264416	chr6	31230041	31230042	6p21.33
rs9264423	chr6	31230215	31230216	6p21.33
rs9264442	chr6	31231096	31231097	6p21.33
rs9264456	chr6	31231441	31231442	6p21.33
rs9264486	chr6	31232481	31232482	6p21.33
rs9264679	chr6	31240662	31240663	6p21.33
rs9264731	chr6	31244067	31244068	6p21.33
rs9264732	chr6	31244180	31244181	6p21.33
rs9264734	chr6	31244229	31244230	6p21.33
rs9264736	chr6	31244246	31244247	6p21.33
rs9264737	chr6	31244248	31244249	6p21.33
rs9264738	chr6	31244260	31244261	6p21.33
rs9264739	chr6	31244299	31244300	6p21.33
rs9264742	chr6	31244615	31244616	6p21.33
rs9264745	chr6	31245477	31245478	6p21.33
rs9264746	chr6	31245487	31245488	6p21.33
rs9264747	chr6	31245488	31245489	6p21.33
rs9264749	chr6	31245619	31245620	6p21.33
rs9264761	chr6	31249131	31249132	6p21.33
rs9264763	chr6	31249195	31249196	6p21.33
rs9281268	chr6	31192063	31192064	6p21.33
rs9292468	chr5	32819072	32819073	5p13.3
rs9293135	chr5	24558392	24558393	5p14.2
rs9293137	chr5	24558430	24558431	5p14.2
rs9293138	chr5	24558532	24558533	5p14.2
rs9308802	chr2	108413705	108413706	2q12.3
rs9308803	chr2	108413815	108413816	2q12.3
rs9312024	chr3	8561731	8561732	3p26.1
rs9312025	chr3	8589905	8589906	3p26.1
rs931517	chr3	8572372	8572373	3p26.1
rs931685	chr3	8548849	8548850	3p26.1
rs931686	chr3	8548884	8548885	3p26.1
rs9318466	chr13	77738145	77738146	13q22.3
rs9318468	chr13	77739290	77739291	13q22.3
rs9318469	chr13	77785091	77785092	13q22.3
rs9332419	chr2	26322039	26322040	2p23.3
rs950511	chr8	20301919	20301920	8p21.3
rs9506015	chr13	29143557	29143558	13q12.3
rs9506016	chr13	29143745	29143746	13q12.3
rs9506017	chr13	29145024	29145025	13q12.3
rs9506018	chr13	29150071	29150072	13q12.3
rs9506023	chr13	29172956	29172957	13q12.3
rs9508062	chr13	29142849	29142850	13q12.3
rs9508063	chr13	29146283	29146284	13q12.3
rs9508064	chr13	29146399	29146400	13q12.3
rs9508092	chr13	29186161	29186162	13q12.3
rs9508094	chr13	29188806	29188807	13q12.3
rs9508104	chr13	29245420	29245421	13q12.3
rs9530624	chr13	77743313	77743314	13q22.3
rs9530626	chr13	77803603	77803604	13q22.3
rs9530631	chr13	77862983	77862984	13q22.3
rs9530635	chr13	77891230	77891231	13q22.3
rs9544419	chr13	77686307	77686308	13q22.3
rs9544438	chr13	77817580	77817581	13q22.3
rs9544452	chr13	77875051	77875052	13q22.3
rs9544460	chr13	77906582	77906583	13q22.3
rs9550383	chr13	29210459	29210460	13q12.3
rs9550384	chr13	29210643	29210644	13q12.3
rs9550389	chr13	29248642	29248643	13q12.3
rs9551526	chr13	29254709	29254710	13q12.3
rs9551527	chr13	29255156	29255157	13q12.3
rs9551528	chr13	29255186	29255187	13q12.3
rs9551529	chr13	29256213	29256214	13q12.3
rs9574026	chr13	77858394	77858395	13q22.3
rs966120	chr4	151147239	151147240	4q31.3
rs9678412	chr2	26270694	26270695	2p23.3
rs9695680	chr9	102987534	102987535	9q31.1
rs9696818	chr9	102987484	102987485	9q31.1
rs975369	chr7	25612660	25612661	7p15.2
rs9788300	chr13	77813810	77813811	13q22.3
rs9810512	chr3	8570873	8570874	3p26.1
rs9814240	chr3	8587641	8587642	3p26.1
rs9818672	chr3	8553237	8553238	3p26.1
rs9827267	chr3	8568467	8568468	3p26.1
rs9831647	chr3	8571109	8571110	3p26.1
rs9832427	chr3	8578190	8578191	3p26.1
rs9836284	chr3	8584291	8584292	3p26.1
rs9836404	chr3	87172004	87172005	3p12.1
rs9850919	chr3	169177923	169177924	3q26.2
rs9854497	chr3	8547740	8547741	3p26.1
rs985577	chr8	20226927	20226928	8p21.3
rs985578	chr8	20227210	20227211	8p21.3
rs9864972	chr3	8570059	8570060	3p26.1
rs9865627	chr3	8570425	8570426	3p26.1
rs9875641	chr3	8572087	8572088	3p26.1
rs9877344	chr3	8547391	8547392	3p26.1
rs9882165	chr3	8548047	8548048	3p26.1
rs9922619	chr16	53831770	53831771	16q12.2
rs9922708	chr16	53831145	53831146	16q12.2
rs9923147	chr16	53801548	53801549	16q12.2
rs9923233	chr16	53819197	53819198	16q12.2
rs9923312	chr16	53819366	53819367	16q12.2
rs9923544	chr16	53801984	53801985	16q12.2
rs9926289	chr16	53820502	53820503	16q12.2
rs9928094	chr16	53799904	53799905	16q12.2
rs9930397	chr16	53799984	53799985	16q12.2
rs9930501	chr16	53830451	53830452	16q12.2
rs9930506	chr16	53830464	53830465	16q12.2
rs9931494	chr16	53827178	53827179	16q12.2
rs9931900	chr16	53818812	53818813	16q12.2
rs9932754	chr16	53830490	53830491	16q12.2
rs9933040	chr16	53830866	53830867	16q12.2
rs9933509	chr16	53818166	53818167	16q12.2
rs9935401	chr16	53816837	53816838	16q12.2
rs9936385	chr16	53819168	53819169	16q12.2
rs9937053	chr16	53799506	53799507	16q12.2
rs9937354	chr16	53799846	53799847	16q12.2
rs9937521	chr16	53799295	53799296	16q12.2
rs9937709	chr16	53820812	53820813	16q12.2
rs9939609	chr16	53820526	53820527	16q12.2
rs9939973	chr16	53800567	53800568	16q12.2
rs9940128	chr16	53800753	53800754	16q12.2
rs9940278	chr16	53800199	53800200	16q12.2
rs9940646	chr16	53800628	53800629	16q12.2
rs9941349	chr16	53825487	53825488	16q12.2
rs9972653	chr16	53814362	53814363	16q12.2
rs9976946	chr21	36208061	36208062	21q22.12
rs9986025	chr4	60861556	60861557	4q13.1
