chr1	11845221	11845222	rs55867221	chr1	11845210	11845821	CTCF	BE2_C
chr1	11845523	11845524	rs2151654	chr1	11845210	11845821	CTCF	BE2_C
chr1	217221935	217221936	rs11577589	chr1	217221607	217222113	CTCF	BE2_C
chr10	29027222	29027223	rs1248993	chr10	29027081	29027543	CTCF	BE2_C
chr13	29254071	29254072	rs10648333	chr13	29253742	29254149	CTCF	BE2_C
chr13	77891230	77891231	rs9530635	chr13	77891120	77891716	CTCF	BE2_C
chr16	53830866	53830867	rs9933040	chr16	53830678	53831038	CTCF	BE2_C
chr2	46658720	46658721	rs2881322	chr2	46658653	46658969	CTCF	BE2_C
chr2	46688687	46688688	rs1530621	chr2	46688495	46688934	CTCF	BE2_C
chr4	152020778	152020779	rs75660387	chr4	152020450	152020811	CTCF	BE2_C
chr6	31160596	31160597	rs111279592	chr6	31160300	31160676	CTCF	BE2_C
chr8	20193103	20193104	rs17092258	chr8	20192853	20193247	CTCF	BE2_C
chr8	20231016	20231017	rs2005365	chr8	20230676	20231100	CTCF	BE2_C
chr8	20237331	20237332	rs76943317	chr8	20237115	20237557	CTCF	BE2_C
chr8	20237542	20237543	rs76395516	chr8	20237115	20237557	CTCF	BE2_C
chr8	20238587	20238588	rs4922177	chr8	20238284	20238665	CTCF	BE2_C
chr8	20292842	20292843	rs79893464	chr8	20292765	20293150	CTCF	BE2_C
chr8	25946201	25946202	rs13250760	chr8	25946183	25946578	CTCF	BE2_C
chr9	102790678	102790679	rs10988948	chr9	102790369	102790775	CTCF	BE2_C
chr9	102959917	102959918	rs6479005	chr9	102959862	102960193	CTCF	BE2_C
chr9	102960072	102960073	rs7853497	chr9	102959862	102960193	CTCF	BE2_C
