chr1	11845221	11845222	rs55867221	chr1	11845210	11845821	CTCF	Gliobla
chr1	11845523	11845524	rs2151654	chr1	11845210	11845821	CTCF	Gliobla
chr1	11865062	11865063	rs3834045	chr1	11864657	11866827	POLR2A	Gliobla
chr1	11865235	11865236	rs17367629	chr1	11864657	11866827	POLR2A	Gliobla
chr1	11865283	11865284	rs3834044	chr1	11864657	11866827	POLR2A	Gliobla
chr1	11865541	11865542	rs3753582	chr1	11864657	11866827	POLR2A	Gliobla
chr1	11865803	11865804	rs13306561	chr1	11864657	11866827	POLR2A	Gliobla
chr1	11865815	11865816	rs3834043	chr1	11864657	11866827	POLR2A	Gliobla
chr1	217221935	217221936	rs11577589	chr1	217221607	217222113	CTCF	Gliobla
chr1	228203267	228203268	rs708119	chr1	228203007	228203291	POLR2A	Gliobla
chr1	228271152	228271153	rs3754357	chr1	228269188	228272435	POLR2A	Gliobla
chr1	228353650	228353651	rs55873785	chr1	228352077	228354842	POLR2A	Gliobla
chr10	29027222	29027223	rs1248993	chr10	29027081	29027543	CTCF	Gliobla
chr13	29069038	29069039	rs55927955	chr13	29068909	29069519	POLR2A	Gliobla
chr13	29232063	29232064	rs4769628	chr13	29231753	29233968	POLR2A	Gliobla
chr13	77891230	77891231	rs9530635	chr13	77891120	77891716	CTCF	Gliobla
chr2	26256146	26256147	rs6739061	chr2	26255938	26257606	POLR2A	Gliobla
chr2	26256839	26256840	rs4665299	chr2	26255938	26257606	POLR2A	Gliobla
chr2	46688687	46688688	rs1530621	chr2	46688495	46688934	CTCF	Gliobla
chr3	87138881	87138882	rs78718649	chr3	87138269	87139211	POLR2A	Gliobla
chr3	87276698	87276699	rs2279720	chr3	87276087	87277134	POLR2A	Gliobla
chr4	152020778	152020779	rs75660387	chr4	152020104	152021555	POLR2A	Gliobla
chr4	152020778	152020779	rs75660387	chr4	152020450	152020811	CTCF	Gliobla
chr6	30976218	30976219	rs28360974	chr6	30975946	30976402	CTCF	Gliobla
chr6	31160596	31160597	rs111279592	chr6	31160300	31160676	CTCF	Gliobla
chr6	31161209	31161210	rs3095238	chr6	31160942	31161366	CTCF	Gliobla
chr6	31161346	31161347	rs3095237	chr6	31160942	31161366	CTCF	Gliobla
chr6	31164699	31164700	rs3130461	chr6	31163986	31166366	POLR2A	Gliobla
chr6	31165149	31165150	rs3094610	chr6	31163986	31166366	POLR2A	Gliobla
chr6	31165276	31165277	rs3130462	chr6	31163986	31166366	POLR2A	Gliobla
chr6	31165565	31165566	rs3094609	chr6	31163986	31166366	POLR2A	Gliobla
chr6	31165565	31165566	rs3094609	chr6	31165304	31165634	CTCF	Gliobla
chr6	31165961	31165962	rs3130463	chr6	31163986	31166366	POLR2A	Gliobla
chr6	31236852	31236853	rs1065711	chr6	31233581	31240437	POLR2A	Gliobla
chr6	31236997	31236998	rs2001181	chr6	31233581	31240437	POLR2A	Gliobla
chr6	31239305	31239306	rs7383157	chr6	31233581	31240437	POLR2A	Gliobla
chr6	31239305	31239306	rs7383157	chr6	31239288	31239787	CTCF	Gliobla
chr6	31240352	31240353	rs28498059	chr6	31233581	31240437	POLR2A	Gliobla
chr8	20231016	20231017	rs2005365	chr8	20230676	20231100	CTCF	Gliobla
chr8	20237331	20237332	rs76943317	chr8	20237115	20237557	CTCF	Gliobla
chr8	20237542	20237543	rs76395516	chr8	20237115	20237557	CTCF	Gliobla
chr8	20238587	20238588	rs4922177	chr8	20238284	20238665	CTCF	Gliobla
chr8	20292842	20292843	rs79893464	chr8	20292765	20293150	CTCF	Gliobla
chr8	25946201	25946202	rs13250760	chr8	25946183	25946578	CTCF	Gliobla
chr9	102790678	102790679	rs10988948	chr9	102790369	102790775	CTCF	Gliobla
chr9	102930256	102930257	rs12377835	chr9	102930181	102930629	CTCF	Gliobla
