chr1	11865062	11865063	rs3834045	chr1	11864657	11866827	POLR2A	GM19099
chr1	11865235	11865236	rs17367629	chr1	11864657	11866827	POLR2A	GM19099
chr1	11865283	11865284	rs3834044	chr1	11864657	11866827	POLR2A	GM19099
chr1	11865541	11865542	rs3753582	chr1	11864657	11866827	POLR2A	GM19099
chr1	11865803	11865804	rs13306561	chr1	11864657	11866827	POLR2A	GM19099
chr1	11865815	11865816	rs3834043	chr1	11864657	11866827	POLR2A	GM19099
chr1	228271152	228271153	rs3754357	chr1	228269188	228272435	POLR2A	GM19099
chr1	228353650	228353651	rs55873785	chr1	228352077	228354842	POLR2A	GM19099
chr12	26881270	26881271	rs7313538	chr12	26880838	26881536	POLR2A	GM19099
chr12	26881270	26881271	rs7313538	chr12	26881045	26881483	RELA	GM19099
chr13	29069038	29069039	rs55927955	chr13	29068909	29069519	POLR2A	GM19099
chr13	29215126	29215127	rs11316130	chr13	29215078	29215904	POLR2A	GM19099
chr13	29215903	29215904	rs1572881	chr13	29215078	29215904	POLR2A	GM19099
chr13	29215903	29215904	rs1572881	chr13	29215649	29216075	RELA	GM19099
chr13	29232063	29232064	rs4769628	chr13	29231753	29233968	POLR2A	GM19099
chr2	26256146	26256147	rs6739061	chr2	26255938	26257606	POLR2A	GM19099
chr2	26256839	26256840	rs4665299	chr2	26255938	26257606	POLR2A	GM19099
chr2	26267136	26267137	rs35413760	chr2	26267096	26267440	RELA	GM19099
chr2	26267374	26267375	rs12475854	chr2	26267096	26267440	RELA	GM19099
chr3	87276698	87276699	rs2279720	chr3	87276087	87277134	POLR2A	GM19099
chr4	152020778	152020779	rs75660387	chr4	152020104	152021555	POLR2A	GM19099
chr4	152020778	152020779	rs75660387	chr4	152020458	152021083	RELA	GM19099
chr6	31164699	31164700	rs3130461	chr6	31163986	31166366	POLR2A	GM19099
chr6	31165149	31165150	rs3094610	chr6	31163986	31166366	POLR2A	GM19099
chr6	31165276	31165277	rs3130462	chr6	31163986	31166366	POLR2A	GM19099
chr6	31165565	31165566	rs3094609	chr6	31163986	31166366	POLR2A	GM19099
chr6	31165961	31165962	rs3130463	chr6	31163986	31166366	POLR2A	GM19099
chr6	31236852	31236853	rs1065711	chr6	31233581	31240437	POLR2A	GM19099
chr6	31236997	31236998	rs2001181	chr6	31233581	31240437	POLR2A	GM19099
chr6	31239305	31239306	rs7383157	chr6	31233581	31240437	POLR2A	GM19099
chr6	31240352	31240353	rs28498059	chr6	31233581	31240437	POLR2A	GM19099
chr9	102790678	102790679	rs10988948	chr9	102790371	102790787	RELA	GM19099
