chr1	11845166	11845167	rs55820567	chr1	11845025	11845572	TAF1	H1-hESC
chr1	11845166	11845167	rs55820567	chr1	11845076	11845588	EP300	H1-hESC
chr1	11845166	11845167	rs55820567	chr1	11845092	11845368	EGR1	H1-hESC
chr1	11845166	11845167	rs55820567	chr1	11845094	11845361	FOSL1	H1-hESC
chr1	11845166	11845167	rs55820567	chr1	11845109	11845629	SIN3A	H1-hESC
chr1	11845166	11845167	rs55820567	chr1	11845112	11845488	TBP	H1-hESC
chr1	11845166	11845167	rs55820567	chr1	11845118	11845532	ZNF143	H1-hESC
chr1	11845166	11845167	rs55820567	chr1	11845137	11845493	TAF7	H1-hESC
chr1	11845166	11845167	rs55820567	chr1	11845138	11845394	HDAC2	H1-hESC
chr1	11845221	11845222	rs55867221	chr1	11845025	11845572	TAF1	H1-hESC
chr1	11845221	11845222	rs55867221	chr1	11845076	11845588	EP300	H1-hESC
chr1	11845221	11845222	rs55867221	chr1	11845092	11845368	EGR1	H1-hESC
chr1	11845221	11845222	rs55867221	chr1	11845094	11845361	FOSL1	H1-hESC
chr1	11845221	11845222	rs55867221	chr1	11845109	11845629	SIN3A	H1-hESC
chr1	11845221	11845222	rs55867221	chr1	11845112	11845488	TBP	H1-hESC
chr1	11845221	11845222	rs55867221	chr1	11845118	11845532	ZNF143	H1-hESC
chr1	11845221	11845222	rs55867221	chr1	11845137	11845493	TAF7	H1-hESC
chr1	11845221	11845222	rs55867221	chr1	11845138	11845394	HDAC2	H1-hESC
chr1	11845221	11845222	rs55867221	chr1	11845180	11845636	JUND	H1-hESC
chr1	11845221	11845222	rs55867221	chr1	11845204	11845580	YY1	H1-hESC
chr1	11845221	11845222	rs55867221	chr1	11845210	11845821	CTCF	H1-hESC
chr1	11845523	11845524	rs2151654	chr1	11845025	11845572	TAF1	H1-hESC
chr1	11845523	11845524	rs2151654	chr1	11845076	11845588	EP300	H1-hESC
chr1	11845523	11845524	rs2151654	chr1	11845109	11845629	SIN3A	H1-hESC
chr1	11845523	11845524	rs2151654	chr1	11845118	11845532	ZNF143	H1-hESC
chr1	11845523	11845524	rs2151654	chr1	11845180	11845636	JUND	H1-hESC
chr1	11845523	11845524	rs2151654	chr1	11845204	11845580	YY1	H1-hESC
chr1	11845523	11845524	rs2151654	chr1	11845210	11845821	CTCF	H1-hESC
chr1	11845523	11845524	rs2151654	chr1	11845259	11845528	RAD21	H1-hESC
chr1	11846658	11846659	rs55780505	chr1	11846045	11849297	POLR2A	H1-hESC
chr1	11846741	11846742	rs2184227	chr1	11846045	11849297	POLR2A	H1-hESC
chr1	11847771	11847772	rs3820192	chr1	11846045	11849297	POLR2A	H1-hESC
chr1	11847771	11847772	rs3820192	chr1	11847469	11847989	SIN3A	H1-hESC
chr1	11847771	11847772	rs3820192	chr1	11847545	11848125	ATF2	H1-hESC
chr1	11847771	11847772	rs3820192	chr1	11847594	11847918	SP1	H1-hESC
chr1	11847771	11847772	rs3820192	chr1	11847601	11847851	TEAD4	H1-hESC
chr1	11847771	11847772	rs3820192	chr1	11847646	11847902	HDAC2	H1-hESC
chr1	11847860	11847861	rs1537516	chr1	11846045	11849297	POLR2A	H1-hESC
chr1	11847860	11847861	rs1537516	chr1	11847469	11847989	SIN3A	H1-hESC
chr1	11847860	11847861	rs1537516	chr1	11847545	11848125	ATF2	H1-hESC
chr1	11847860	11847861	rs1537516	chr1	11847594	11847918	SP1	H1-hESC
chr1	11847860	11847861	rs1537516	chr1	11847646	11847902	HDAC2	H1-hESC
chr1	11847901	11847902	rs1537515	chr1	11846045	11849297	POLR2A	H1-hESC
chr1	11847901	11847902	rs1537515	chr1	11847469	11847989	SIN3A	H1-hESC
chr1	11847901	11847902	rs1537515	chr1	11847545	11848125	ATF2	H1-hESC
chr1	11847901	11847902	rs1537515	chr1	11847594	11847918	SP1	H1-hESC
chr1	11847901	11847902	rs1537515	chr1	11847646	11847902	HDAC2	H1-hESC
chr1	11847901	11847902	rs1537515	chr1	11847893	11848163	CTCF	H1-hESC
chr1	11848067	11848068	rs1537514	chr1	11846045	11849297	POLR2A	H1-hESC
chr1	11848067	11848068	rs1537514	chr1	11847545	11848125	ATF2	H1-hESC
chr1	11848067	11848068	rs1537514	chr1	11847893	11848163	CTCF	H1-hESC
chr1	11848971	11848972	rs72640221	chr1	11846045	11849297	POLR2A	H1-hESC
chr1	11863903	11863904	rs3753588	chr1	11863579	11864069	TAF1	H1-hESC
chr1	11863903	11863904	rs3753588	chr1	11863633	11863957	SP1	H1-hESC
chr1	11865062	11865063	rs3834045	chr1	11864657	11866827	POLR2A	H1-hESC
chr1	11865235	11865236	rs17367629	chr1	11864657	11866827	POLR2A	H1-hESC
chr1	11865283	11865284	rs3834044	chr1	11864657	11866827	POLR2A	H1-hESC
chr1	11865541	11865542	rs3753582	chr1	11864657	11866827	POLR2A	H1-hESC
chr1	11865541	11865542	rs3753582	chr1	11865373	11866701	SIN3AK20	H1-hESC
chr1	11865541	11865542	rs3753582	chr1	11865432	11866966	MAX	H1-hESC
chr1	11865541	11865542	rs3753582	chr1	11865496	11866411	JUND	H1-hESC
chr1	11865541	11865542	rs3753582	chr1	11865499	11866421	TBP	H1-hESC
chr1	11865541	11865542	rs3753582	chr1	11865500	11866429	TAF1	H1-hESC
chr1	11865803	11865804	rs13306561	chr1	11864657	11866827	POLR2A	H1-hESC
chr1	11865803	11865804	rs13306561	chr1	11865373	11866701	SIN3AK20	H1-hESC
chr1	11865803	11865804	rs13306561	chr1	11865432	11866966	MAX	H1-hESC
chr1	11865803	11865804	rs13306561	chr1	11865496	11866411	JUND	H1-hESC
chr1	11865803	11865804	rs13306561	chr1	11865499	11866421	TBP	H1-hESC
chr1	11865803	11865804	rs13306561	chr1	11865500	11866429	TAF1	H1-hESC
chr1	11865803	11865804	rs13306561	chr1	11865760	11866124	GTF2F1	H1-hESC
chr1	11865815	11865816	rs3834043	chr1	11864657	11866827	POLR2A	H1-hESC
chr1	11865815	11865816	rs3834043	chr1	11865373	11866701	SIN3AK20	H1-hESC
chr1	11865815	11865816	rs3834043	chr1	11865432	11866966	MAX	H1-hESC
chr1	11865815	11865816	rs3834043	chr1	11865496	11866411	JUND	H1-hESC
chr1	11865815	11865816	rs3834043	chr1	11865499	11866421	TBP	H1-hESC
chr1	11865815	11865816	rs3834043	chr1	11865500	11866429	TAF1	H1-hESC
chr1	11865815	11865816	rs3834043	chr1	11865760	11866124	GTF2F1	H1-hESC
chr1	42502280	42502281	rs1642645	chr1	42502091	42502451	MYC	H1-hESC
chr1	217221935	217221936	rs11577589	chr1	217221607	217222113	CTCF	H1-hESC
chr1	217221935	217221936	rs11577589	chr1	217221658	217221994	YY1	H1-hESC
chr1	217221935	217221936	rs11577589	chr1	217221730	217222020	ZNF143	H1-hESC
chr1	217221935	217221936	rs11577589	chr1	217221732	217221985	RAD21	H1-hESC
chr1	228271152	228271153	rs3754357	chr1	228269188	228272435	POLR2A	H1-hESC
chr1	228353650	228353651	rs55873785	chr1	228352077	228354842	POLR2A	H1-hESC
chr1	228353650	228353651	rs55873785	chr1	228353199	228353730	TEAD4	H1-hESC
chr1	228353650	228353651	rs55873785	chr1	228353219	228354597	SIN3A	H1-hESC
chr1	228353650	228353651	rs55873785	chr1	228353229	228353935	EP300	H1-hESC
chr1	228353650	228353651	rs55873785	chr1	228353262	228353932	RBBP5	H1-hESC
chr1	228353650	228353651	rs55873785	chr1	228353262	228353896	TAF1	H1-hESC
chr1	228353650	228353651	rs55873785	chr1	228353314	228353718	GTF2F1	H1-hESC
chr1	228353650	228353651	rs55873785	chr1	228353324	228353817	YY1	H1-hESC
chr1	228353650	228353651	rs55873785	chr1	228353357	228353701	TAF7	H1-hESC
chr1	228353650	228353651	rs55873785	chr1	228353375	228353823	TBP	H1-hESC
chr1	228353650	228353651	rs55873785	chr1	228353534	228354114	ATF2	H1-hESC
chr1	228353650	228353651	rs55873785	chr1	228353550	228353862	NRF1	H1-hESC
chr1	228353650	228353651	rs55873785	chr1	228353639	228354006	JUN	H1-hESC
chr10	29027222	29027223	rs1248993	chr10	29027081	29027543	CTCF	H1-hESC
chr10	29027222	29027223	rs1248993	chr10	29027205	29027451	RAD21	H1-hESC
chr10	134244163	134244164	rs12774734	chr10	134244036	134244346	SUZ12	H1-hESC
chr10	134244277	134244278	rs4880372	chr10	134244036	134244346	SUZ12	H1-hESC
chr13	29067335	29067336	rs662560	chr13	29067162	29068191	CHD1	H1-hESC
chr13	29067864	29067865	rs4769602	chr13	29067162	29068191	CHD1	H1-hESC
chr13	29067864	29067865	rs4769602	chr13	29067758	29068094	YY1	H1-hESC
chr13	29068149	29068150	rs57710852	chr13	29067162	29068191	CHD1	H1-hESC
chr13	29068174	29068175	rs7320371	chr13	29067162	29068191	CHD1	H1-hESC
chr13	29068439	29068440	rs598945	chr13	29068270	29068790	SIN3A	H1-hESC
chr13	29069038	29069039	rs55927955	chr13	29068909	29069519	POLR2A	H1-hESC
chr13	29069038	29069039	rs55927955	chr13	29068921	29070037	RBBP5	H1-hESC
chr13	29079836	29079837	rs73437398	chr13	29079719	29079989	CTCF	H1-hESC
chr13	29105869	29105870	rs149427560	chr13	29105533	29106149	CHD1	H1-hESC
chr13	29105869	29105870	rs149427560	chr13	29105777	29106087	SUZ12	H1-hESC
chr13	29106769	29106770	rs113039174	chr13	29106693	29107156	GABPA	H1-hESC
chr13	29106769	29106770	rs113039174	chr13	29106698	29107022	BACH1	H1-hESC
chr13	29106773	29106774	rs111472572	chr13	29106693	29107156	GABPA	H1-hESC
chr13	29106773	29106774	rs111472572	chr13	29106698	29107022	BACH1	H1-hESC
chr13	29106785	29106786	rs111815885	chr13	29106693	29107156	GABPA	H1-hESC
chr13	29106785	29106786	rs111815885	chr13	29106698	29107022	BACH1	H1-hESC
chr13	29106785	29106786	rs111815885	chr13	29106777	29107266	TBP	H1-hESC
chr13	29211288	29211289	rs35242283	chr13	29210698	29211379	ATF2	H1-hESC
chr13	29211288	29211289	rs35242283	chr13	29210777	29211297	SIN3A	H1-hESC
chr13	29211288	29211289	rs35242283	chr13	29210842	29211357	EP300	H1-hESC
chr13	29232063	29232064	rs4769628	chr13	29231753	29233968	POLR2A	H1-hESC
chr13	29254071	29254072	rs10648333	chr13	29253742	29254149	CTCF	H1-hESC
chr13	29254071	29254072	rs10648333	chr13	29253818	29254102	RAD21	H1-hESC
chr13	39903242	39903243	rs6563695	chr13	39903082	39903662	ATF2	H1-hESC
chr13	39903242	39903243	rs6563695	chr13	39903242	39903566	SP1	H1-hESC
chr13	77891230	77891231	rs9530635	chr13	77891120	77891716	CTCF	H1-hESC
chr16	53821412	53821413	rs7206629	chr16	53821390	53821680	MAFK	H1-hESC
chr16	53821614	53821615	rs7202116	chr16	53821390	53821680	MAFK	H1-hESC
chr16	53830866	53830867	rs9933040	chr16	53830678	53831038	CTCF	H1-hESC
chr19	45737217	45737218	rs346750	chr19	45736944	45737854	EZH2	H1-hESC
chr19	45737836	45737837	rs346748	chr19	45736944	45737854	EZH2	H1-hESC
chr2	26241160	26241161	rs11126335	chr2	26240951	26241471	SIN3A	H1-hESC
chr2	26241160	26241161	rs11126335	chr2	26241011	26241353	BACH1	H1-hESC
chr2	26241160	26241161	rs11126335	chr2	26241030	26241350	MAFK	H1-hESC
chr2	26241160	26241161	rs11126335	chr2	26241039	26241341	USF1	H1-hESC
chr2	26241160	26241161	rs11126335	chr2	26241044	26241320	USF2	H1-hESC
chr2	26256146	26256147	rs6739061	chr2	26255938	26257606	POLR2A	H1-hESC
chr2	26256146	26256147	rs6739061	chr2	26255938	26256518	ATF2	H1-hESC
chr2	26256146	26256147	rs6739061	chr2	26256031	26257373	TAF1	H1-hESC
chr2	26256146	26256147	rs6739061	chr2	26256035	26256471	TBP	H1-hESC
chr2	26256146	26256147	rs6739061	chr2	26256045	26256685	YY1	H1-hESC
chr2	26256146	26256147	rs6739061	chr2	26256065	26256315	TEAD4	H1-hESC
chr2	26256146	26256147	rs6739061	chr2	26256069	26256549	CHD1	H1-hESC
chr2	26256146	26256147	rs6739061	chr2	26256079	26256435	TAF7	H1-hESC
chr2	26256146	26256147	rs6739061	chr2	26256141	26256461	JUND	H1-hESC
chr2	26256839	26256840	rs4665299	chr2	26255938	26257606	POLR2A	H1-hESC
chr2	26256839	26256840	rs4665299	chr2	26256031	26257373	TAF1	H1-hESC
chr2	26256839	26256840	rs4665299	chr2	26256744	26257028	NRF1	H1-hESC
chr2	26256839	26256840	rs4665299	chr2	26256798	26257162	GTF2F1	H1-hESC
chr2	26256839	26256840	rs4665299	chr2	26256809	26257210	TBP	H1-hESC
chr2	26256839	26256840	rs4665299	chr2	26256812	26257392	GABPA	H1-hESC
chr2	26256839	26256840	rs4665299	chr2	26256813	26257137	BACH1	H1-hESC
chr2	26256839	26256840	rs4665299	chr2	26256817	26257325	TAF7	H1-hESC
chr2	26256839	26256840	rs4665299	chr2	26256818	26257174	MXI1	H1-hESC
chr2	26267374	26267375	rs12475854	chr2	26267323	26267595	CEBPB	H1-hESC
chr2	26287841	26287842	rs3910272	chr2	26287792	26288176	USF1	H1-hESC
chr2	26291492	26291493	rs4233709	chr2	26291483	26291816	BACH1	H1-hESC
chr2	26291564	26291565	rs4233710	chr2	26291483	26291816	BACH1	H1-hESC
chr2	26291564	26291565	rs4233710	chr2	26291512	26291840	MAFK	H1-hESC
chr2	26293877	26293878	rs6546736	chr2	26293680	26294027	MAFK	H1-hESC
chr2	26362514	26362515	rs2289021	chr2	26361897	26362979	POLR2A	H1-hESC
chr2	46688687	46688688	rs1530621	chr2	46688495	46688934	CTCF	H1-hESC
chr2	46688687	46688688	rs1530621	chr2	46688559	46688817	RAD21	H1-hESC
chr2	46688687	46688688	rs1530621	chr2	46688564	46688874	BRCA1	H1-hESC
chr2	46688687	46688688	rs1530621	chr2	46688569	46688868	ZNF143	H1-hESC
chr2	121130141	121130142	rs10192364	chr2	121129994	121130330	YY1	H1-hESC
chr21	36208061	36208062	rs9976946	chr21	36207823	36208079	NANOG	H1-hESC
chr21	36208061	36208062	rs9976946	chr21	36207858	36208174	MYC	H1-hESC
chr21	36208061	36208062	rs9976946	chr21	36207870	36208194	CEBPB	H1-hESC
chr3	8561731	8561732	rs9312024	chr3	8561512	8561762	TEAD4	H1-hESC
chr3	87276698	87276699	rs2279720	chr3	87276087	87277134	POLR2A	H1-hESC
chr3	87276698	87276699	rs2279720	chr3	87276202	87276842	TBP	H1-hESC
chr3	87276698	87276699	rs2279720	chr3	87276204	87276928	RBBP5	H1-hESC
chr3	87276698	87276699	rs2279720	chr3	87276402	87277310	SIN3A	H1-hESC
chr4	98825002	98825003	rs148063150	chr4	98824734	98825070	YY1	H1-hESC
chr4	152020778	152020779	rs75660387	chr4	152020104	152021555	POLR2A	H1-hESC
chr4	152020778	152020779	rs75660387	chr4	152020285	152020886	EP300	H1-hESC
chr4	152020778	152020779	rs75660387	chr4	152020327	152020949	ATF2	H1-hESC
chr4	152020778	152020779	rs75660387	chr4	152020380	152020980	CTBP2	H1-hESC
chr4	152020778	152020779	rs75660387	chr4	152020382	152020864	EGR1	H1-hESC
chr4	152020778	152020779	rs75660387	chr4	152020390	152020926	SIN3A	H1-hESC
chr4	152020778	152020779	rs75660387	chr4	152020433	152021233	TAF1	H1-hESC
chr4	152020778	152020779	rs75660387	chr4	152020448	152021157	MAX	H1-hESC
chr4	152020778	152020779	rs75660387	chr4	152020450	152020811	CTCF	H1-hESC
chr4	152020778	152020779	rs75660387	chr4	152020459	152021231	MYC	H1-hESC
chr4	152020778	152020779	rs75660387	chr4	152020493	152020806	ZNF143	H1-hESC
chr4	152020778	152020779	rs75660387	chr4	152020496	152021136	REST	H1-hESC
chr4	152020778	152020779	rs75660387	chr4	152020505	152020802	SP2	H1-hESC
chr4	152020778	152020779	rs75660387	chr4	152020508	152020830	JUND	H1-hESC
chr4	152020778	152020779	rs75660387	chr4	152020510	152021003	GTF2F1	H1-hESC
chr4	152020778	152020779	rs75660387	chr4	152020512	152020867	SP1	H1-hESC
chr4	152020778	152020779	rs75660387	chr4	152020529	152020784	TEAD4	H1-hESC
chr4	152020778	152020779	rs75660387	chr4	152020542	152021144	TBP	H1-hESC
chr4	152020778	152020779	rs75660387	chr4	152020543	152021127	YY1	H1-hESC
chr4	152020778	152020779	rs75660387	chr4	152020561	152020861	RXRA	H1-hESC
chr4	152020778	152020779	rs75660387	chr4	152020583	152021119	CHD2	H1-hESC
chr4	152020778	152020779	rs75660387	chr4	152020584	152020905	BRCA1	H1-hESC
chr4	152020778	152020779	rs75660387	chr4	152020592	152020916	BACH1	H1-hESC
chr4	152020778	152020779	rs75660387	chr4	152020696	152021040	TAF7	H1-hESC
chr4	152163726	152163727	rs72967551	chr4	152163534	152163784	TEAD4	H1-hESC
chr6	30976218	30976219	rs28360974	chr6	30975946	30976402	CTCF	H1-hESC
chr6	30976218	30976219	rs28360974	chr6	30976043	30976299	RAD21	H1-hESC
chr6	31160596	31160597	rs111279592	chr6	31160300	31160676	CTCF	H1-hESC
chr6	31160596	31160597	rs111279592	chr6	31160349	31160620	RAD21	H1-hESC
chr6	31161209	31161210	rs3095238	chr6	31160942	31161366	CTCF	H1-hESC
chr6	31161209	31161210	rs3095238	chr6	31161064	31161311	RAD21	H1-hESC
chr6	31161346	31161347	rs3095237	chr6	31160942	31161366	CTCF	H1-hESC
chr6	31164699	31164700	rs3130461	chr6	31164615	31165225	SP4	H1-hESC
chr6	31164699	31164700	rs3130461	chr6	31164626	31165146	SIN3A	H1-hESC
chr6	31164699	31164700	rs3130461	chr6	31164680	31165132	MAX	H1-hESC
chr6	31165149	31165150	rs3094610	chr6	31164615	31165225	SP4	H1-hESC
chr6	31165565	31165566	rs3094609	chr6	31165543	31166195	SIN3A	H1-hESC
chr6	31165961	31165962	rs3130463	chr6	31165543	31166195	SIN3A	H1-hESC
chr6	31165961	31165962	rs3130463	chr6	31165833	31166289	JUND	H1-hESC
chr6	31213878	31213879	rs3095246	chr6	31213808	31214078	USF1	H1-hESC
chr6	31213878	31213879	rs3095246	chr6	31213840	31214164	JUND	H1-hESC
chr6	31220420	31220421	rs3134748	chr6	31220417	31220846	CTCF	H1-hESC
chr6	31236852	31236853	rs1065711	chr6	31233581	31240437	POLR2A	H1-hESC
chr6	31236997	31236998	rs2001181	chr6	31233581	31240437	POLR2A	H1-hESC
chr6	31239305	31239306	rs7383157	chr6	31233581	31240437	POLR2A	H1-hESC
chr6	31240352	31240353	rs28498059	chr6	31233581	31240437	POLR2A	H1-hESC
chr7	25608896	25608897	rs34670695	chr7	25608361	25608971	SP4	H1-hESC
chr7	25608900	25608901	rs35801039	chr7	25608361	25608971	SP4	H1-hESC
chr8	20193103	20193104	rs17092258	chr8	20192910	20193162	RAD21	H1-hESC
chr8	20198779	20198780	rs78584389	chr8	20198588	20198922	MAFK	H1-hESC
chr8	20204413	20204414	rs56137757	chr8	20204361	20204605	REST	H1-hESC
chr8	20226927	20226928	rs985577	chr8	20226909	20227149	RAD21	H1-hESC
chr8	20237331	20237332	rs76943317	chr8	20237115	20237557	CTCF	H1-hESC
chr8	20237331	20237332	rs76943317	chr8	20237222	20237477	RAD21	H1-hESC
chr8	20237542	20237543	rs76395516	chr8	20237115	20237557	CTCF	H1-hESC
chr8	20238587	20238588	rs4922177	chr8	20238213	20238733	SIN3A	H1-hESC
chr8	20238587	20238588	rs4922177	chr8	20238284	20238665	CTCF	H1-hESC
chr8	20238587	20238588	rs4922177	chr8	20238295	20238646	YY1	H1-hESC
chr8	20238587	20238588	rs4922177	chr8	20238316	20238621	ZNF143	H1-hESC
chr8	20238587	20238588	rs4922177	chr8	20238339	20238616	RAD21	H1-hESC
chr8	20292842	20292843	rs79893464	chr8	20292765	20293150	CTCF	H1-hESC
chr8	20292842	20292843	rs79893464	chr8	20292819	20293154	ZNF143	H1-hESC
chr8	20292842	20292843	rs79893464	chr8	20292825	20293425	CTBP2	H1-hESC
chr8	20292842	20292843	rs79893464	chr8	20292838	20293123	RAD21	H1-hESC
chr8	20292842	20292843	rs79893464	chr8	20292842	20293512	RBBP5	H1-hESC
chr8	20293161	20293162	rs74871003	chr8	20292825	20293425	CTBP2	H1-hESC
chr8	20293161	20293162	rs74871003	chr8	20292842	20293512	RBBP5	H1-hESC
chr8	20293161	20293162	rs74871003	chr8	20292844	20293200	TAF7	H1-hESC
chr8	20293161	20293162	rs74871003	chr8	20292886	20293222	YY1	H1-hESC
chr8	20293161	20293162	rs74871003	chr8	20292906	20293236	CHD2	H1-hESC
chr8	20293161	20293162	rs74871003	chr8	20292966	20293296	MAX	H1-hESC
chr8	20293161	20293162	rs74871003	chr8	20292974	20293298	SP1	H1-hESC
chr8	20293161	20293162	rs74871003	chr8	20292991	20293251	TCF12	H1-hESC
chr8	20293161	20293162	rs74871003	chr8	20293001	20293277	USF2	H1-hESC
chr8	20293161	20293162	rs74871003	chr8	20293013	20293357	MXI1	H1-hESC
chr8	20293161	20293162	rs74871003	chr8	20293021	20293291	USF1	H1-hESC
chr8	20315914	20315915	rs17092492	chr8	20315519	20316039	SIN3A	H1-hESC
chr8	20315914	20315915	rs17092492	chr8	20315655	20315945	ZNF143	H1-hESC
chr8	20315914	20315915	rs17092492	chr8	20315699	20316299	CTBP2	H1-hESC
chr8	20315914	20315915	rs17092492	chr8	20315733	20316057	SP1	H1-hESC
chr8	20315914	20315915	rs17092492	chr8	20315748	20316058	EP300	H1-hESC
chr8	20315914	20315915	rs17092492	chr8	20315760	20316020	TCF12	H1-hESC
chr8	20315914	20315915	rs17092492	chr8	20315770	20316014	JUND	H1-hESC
chr8	20315914	20315915	rs17092492	chr8	20315776	20316152	TBP	H1-hESC
chr8	20315914	20315915	rs17092492	chr8	20315806	20316062	HDAC2	H1-hESC
chr8	20315914	20315915	rs17092492	chr8	20315808	20316024	POU5F1	H1-hESC
chr8	20315914	20315915	rs17092492	chr8	20315810	20316060	TEAD4	H1-hESC
chr8	20315914	20315915	rs17092492	chr8	20315813	20316089	USF2	H1-hESC
chr8	20315914	20315915	rs17092492	chr8	20315860	20316040	BCL11A	H1-hESC
chr8	20315914	20315915	rs17092492	chr8	20315877	20315988	NANOG	H1-hESC
chr8	25946201	25946202	rs13250760	chr8	25946183	25946578	CTCF	H1-hESC
chr9	102790678	102790679	rs10988948	chr9	102790369	102790775	CTCF	H1-hESC
chr9	102790678	102790679	rs10988948	chr9	102790426	102790745	ZNF143	H1-hESC
chr9	102790678	102790679	rs10988948	chr9	102790470	102790716	RAD21	H1-hESC
