chr1	11845166	11845167	rs55820567	chr1	11845110	11846041	POLR2A	HCT-116
chr1	11845221	11845222	rs55867221	chr1	11845110	11846041	POLR2A	HCT-116
chr1	11845221	11845222	rs55867221	chr1	11845210	11845821	CTCF	HCT-116
chr1	11845523	11845524	rs2151654	chr1	11845110	11846041	POLR2A	HCT-116
chr1	11845523	11845524	rs2151654	chr1	11845210	11845821	CTCF	HCT-116
chr1	11846658	11846659	rs55780505	chr1	11846045	11849297	POLR2A	HCT-116
chr1	11846741	11846742	rs2184227	chr1	11846045	11849297	POLR2A	HCT-116
chr1	11847771	11847772	rs3820192	chr1	11846045	11849297	POLR2A	HCT-116
chr1	11847860	11847861	rs1537516	chr1	11846045	11849297	POLR2A	HCT-116
chr1	11847901	11847902	rs1537515	chr1	11846045	11849297	POLR2A	HCT-116
chr1	11848067	11848068	rs1537514	chr1	11846045	11849297	POLR2A	HCT-116
chr1	11848971	11848972	rs72640221	chr1	11846045	11849297	POLR2A	HCT-116
chr1	11865062	11865063	rs3834045	chr1	11864657	11866827	POLR2A	HCT-116
chr1	11865235	11865236	rs17367629	chr1	11864657	11866827	POLR2A	HCT-116
chr1	11865283	11865284	rs3834044	chr1	11864657	11866827	POLR2A	HCT-116
chr1	11865541	11865542	rs3753582	chr1	11864657	11866827	POLR2A	HCT-116
chr1	11865541	11865542	rs3753582	chr1	11865395	11865771	TCF7L2	HCT-116
chr1	11865803	11865804	rs13306561	chr1	11864657	11866827	POLR2A	HCT-116
chr1	11865815	11865816	rs3834043	chr1	11864657	11866827	POLR2A	HCT-116
chr1	217221935	217221936	rs11577589	chr1	217221607	217222113	CTCF	HCT-116
chr1	228271152	228271153	rs3754357	chr1	228269188	228272435	POLR2A	HCT-116
chr1	228353650	228353651	rs55873785	chr1	228352077	228354842	POLR2A	HCT-116
chr1	228353650	228353651	rs55873785	chr1	228353324	228353817	YY1	HCT-116
chr1	228353650	228353651	rs55873785	chr1	228353341	228353825	ZBTB33	HCT-116
chr10	29027222	29027223	rs1248993	chr10	29027081	29027543	CTCF	HCT-116
chr10	134248331	134248332	rs10651466	chr10	134247812	134248356	POLR2A	HCT-116
chr12	112007755	112007756	rs653178	chr12	112007741	112008228	POLR2A	HCT-116
chr13	29144041	29144042	rs11619087	chr13	29144034	29144410	TCF7L2	HCT-116
chr13	29144348	29144349	rs11147336	chr13	29144034	29144410	TCF7L2	HCT-116
chr13	29232063	29232064	rs4769628	chr13	29231753	29233968	POLR2A	HCT-116
chr13	29254071	29254072	rs10648333	chr13	29253742	29254149	CTCF	HCT-116
chr13	77891230	77891231	rs9530635	chr13	77891120	77891716	CTCF	HCT-116
chr14	53794419	53794420	rs77513584	chr14	53794309	53794805	TCF7L2	HCT-116
chr16	53830866	53830867	rs9933040	chr16	53830678	53831038	CTCF	HCT-116
chr2	26241160	26241161	rs11126335	chr2	26240826	26241476	POLR2A	HCT-116
chr2	26241160	26241161	rs11126335	chr2	26241036	26241306	YY1	HCT-116
chr2	26256146	26256147	rs6739061	chr2	26255938	26257606	POLR2A	HCT-116
chr2	26256839	26256840	rs4665299	chr2	26255938	26257606	POLR2A	HCT-116
chr2	46688687	46688688	rs1530621	chr2	46688495	46688934	CTCF	HCT-116
chr3	87276698	87276699	rs2279720	chr3	87276087	87277134	POLR2A	HCT-116
chr4	152020778	152020779	rs75660387	chr4	152020104	152021555	POLR2A	HCT-116
chr4	152020778	152020779	rs75660387	chr4	152020414	152020790	TCF7L2	HCT-116
chr4	152020778	152020779	rs75660387	chr4	152020450	152020811	CTCF	HCT-116
chr4	152020778	152020779	rs75660387	chr4	152020543	152021136	ZBTB33	HCT-116
chr4	152020778	152020779	rs75660387	chr4	152020543	152021127	YY1	HCT-116
chr6	30976218	30976219	rs28360974	chr6	30975946	30976402	CTCF	HCT-116
chr6	31160596	31160597	rs111279592	chr6	31160300	31160676	CTCF	HCT-116
chr6	31161209	31161210	rs3095238	chr6	31160942	31161366	CTCF	HCT-116
chr6	31161346	31161347	rs3095237	chr6	31160942	31161366	CTCF	HCT-116
chr6	31164699	31164700	rs3130461	chr6	31163986	31166366	POLR2A	HCT-116
chr6	31164699	31164700	rs3130461	chr6	31164686	31164966	ZBTB33	HCT-116
chr6	31165149	31165150	rs3094610	chr6	31163986	31166366	POLR2A	HCT-116
chr6	31165149	31165150	rs3094610	chr6	31164784	31165583	YY1	HCT-116
chr6	31165276	31165277	rs3130462	chr6	31163986	31166366	POLR2A	HCT-116
chr6	31165276	31165277	rs3130462	chr6	31164784	31165583	YY1	HCT-116
chr6	31165276	31165277	rs3130462	chr6	31165249	31165930	TCF7L2	HCT-116
chr6	31165565	31165566	rs3094609	chr6	31163986	31166366	POLR2A	HCT-116
chr6	31165565	31165566	rs3094609	chr6	31164784	31165583	YY1	HCT-116
chr6	31165565	31165566	rs3094609	chr6	31165249	31165930	TCF7L2	HCT-116
chr6	31165961	31165962	rs3130463	chr6	31163986	31166366	POLR2A	HCT-116
chr6	31213878	31213879	rs3095246	chr6	31213725	31214189	POLR2A	HCT-116
chr6	31220420	31220421	rs3134748	chr6	31220417	31220846	CTCF	HCT-116
chr6	31236852	31236853	rs1065711	chr6	31233581	31240437	POLR2A	HCT-116
chr6	31236997	31236998	rs2001181	chr6	31233581	31240437	POLR2A	HCT-116
chr6	31239305	31239306	rs7383157	chr6	31233581	31240437	POLR2A	HCT-116
chr6	31240352	31240353	rs28498059	chr6	31233581	31240437	POLR2A	HCT-116
chr8	20231016	20231017	rs2005365	chr8	20230676	20231100	CTCF	HCT-116
chr8	20237331	20237332	rs76943317	chr8	20237115	20237557	CTCF	HCT-116
chr8	20237542	20237543	rs76395516	chr8	20237115	20237557	CTCF	HCT-116
chr8	20238587	20238588	rs4922177	chr8	20238284	20238665	CTCF	HCT-116
chr8	20292842	20292843	rs79893464	chr8	20292765	20293150	CTCF	HCT-116
chr8	25946201	25946202	rs13250760	chr8	25946183	25946578	CTCF	HCT-116
chr9	102790678	102790679	rs10988948	chr9	102790369	102790775	CTCF	HCT-116
