chr1	11831874	11831875	rs55929441	chr1	11831728	11832324	ZNF263	HEK293-T-REx
chr1	11863903	11863904	rs3753588	chr1	11863448	11864044	ZNF263	HEK293-T-REx
chr2	26256146	26256147	rs6739061	chr2	26255925	26256521	ZNF263	HEK293-T-REx
chr2	26281238	26281239	rs11677219	chr2	26281147	26281624	ZNF263	HEK293-T-REx
chr2	26281458	26281459	rs1560868	chr2	26281147	26281624	ZNF263	HEK293-T-REx
chr2	46708541	46708542	rs34854267	chr2	46708531	46709127	ZNF263	HEK293-T-REx
chr2	46708944	46708945	rs36006825	chr2	46708531	46709127	ZNF263	HEK293-T-REx
chr3	132988413	132988414	rs75742992	chr3	132987990	132988586	ZNF263	HEK293-T-REx
chr6	31164699	31164700	rs3130461	chr6	31164548	31165144	ZNF263	HEK293-T-REx
chr8	20231016	20231017	rs2005365	chr8	20231015	20231611	ZNF263	HEK293-T-REx
