chr1	11845221	11845222	rs55867221	chr1	11845186	11845602	MAX	HeLa-S3
chr1	11845221	11845222	rs55867221	chr1	11845210	11845821	CTCF	HeLa-S3
chr1	11845523	11845524	rs2151654	chr1	11845186	11845602	MAX	HeLa-S3
chr1	11845523	11845524	rs2151654	chr1	11845210	11845821	CTCF	HeLa-S3
chr1	11845523	11845524	rs2151654	chr1	11845246	11845531	SMC3	HeLa-S3
chr1	11845523	11845524	rs2151654	chr1	11845259	11845528	RAD21	HeLa-S3
chr1	11847771	11847772	rs3820192	chr1	11847459	11847935	STAT1	HeLa-S3
chr1	11847771	11847772	rs3820192	chr1	11847536	11848264	TFAP2C	HeLa-S3
chr1	11847771	11847772	rs3820192	chr1	11847546	11848076	TFAP2A	HeLa-S3
chr1	11847771	11847772	rs3820192	chr1	11847592	11848229	CHD2	HeLa-S3
chr1	11847860	11847861	rs1537516	chr1	11847459	11847935	STAT1	HeLa-S3
chr1	11847860	11847861	rs1537516	chr1	11847536	11848264	TFAP2C	HeLa-S3
chr1	11847860	11847861	rs1537516	chr1	11847546	11848076	TFAP2A	HeLa-S3
chr1	11847860	11847861	rs1537516	chr1	11847592	11848229	CHD2	HeLa-S3
chr1	11847901	11847902	rs1537515	chr1	11847459	11847935	STAT1	HeLa-S3
chr1	11847901	11847902	rs1537515	chr1	11847536	11848264	TFAP2C	HeLa-S3
chr1	11847901	11847902	rs1537515	chr1	11847546	11848076	TFAP2A	HeLa-S3
chr1	11847901	11847902	rs1537515	chr1	11847592	11848229	CHD2	HeLa-S3
chr1	11848067	11848068	rs1537514	chr1	11847536	11848264	TFAP2C	HeLa-S3
chr1	11848067	11848068	rs1537514	chr1	11847546	11848076	TFAP2A	HeLa-S3
chr1	11848067	11848068	rs1537514	chr1	11847592	11848229	CHD2	HeLa-S3
chr1	11860806	11860807	rs35464336	chr1	11860674	11861190	TFAP2C	HeLa-S3
chr1	11860806	11860807	rs35464336	chr1	11860731	11861195	MAZ	HeLa-S3
chr1	11860806	11860807	rs35464336	chr1	11860752	11861256	TCF7L2	HeLa-S3
chr1	11860842	11860843	rs17037390	chr1	11860674	11861190	TFAP2C	HeLa-S3
chr1	11860842	11860843	rs17037390	chr1	11860731	11861195	MAZ	HeLa-S3
chr1	11860842	11860843	rs17037390	chr1	11860752	11861256	TCF7L2	HeLa-S3
chr1	11860842	11860843	rs17037390	chr1	11860813	11861269	JUND	HeLa-S3
chr1	11860842	11860843	rs17037390	chr1	11860820	11861084	CEBPB	HeLa-S3
chr1	11860842	11860843	rs17037390	chr1	11860828	11861224	MAX	HeLa-S3
chr1	11860842	11860843	rs17037390	chr1	11860838	11861178	NR2C2	HeLa-S3
chr1	11860842	11860843	rs17037390	chr1	11860839	11861217	JUN	HeLa-S3
chr1	11862532	11862533	rs45589544	chr1	11862503	11864118	POLR2A	HeLa-S3
chr1	11862763	11862764	rs55645287	chr1	11862503	11864118	POLR2A	HeLa-S3
chr1	11862763	11862764	rs55645287	chr1	11862576	11863505	TFAP2A	HeLa-S3
chr1	11862763	11862764	rs55645287	chr1	11862609	11863760	TFAP2C	HeLa-S3
chr1	11862763	11862764	rs55645287	chr1	11862620	11863080	NR2C2	HeLa-S3
chr1	11862763	11862764	rs55645287	chr1	11862697	11862993	GABPA	HeLa-S3
chr1	11862777	11862778	rs17367504	chr1	11862503	11864118	POLR2A	HeLa-S3
chr1	11862777	11862778	rs17367504	chr1	11862576	11863505	TFAP2A	HeLa-S3
chr1	11862777	11862778	rs17367504	chr1	11862609	11863760	TFAP2C	HeLa-S3
chr1	11862777	11862778	rs17367504	chr1	11862620	11863080	NR2C2	HeLa-S3
chr1	11862777	11862778	rs17367504	chr1	11862697	11862993	GABPA	HeLa-S3
chr1	11863056	11863057	rs2066470	chr1	11862503	11864118	POLR2A	HeLa-S3
chr1	11863056	11863057	rs2066470	chr1	11862576	11863505	TFAP2A	HeLa-S3
chr1	11863056	11863057	rs2066470	chr1	11862609	11863760	TFAP2C	HeLa-S3
chr1	11863056	11863057	rs2066470	chr1	11862620	11863080	NR2C2	HeLa-S3
chr1	11863056	11863057	rs2066470	chr1	11863054	11863530	ELK4	HeLa-S3
chr1	11863903	11863904	rs3753588	chr1	11862503	11864118	POLR2A	HeLa-S3
chr1	11863903	11863904	rs3753588	chr1	11863434	11863911	MAZ	HeLa-S3
chr1	11865062	11865063	rs3834045	chr1	11864657	11866827	POLR2A	HeLa-S3
chr1	11865235	11865236	rs17367629	chr1	11864657	11866827	POLR2A	HeLa-S3
chr1	11865283	11865284	rs3834044	chr1	11864657	11866827	POLR2A	HeLa-S3
chr1	11865283	11865284	rs3834044	chr1	11865250	11866107	E2F1	HeLa-S3
chr1	11865541	11865542	rs3753582	chr1	11864657	11866827	POLR2A	HeLa-S3
chr1	11865541	11865542	rs3753582	chr1	11865250	11866107	E2F1	HeLa-S3
chr1	11865541	11865542	rs3753582	chr1	11865432	11866966	MAX	HeLa-S3
chr1	11865541	11865542	rs3753582	chr1	11865433	11865697	GABPA	HeLa-S3
chr1	11865541	11865542	rs3753582	chr1	11865496	11866411	JUND	HeLa-S3
chr1	11865541	11865542	rs3753582	chr1	11865500	11866429	TAF1	HeLa-S3
chr1	11865803	11865804	rs13306561	chr1	11864657	11866827	POLR2A	HeLa-S3
chr1	11865803	11865804	rs13306561	chr1	11865250	11866107	E2F1	HeLa-S3
chr1	11865803	11865804	rs13306561	chr1	11865432	11866966	MAX	HeLa-S3
chr1	11865803	11865804	rs13306561	chr1	11865496	11866411	JUND	HeLa-S3
chr1	11865803	11865804	rs13306561	chr1	11865500	11866429	TAF1	HeLa-S3
chr1	11865803	11865804	rs13306561	chr1	11865588	11866118	TFAP2A	HeLa-S3
chr1	11865803	11865804	rs13306561	chr1	11865595	11866111	TFAP2C	HeLa-S3
chr1	11865803	11865804	rs13306561	chr1	11865642	11866605	MAZ	HeLa-S3
chr1	11865815	11865816	rs3834043	chr1	11864657	11866827	POLR2A	HeLa-S3
chr1	11865815	11865816	rs3834043	chr1	11865250	11866107	E2F1	HeLa-S3
chr1	11865815	11865816	rs3834043	chr1	11865432	11866966	MAX	HeLa-S3
chr1	11865815	11865816	rs3834043	chr1	11865496	11866411	JUND	HeLa-S3
chr1	11865815	11865816	rs3834043	chr1	11865500	11866429	TAF1	HeLa-S3
chr1	11865815	11865816	rs3834043	chr1	11865588	11866118	TFAP2A	HeLa-S3
chr1	11865815	11865816	rs3834043	chr1	11865595	11866111	TFAP2C	HeLa-S3
chr1	11865815	11865816	rs3834043	chr1	11865642	11866605	MAZ	HeLa-S3
chr1	11881946	11881947	rs113289271	chr1	11881560	11881960	FOS	HeLa-S3
chr1	11881946	11881947	rs113289271	chr1	11881624	11881964	JUN	HeLa-S3
chr1	11881946	11881947	rs113289271	chr1	11881712	11882042	EP300	HeLa-S3
chr1	11881946	11881947	rs113289271	chr1	11881806	11882082	PRDM1	HeLa-S3
chr1	217221935	217221936	rs11577589	chr1	217221607	217222113	CTCF	HeLa-S3
chr1	228271152	228271153	rs3754357	chr1	228269188	228272435	POLR2A	HeLa-S3
chr1	228353650	228353651	rs55873785	chr1	228352077	228354842	POLR2A	HeLa-S3
chr1	228353650	228353651	rs55873785	chr1	228353049	228354010	MYC	HeLa-S3
chr1	228353650	228353651	rs55873785	chr1	228353066	228354052	MAX	HeLa-S3
chr1	228353650	228353651	rs55873785	chr1	228353259	228354030	MAZ	HeLa-S3
chr1	228353650	228353651	rs55873785	chr1	228353262	228353896	TAF1	HeLa-S3
chr1	228353650	228353651	rs55873785	chr1	228353309	228353975	E2F1	HeLa-S3
chr1	228353650	228353651	rs55873785	chr1	228353338	228353858	ELK4	HeLa-S3
chr1	228353650	228353651	rs55873785	chr1	228353371	228353847	STAT1	HeLa-S3
chr1	228353650	228353651	rs55873785	chr1	228353444	228353979	CHD2	HeLa-S3
chr1	228353650	228353651	rs55873785	chr1	228353460	228354012	ELK1	HeLa-S3
chr1	228353650	228353651	rs55873785	chr1	228353550	228353862	NRF1	HeLa-S3
chr1	228353650	228353651	rs55873785	chr1	228353609	228353999	RFX5	HeLa-S3
chr1	228353650	228353651	rs55873785	chr1	228353639	228354006	JUN	HeLa-S3
chr10	29027222	29027223	rs1248993	chr10	29027081	29027543	CTCF	HeLa-S3
chr10	134248331	134248332	rs10651466	chr10	134247841	134248340	GABPA	HeLa-S3
chr12	112007755	112007756	rs653178	chr12	112007741	112008228	POLR2A	HeLa-S3
chr13	29232063	29232064	rs4769628	chr13	29231753	29233968	POLR2A	HeLa-S3
chr13	29254071	29254072	rs10648333	chr13	29253742	29254149	CTCF	HeLa-S3
chr13	29254071	29254072	rs10648333	chr13	29253818	29254102	RAD21	HeLa-S3
chr13	29254071	29254072	rs10648333	chr13	29253819	29254079	SMC3	HeLa-S3
chr13	77891230	77891231	rs9530635	chr13	77891120	77891716	CTCF	HeLa-S3
chr14	53794419	53794420	rs77513584	chr14	53794280	53794741	CTCF	HeLa-S3
chr14	53798281	53798282	rs17126347	chr14	53798046	53798366	JUND	HeLa-S3
chr15	44770881	44770882	rs2453273	chr15	44770510	44770940	CTCF	HeLa-S3
chr16	53802493	53802494	rs11642015	chr16	53802335	53802791	GTF2F1	HeLa-S3
chr16	53802493	53802494	rs11642015	chr16	53802336	53802986	SMARCC1	HeLa-S3
chr16	53802493	53802494	rs11642015	chr16	53802384	53802860	STAT1	HeLa-S3
chr16	53802493	53802494	rs11642015	chr16	53802392	53802848	JUND	HeLa-S3
chr16	53802493	53802494	rs11642015	chr16	53802397	53802801	FOS	HeLa-S3
chr16	53802493	53802494	rs11642015	chr16	53802415	53802801	JUN	HeLa-S3
chr16	53802493	53802494	rs11642015	chr16	53802462	53802872	EP300	HeLa-S3
chr16	53815434	53815435	rs17817497	chr16	53815071	53815527	JUND	HeLa-S3
chr16	53815434	53815435	rs17817497	chr16	53815108	53815448	JUN	HeLa-S3
chr16	53815434	53815435	rs17817497	chr16	53815154	53815670	TFAP2C	HeLa-S3
chr16	53815434	53815435	rs17817497	chr16	53815207	53815471	CEBPB	HeLa-S3
chr2	26241160	26241161	rs11126335	chr2	26240790	26241440	SMARCC1	HeLa-S3
chr2	26241160	26241161	rs11126335	chr2	26240813	26241473	SMARCB1	HeLa-S3
chr2	26241160	26241161	rs11126335	chr2	26240891	26241347	GTF2F1	HeLa-S3
chr2	26241160	26241161	rs11126335	chr2	26240928	26241432	TCF7L2	HeLa-S3
chr2	26241160	26241161	rs11126335	chr2	26240948	26241603	JUND	HeLa-S3
chr2	26241160	26241161	rs11126335	chr2	26240969	26241365	MAX	HeLa-S3
chr2	26241160	26241161	rs11126335	chr2	26240989	26241249	SMC3	HeLa-S3
chr2	26241160	26241161	rs11126335	chr2	26240996	26241347	EP300	HeLa-S3
chr2	26241160	26241161	rs11126335	chr2	26241004	26241374	CHD2	HeLa-S3
chr2	26241160	26241161	rs11126335	chr2	26241013	26241384	JUN	HeLa-S3
chr2	26241160	26241161	rs11126335	chr2	26241024	26241354	RFX5	HeLa-S3
chr2	26241160	26241161	rs11126335	chr2	26241030	26241350	MAFK	HeLa-S3
chr2	26241160	26241161	rs11126335	chr2	26241042	26241306	CEBPB	HeLa-S3
chr2	26241160	26241161	rs11126335	chr2	26241044	26241320	USF2	HeLa-S3
chr2	26241160	26241161	rs11126335	chr2	26241057	26241287	RAD21	HeLa-S3
chr2	26256146	26256147	rs6739061	chr2	26255937	26257281	MAX	HeLa-S3
chr2	26256146	26256147	rs6739061	chr2	26255938	26257606	POLR2A	HeLa-S3
chr2	26256146	26256147	rs6739061	chr2	26255993	26256328	RAD21	HeLa-S3
chr2	26256146	26256147	rs6739061	chr2	26256031	26257373	TAF1	HeLa-S3
chr2	26256146	26256147	rs6739061	chr2	26256035	26256471	TBP	HeLa-S3
chr2	26256146	26256147	rs6739061	chr2	26256129	26256389	SMC3	HeLa-S3
chr2	26256839	26256840	rs4665299	chr2	26255937	26257281	MAX	HeLa-S3
chr2	26256839	26256840	rs4665299	chr2	26255938	26257606	POLR2A	HeLa-S3
chr2	26256839	26256840	rs4665299	chr2	26256031	26257373	TAF1	HeLa-S3
chr2	26256839	26256840	rs4665299	chr2	26256526	26257041	MAZ	HeLa-S3
chr2	26256839	26256840	rs4665299	chr2	26256604	26256984	E2F1	HeLa-S3
chr2	26256839	26256840	rs4665299	chr2	26256744	26257028	NRF1	HeLa-S3
chr2	26256839	26256840	rs4665299	chr2	26256754	26257434	SMARCA4	HeLa-S3
chr2	26256839	26256840	rs4665299	chr2	26256760	26257404	MYC	HeLa-S3
chr2	26256839	26256840	rs4665299	chr2	26256776	26257711	SMARCB1	HeLa-S3
chr2	26256839	26256840	rs4665299	chr2	26256800	26257316	TFAP2C	HeLa-S3
chr2	26256839	26256840	rs4665299	chr2	26256809	26257210	TBP	HeLa-S3
chr2	26267374	26267375	rs12475854	chr2	26267207	26267611	MXI1	HeLa-S3
chr2	26267374	26267375	rs12475854	chr2	26267218	26267614	MAX	HeLa-S3
chr2	26267374	26267375	rs12475854	chr2	26267265	26267595	EP300	HeLa-S3
chr2	26267374	26267375	rs12475854	chr2	26267287	26267563	PRDM1	HeLa-S3
chr2	26267374	26267375	rs12475854	chr2	26267323	26267595	CEBPB	HeLa-S3
chr2	26291492	26291493	rs4233709	chr2	26291440	26291896	JUND	HeLa-S3
chr2	26291492	26291493	rs4233709	chr2	26291444	26291806	CEBPB	HeLa-S3
chr2	26291492	26291493	rs4233709	chr2	26291452	26291853	JUN	HeLa-S3
chr2	26291492	26291493	rs4233709	chr2	26291477	26291839	EP300	HeLa-S3
chr2	26291564	26291565	rs4233710	chr2	26291440	26291896	JUND	HeLa-S3
chr2	26291564	26291565	rs4233710	chr2	26291444	26291806	CEBPB	HeLa-S3
chr2	26291564	26291565	rs4233710	chr2	26291452	26291853	JUN	HeLa-S3
chr2	26291564	26291565	rs4233710	chr2	26291477	26291839	EP300	HeLa-S3
chr2	26291564	26291565	rs4233710	chr2	26291502	26291806	BRCA1	HeLa-S3
chr2	26291564	26291565	rs4233710	chr2	26291512	26291840	MAFK	HeLa-S3
chr2	26291564	26291565	rs4233710	chr2	26291518	26291901	STAT3	HeLa-S3
chr2	26293877	26293878	rs6546736	chr2	26293680	26294027	MAFK	HeLa-S3
chr2	26331493	26331494	rs35528467	chr2	26331248	26331519	CEBPB	HeLa-S3
chr2	26367862	26367863	rs2043451	chr2	26367811	26368287	STAT1	HeLa-S3
chr2	46687981	46687982	rs6718875	chr2	46687912	46688428	TFAP2C	HeLa-S3
chr2	46688687	46688688	rs1530621	chr2	46688495	46688934	CTCF	HeLa-S3
chr2	46688687	46688688	rs1530621	chr2	46688534	46688864	RFX5	HeLa-S3
chr2	46688687	46688688	rs1530621	chr2	46688559	46688817	RAD21	HeLa-S3
chr2	46688687	46688688	rs1530621	chr2	46688568	46688838	SMC3	HeLa-S3
chr2	46708944	46708945	rs36006825	chr2	46708607	46709298	STAT3	HeLa-S3
chr2	46708944	46708945	rs36006825	chr2	46708715	46709171	JUND	HeLa-S3
chr2	46708944	46708945	rs36006825	chr2	46708719	46709005	CEBPB	HeLa-S3
chr2	46708944	46708945	rs36006825	chr2	46708732	46709208	STAT1	HeLa-S3
chr2	46708944	46708945	rs36006825	chr2	46708735	46709135	FOS	HeLa-S3
chr2	46708944	46708945	rs36006825	chr2	46708781	46709111	EP300	HeLa-S3
chr2	46708944	46708945	rs36006825	chr2	46708785	46709125	JUN	HeLa-S3
chr2	46716827	46716828	rs12473626	chr2	46716562	46717078	TFAP2C	HeLa-S3
chr20	57726028	57726029	rs171839	chr20	57725923	57726583	EZH2	HeLa-S3
chr20	57726104	57726105	rs183173	chr20	57725923	57726583	EZH2	HeLa-S3
chr21	36208061	36208062	rs9976946	chr21	36207816	36208221	MAX	HeLa-S3
chr21	36208061	36208062	rs9976946	chr21	36207836	36208226	EP300	HeLa-S3
chr21	36208061	36208062	rs9976946	chr21	36207846	36208216	CHD2	HeLa-S3
chr21	36208061	36208062	rs9976946	chr21	36207870	36208194	CEBPB	HeLa-S3
chr3	87126427	87126428	rs76668454	chr3	87126124	87126464	JUN	HeLa-S3
chr3	87126427	87126428	rs76668454	chr3	87126144	87126464	JUND	HeLa-S3
chr3	87126427	87126428	rs76668454	chr3	87126157	87126487	EP300	HeLa-S3
chr3	87126427	87126428	rs76668454	chr3	87126173	87126429	CEBPB	HeLa-S3
chr3	87255276	87255277	rs73846699	chr3	87255199	87255551	FOS	HeLa-S3
chr3	87255276	87255277	rs73846699	chr3	87255255	87255755	EP300	HeLa-S3
chr3	87255276	87255277	rs73846699	chr3	87255263	87255603	JUN	HeLa-S3
chr3	87255333	87255334	rs73846701	chr3	87255199	87255551	FOS	HeLa-S3
chr3	87255333	87255334	rs73846701	chr3	87255255	87255755	EP300	HeLa-S3
chr3	87255333	87255334	rs73846701	chr3	87255263	87255603	JUN	HeLa-S3
chr3	87255333	87255334	rs73846701	chr3	87255283	87255841	TCF7L2	HeLa-S3
chr3	87255333	87255334	rs73846701	chr3	87255286	87255596	JUND	HeLa-S3
chr3	87255333	87255334	rs73846701	chr3	87255310	87255654	STAT3	HeLa-S3
chr3	87255357	87255358	rs73846702	chr3	87255199	87255551	FOS	HeLa-S3
chr3	87255357	87255358	rs73846702	chr3	87255255	87255755	EP300	HeLa-S3
chr3	87255357	87255358	rs73846702	chr3	87255263	87255603	JUN	HeLa-S3
chr3	87255357	87255358	rs73846702	chr3	87255283	87255841	TCF7L2	HeLa-S3
chr3	87255357	87255358	rs73846702	chr3	87255286	87255596	JUND	HeLa-S3
chr3	87255357	87255358	rs73846702	chr3	87255310	87255654	STAT3	HeLa-S3
chr3	87255612	87255613	rs73847803	chr3	87255255	87255755	EP300	HeLa-S3
chr3	87255612	87255613	rs73847803	chr3	87255283	87255841	TCF7L2	HeLa-S3
chr3	87255612	87255613	rs73847803	chr3	87255310	87255654	STAT3	HeLa-S3
chr3	87255612	87255613	rs73847803	chr3	87255408	87255657	CEBPB	HeLa-S3
chr3	87255683	87255684	rs73847805	chr3	87255255	87255755	EP300	HeLa-S3
chr3	87255683	87255684	rs73847805	chr3	87255283	87255841	TCF7L2	HeLa-S3
chr3	87257096	87257097	rs60128410	chr3	87256713	87257097	RCOR1	HeLa-S3
chr3	87276698	87276699	rs2279720	chr3	87276087	87277134	POLR2A	HeLa-S3
chr3	87276698	87276699	rs2279720	chr3	87276202	87276842	TBP	HeLa-S3
chr3	87276698	87276699	rs2279720	chr3	87276205	87276714	CHD2	HeLa-S3
chr3	149239128	149239129	rs76634393	chr3	149239106	149239346	FAM48A	HeLa-S3
chr4	152020778	152020779	rs75660387	chr4	152020104	152021555	POLR2A	HeLa-S3
chr4	152020778	152020779	rs75660387	chr4	152020295	152020964	MAZ	HeLa-S3
chr4	152020778	152020779	rs75660387	chr4	152020433	152021233	TAF1	HeLa-S3
chr4	152020778	152020779	rs75660387	chr4	152020442	152020789	SMC3	HeLa-S3
chr4	152020778	152020779	rs75660387	chr4	152020448	152021157	MAX	HeLa-S3
chr4	152020778	152020779	rs75660387	chr4	152020450	152020811	CTCF	HeLa-S3
chr4	152020778	152020779	rs75660387	chr4	152020453	152020929	STAT1	HeLa-S3
chr4	152020778	152020779	rs75660387	chr4	152020459	152021231	MYC	HeLa-S3
chr4	152020778	152020779	rs75660387	chr4	152020480	152020906	ELK1	HeLa-S3
chr4	152020778	152020779	rs75660387	chr4	152020484	152021170	ELK4	HeLa-S3
chr4	152020778	152020779	rs75660387	chr4	152020484	152021154	GABPA	HeLa-S3
chr4	152020778	152020779	rs75660387	chr4	152020489	152020949	NR2C2	HeLa-S3
chr4	152020778	152020779	rs75660387	chr4	152020493	152020806	ZNF143	HeLa-S3
chr4	152020778	152020779	rs75660387	chr4	152020510	152021003	GTF2F1	HeLa-S3
chr4	152020778	152020779	rs75660387	chr4	152020542	152021144	TBP	HeLa-S3
chr4	152020778	152020779	rs75660387	chr4	152020569	152021277	E2F1	HeLa-S3
chr4	152020778	152020779	rs75660387	chr4	152020583	152021119	CHD2	HeLa-S3
chr4	152020778	152020779	rs75660387	chr4	152020584	152020905	BRCA1	HeLa-S3
chr4	152068422	152068423	rs72965662	chr4	152068202	152068526	CEBPB	HeLa-S3
chr5	24559053	24559054	rs6892196	chr5	24558980	24559220	FAM48A	HeLa-S3
chr5	24559078	24559079	rs6867061	chr5	24558980	24559220	FAM48A	HeLa-S3
chr5	24559169	24559170	rs6892384	chr5	24558980	24559220	FAM48A	HeLa-S3
chr5	24561187	24561188	rs12697651	chr5	24561056	24561296	FAM48A	HeLa-S3
chr5	24561189	24561190	rs12697652	chr5	24561056	24561296	FAM48A	HeLa-S3
chr5	32805834	32805835	rs36077893	chr5	32805590	32805986	MAX	HeLa-S3
chr5	32805834	32805835	rs545754411	chr5	32805590	32805986	MAX	HeLa-S3
chr5	32815027	32815028	rs1173771	chr5	32814718	32815058	JUN	HeLa-S3
chr5	32815027	32815028	rs1173771	chr5	32814728	32815054	JUND	HeLa-S3
chr5	32831938	32831939	rs12656497	chr5	32831633	32831993	MYC	HeLa-S3
chr5	32831938	32831939	rs12656497	chr5	32831646	32832102	GTF2F1	HeLa-S3
chr5	32831938	32831939	rs12656497	chr5	32831648	32832018	CHD2	HeLa-S3
chr5	32831938	32831939	rs12656497	chr5	32831656	32832040	RCOR1	HeLa-S3
chr5	32831938	32831939	rs12656497	chr5	32831667	32832007	JUN	HeLa-S3
chr5	32831938	32831939	rs12656497	chr5	32831667	32832063	MAX	HeLa-S3
chr5	32831938	32831939	rs12656497	chr5	32831677	32831981	BRCA1	HeLa-S3
chr5	32831938	32831939	rs12656497	chr5	32831682	32832012	RFX5	HeLa-S3
chr5	32831938	32831939	rs12656497	chr5	32831683	32832013	EP300	HeLa-S3
chr5	32831938	32831939	rs12656497	chr5	32831687	32832007	JUND	HeLa-S3
chr5	32831938	32831939	rs12656497	chr5	32831706	32832050	STAT3	HeLa-S3
chr5	32831938	32831939	rs12656497	chr5	32831768	32832144	TBP	HeLa-S3
chr5	32831938	32831939	rs12656497	chr5	32831874	32832134	SMC3	HeLa-S3
chr5	32831938	32831939	rs12656497	chr5	32831891	32832121	RAD21	HeLa-S3
chr5	38045356	38045357	rs270534	chr5	38044912	38045572	EZH2	HeLa-S3
chr5	38086956	38086957	rs2463771	chr5	38086739	38087399	EZH2	HeLa-S3
chr5	38087077	38087078	rs2471046	chr5	38086739	38087399	EZH2	HeLa-S3
chr5	38087360	38087361	rs2453332	chr5	38086739	38087399	EZH2	HeLa-S3
chr5	38087396	38087397	rs2471047	chr5	38086739	38087399	EZH2	HeLa-S3
chr6	31109942	31109943	rs3132540	chr6	31109908	31110384	STAT1	HeLa-S3
chr6	31160187	31160188	rs3130460	chr6	31160132	31160488	GTF3C2	HeLa-S3
chr6	31160596	31160597	rs111279592	chr6	31160300	31160676	CTCF	HeLa-S3
chr6	31160596	31160597	rs111279592	chr6	31160303	31160633	RFX5	HeLa-S3
chr6	31160596	31160597	rs111279592	chr6	31160344	31160626	SMC3	HeLa-S3
chr6	31160596	31160597	rs111279592	chr6	31160349	31160620	RAD21	HeLa-S3
chr6	31164699	31164700	rs3130461	chr6	31163986	31166366	POLR2A	HeLa-S3
chr6	31164699	31164700	rs3130461	chr6	31164648	31165164	TFAP2C	HeLa-S3
chr6	31164699	31164700	rs3130461	chr6	31164680	31165132	MAX	HeLa-S3
chr6	31165149	31165150	rs3094610	chr6	31163986	31166366	POLR2A	HeLa-S3
chr6	31165149	31165150	rs3094610	chr6	31164648	31165164	TFAP2C	HeLa-S3
chr6	31165149	31165150	rs3094610	chr6	31164864	31166105	TAF1	HeLa-S3
chr6	31165276	31165277	rs3130462	chr6	31163986	31166366	POLR2A	HeLa-S3
chr6	31165276	31165277	rs3130462	chr6	31164864	31166105	TAF1	HeLa-S3
chr6	31165276	31165277	rs3130462	chr6	31165218	31165758	GABPA	HeLa-S3
chr6	31165565	31165566	rs3094609	chr6	31163986	31166366	POLR2A	HeLa-S3
chr6	31165565	31165566	rs3094609	chr6	31164864	31166105	TAF1	HeLa-S3
chr6	31165565	31165566	rs3094609	chr6	31165218	31165758	GABPA	HeLa-S3
chr6	31165565	31165566	rs3094609	chr6	31165361	31166032	MAX	HeLa-S3
chr6	31165565	31165566	rs3094609	chr6	31165399	31165875	ELK4	HeLa-S3
chr6	31165565	31165566	rs3094609	chr6	31165402	31166132	TFAP2A	HeLa-S3
chr6	31165565	31165566	rs3094609	chr6	31165408	31166126	TFAP2C	HeLa-S3
chr6	31165565	31165566	rs3094609	chr6	31165423	31165879	GTF2F1	HeLa-S3
chr6	31165565	31165566	rs3094609	chr6	31165534	31166010	STAT1	HeLa-S3
chr6	31165961	31165962	rs3130463	chr6	31163986	31166366	POLR2A	HeLa-S3
chr6	31165961	31165962	rs3130463	chr6	31164864	31166105	TAF1	HeLa-S3
chr6	31165961	31165962	rs3130463	chr6	31165361	31166032	MAX	HeLa-S3
chr6	31165961	31165962	rs3130463	chr6	31165402	31166132	TFAP2A	HeLa-S3
chr6	31165961	31165962	rs3130463	chr6	31165408	31166126	TFAP2C	HeLa-S3
chr6	31165961	31165962	rs3130463	chr6	31165534	31166010	STAT1	HeLa-S3
chr6	31165961	31165962	rs3130463	chr6	31165598	31166062	MAZ	HeLa-S3
chr6	31165961	31165962	rs3130463	chr6	31165600	31166011	RFX5	HeLa-S3
chr6	31165961	31165962	rs3130463	chr6	31165648	31166123	MXI1	HeLa-S3
chr6	31165961	31165962	rs3130463	chr6	31165672	31166332	SMARCB1	HeLa-S3
chr6	31165961	31165962	rs3130463	chr6	31165678	31166134	CHD2	HeLa-S3
chr6	31165961	31165962	rs3130463	chr6	31165725	31166049	CEBPB	HeLa-S3
chr6	31165961	31165962	rs3130463	chr6	31165833	31166289	JUND	HeLa-S3
chr6	31213878	31213879	rs3095246	chr6	31213697	31214213	TFAP2C	HeLa-S3
chr6	31213878	31213879	rs3095246	chr6	31213765	31214155	EP300	HeLa-S3
chr6	31213878	31213879	rs3095246	chr6	31213793	31214193	FOS	HeLa-S3
chr6	31213878	31213879	rs3095246	chr6	31213812	31214142	RFX5	HeLa-S3
chr6	31213878	31213879	rs3095246	chr6	31213812	31214154	JUN	HeLa-S3
chr6	31213878	31213879	rs3095246	chr6	31213840	31214164	JUND	HeLa-S3
chr6	31220420	31220421	rs3134748	chr6	31220417	31220846	CTCF	HeLa-S3
chr6	31236852	31236853	rs1065711	chr6	31233581	31240437	POLR2A	HeLa-S3
chr6	31236997	31236998	rs2001181	chr6	31233581	31240437	POLR2A	HeLa-S3
chr6	31239305	31239306	rs7383157	chr6	31233581	31240437	POLR2A	HeLa-S3
chr6	31239305	31239306	rs7383157	chr6	31239288	31239787	CTCF	HeLa-S3
chr6	31240352	31240353	rs28498059	chr6	31233581	31240437	POLR2A	HeLa-S3
chr7	25610879	25610880	rs62454590	chr7	25610343	25611003	EZH2	HeLa-S3
chr8	20198779	20198780	rs78584389	chr8	20198588	20198922	MAFK	HeLa-S3
chr8	20231016	20231017	rs2005365	chr8	20230676	20231100	CTCF	HeLa-S3
chr8	20237331	20237332	rs76943317	chr8	20237115	20237557	CTCF	HeLa-S3
chr8	20237542	20237543	rs76395516	chr8	20237115	20237557	CTCF	HeLa-S3
chr8	20238587	20238588	rs4922177	chr8	20238273	20238590	GABPA	HeLa-S3
chr8	20238587	20238588	rs4922177	chr8	20238284	20238665	CTCF	HeLa-S3
chr8	20238587	20238588	rs4922177	chr8	20238330	20238634	SMC3	HeLa-S3
chr8	20238587	20238588	rs4922177	chr8	20238339	20238616	RAD21	HeLa-S3
chr8	20292842	20292843	rs79893464	chr8	20292765	20293150	CTCF	HeLa-S3
chr8	20292842	20292843	rs79893464	chr8	20292825	20293124	SMC3	HeLa-S3
chr8	20292842	20292843	rs79893464	chr8	20292838	20293123	RAD21	HeLa-S3
chr8	25946201	25946202	rs13250760	chr8	25946004	25946520	TFAP2C	HeLa-S3
chr8	25946201	25946202	rs13250760	chr8	25946183	25946578	CTCF	HeLa-S3
chr9	102790678	102790679	rs10988948	chr9	102790369	102790775	CTCF	HeLa-S3
chr9	102790678	102790679	rs10988948	chr9	102790437	102790723	SMC3	HeLa-S3
chr9	102790678	102790679	rs10988948	chr9	102790470	102790716	RAD21	HeLa-S3
chr9	102790678	102790679	rs10988948	chr9	102790622	102791030	CEBPB	HeLa-S3
