chr1	11837756	11837757	rs72640208	chr1	11837731	11838027	HNF4A	HepG2
chr1	11845221	11845222	rs55867221	chr1	11845204	11845580	YY1	HepG2
chr1	11845221	11845222	rs55867221	chr1	11845210	11845821	CTCF	HepG2
chr1	11845221	11845222	rs55867221	chr1	11845214	11845454	REST	HepG2
chr1	11845523	11845524	rs2151654	chr1	11845204	11845580	YY1	HepG2
chr1	11845523	11845524	rs2151654	chr1	11845210	11845821	CTCF	HepG2
chr1	11845523	11845524	rs2151654	chr1	11845259	11845528	RAD21	HepG2
chr1	11858035	11858036	rs17037388	chr1	11857929	11858209	MAFK	HepG2
chr1	11862532	11862533	rs45589544	chr1	11862503	11864118	POLR2A	HepG2
chr1	11862763	11862764	rs55645287	chr1	11862503	11864118	POLR2A	HepG2
chr1	11862763	11862764	rs55645287	chr1	11862620	11863080	NR2C2	HepG2
chr1	11862763	11862764	rs55645287	chr1	11862681	11862963	ELF1	HepG2
chr1	11862763	11862764	rs55645287	chr1	11862688	11862888	USF1	HepG2
chr1	11862763	11862764	rs55645287	chr1	11862697	11862993	GABPA	HepG2
chr1	11862777	11862778	rs17367504	chr1	11862503	11864118	POLR2A	HepG2
chr1	11862777	11862778	rs17367504	chr1	11862620	11863080	NR2C2	HepG2
chr1	11862777	11862778	rs17367504	chr1	11862681	11862963	ELF1	HepG2
chr1	11862777	11862778	rs17367504	chr1	11862688	11862888	USF1	HepG2
chr1	11862777	11862778	rs17367504	chr1	11862697	11862993	GABPA	HepG2
chr1	11863056	11863057	rs2066470	chr1	11862503	11864118	POLR2A	HepG2
chr1	11863056	11863057	rs2066470	chr1	11862620	11863080	NR2C2	HepG2
chr1	11863903	11863904	rs3753588	chr1	11862503	11864118	POLR2A	HepG2
chr1	11863903	11863904	rs3753588	chr1	11863537	11864021	JUND	HepG2
chr1	11864585	11864586	rs3753584	chr1	11864440	11864740	RXRA	HepG2
chr1	11864585	11864586	rs3753584	chr1	11864479	11864765	FOXA1	HepG2
chr1	11864585	11864586	rs3753584	chr1	11864484	11864774	FOXA2	HepG2
chr1	11865062	11865063	rs3834045	chr1	11864657	11866827	POLR2A	HepG2
chr1	11865235	11865236	rs17367629	chr1	11864657	11866827	POLR2A	HepG2
chr1	11865283	11865284	rs3834044	chr1	11864657	11866827	POLR2A	HepG2
chr1	11865541	11865542	rs3753582	chr1	11864657	11866827	POLR2A	HepG2
chr1	11865541	11865542	rs3753582	chr1	11865373	11866701	SIN3AK20	HepG2
chr1	11865541	11865542	rs3753582	chr1	11865432	11866966	MAX	HepG2
chr1	11865541	11865542	rs3753582	chr1	11865481	11865745	USF1	HepG2
chr1	11865541	11865542	rs3753582	chr1	11865496	11866411	JUND	HepG2
chr1	11865541	11865542	rs3753582	chr1	11865497	11865833	SP1	HepG2
chr1	11865541	11865542	rs3753582	chr1	11865499	11866421	TBP	HepG2
chr1	11865541	11865542	rs3753582	chr1	11865500	11866429	TAF1	HepG2
chr1	11865541	11865542	rs3753582	chr1	11865502	11865882	REST	HepG2
chr1	11865541	11865542	rs3753582	chr1	11865538	11866131	FOSL2	HepG2
chr1	11865803	11865804	rs13306561	chr1	11864657	11866827	POLR2A	HepG2
chr1	11865803	11865804	rs13306561	chr1	11865373	11866701	SIN3AK20	HepG2
chr1	11865803	11865804	rs13306561	chr1	11865432	11866966	MAX	HepG2
chr1	11865803	11865804	rs13306561	chr1	11865496	11866411	JUND	HepG2
chr1	11865803	11865804	rs13306561	chr1	11865497	11865833	SP1	HepG2
chr1	11865803	11865804	rs13306561	chr1	11865499	11866421	TBP	HepG2
chr1	11865803	11865804	rs13306561	chr1	11865500	11866429	TAF1	HepG2
chr1	11865803	11865804	rs13306561	chr1	11865502	11865882	REST	HepG2
chr1	11865803	11865804	rs13306561	chr1	11865538	11866131	FOSL2	HepG2
chr1	11865803	11865804	rs13306561	chr1	11865599	11866215	MYBL2	HepG2
chr1	11865803	11865804	rs13306561	chr1	11865609	11866461	NFIC	HepG2
chr1	11865803	11865804	rs13306561	chr1	11865642	11866605	MAZ	HepG2
chr1	11865803	11865804	rs13306561	chr1	11865710	11865986	CEBPD	HepG2
chr1	11865815	11865816	rs3834043	chr1	11864657	11866827	POLR2A	HepG2
chr1	11865815	11865816	rs3834043	chr1	11865373	11866701	SIN3AK20	HepG2
chr1	11865815	11865816	rs3834043	chr1	11865432	11866966	MAX	HepG2
chr1	11865815	11865816	rs3834043	chr1	11865496	11866411	JUND	HepG2
chr1	11865815	11865816	rs3834043	chr1	11865497	11865833	SP1	HepG2
chr1	11865815	11865816	rs3834043	chr1	11865499	11866421	TBP	HepG2
chr1	11865815	11865816	rs3834043	chr1	11865500	11866429	TAF1	HepG2
chr1	11865815	11865816	rs3834043	chr1	11865502	11865882	REST	HepG2
chr1	11865815	11865816	rs3834043	chr1	11865538	11866131	FOSL2	HepG2
chr1	11865815	11865816	rs3834043	chr1	11865599	11866215	MYBL2	HepG2
chr1	11865815	11865816	rs3834043	chr1	11865609	11866461	NFIC	HepG2
chr1	11865815	11865816	rs3834043	chr1	11865642	11866605	MAZ	HepG2
chr1	11865815	11865816	rs3834043	chr1	11865710	11865986	CEBPD	HepG2
chr1	42393000	42393001	rs4660585	chr1	42392853	42393143	FOXA2	HepG2
chr1	42393000	42393001	rs4660585	chr1	42392931	42393084	FOXA1	HepG2
chr1	42470273	42470274	rs238675	chr1	42470046	42470322	CEBPB	HepG2
chr1	217221935	217221936	rs11577589	chr1	217221607	217222113	CTCF	HepG2
chr1	217221935	217221936	rs11577589	chr1	217221675	217221967	SMC3	HepG2
chr1	217221935	217221936	rs11577589	chr1	217221732	217221985	RAD21	HepG2
chr1	228271152	228271153	rs3754357	chr1	228269188	228272435	POLR2A	HepG2
chr1	228271152	228271153	rs3754357	chr1	228270982	228271402	TAF1	HepG2
chr1	228271152	228271153	rs3754357	chr1	228271147	228271507	TBP	HepG2
chr1	228353650	228353651	rs55873785	chr1	228352077	228354842	POLR2A	HepG2
chr1	228353650	228353651	rs55873785	chr1	228353066	228354052	MAX	HepG2
chr1	228353650	228353651	rs55873785	chr1	228353124	228353652	REST	HepG2
chr1	228353650	228353651	rs55873785	chr1	228353160	228353840	MXI1	HepG2
chr1	228353650	228353651	rs55873785	chr1	228353259	228354030	MAZ	HepG2
chr1	228353650	228353651	rs55873785	chr1	228353262	228353896	TAF1	HepG2
chr1	228353650	228353651	rs55873785	chr1	228353292	228354051	GABPA	HepG2
chr1	228353650	228353651	rs55873785	chr1	228353313	228353954	ATF3	HepG2
chr1	228353650	228353651	rs55873785	chr1	228353318	228353957	ELF1	HepG2
chr1	228353650	228353651	rs55873785	chr1	228353324	228353817	YY1	HepG2
chr1	228353650	228353651	rs55873785	chr1	228353375	228353823	TBP	HepG2
chr1	228353650	228353651	rs55873785	chr1	228353550	228353862	NRF1	HepG2
chr1	228353650	228353651	rs55873785	chr1	228353609	228353999	RFX5	HepG2
chr1	228353650	228353651	rs55873785	chr1	228353632	228353968	SP1	HepG2
chr1	228353650	228353651	rs55873785	chr1	228353639	228354006	JUN	HepG2
chr10	29027222	29027223	rs1248993	chr10	29027081	29027543	CTCF	HepG2
chr10	29027222	29027223	rs1248993	chr10	29027205	29027451	RAD21	HepG2
chr10	134248331	134248332	rs10651466	chr10	134247841	134248340	GABPA	HepG2
chr10	134252753	134252754	rs35739399	chr10	134252621	134252939	BHLHE40	HepG2
chr10	134252753	134252754	rs35739399	chr10	134252646	134252910	USF1	HepG2
chr10	134252753	134252754	rs35739399	chr10	134252657	134252921	USF2	HepG2
chr12	25643571	25643572	rs7304091	chr12	25643474	25643744	MAFK	HepG2
chr12	25643571	25643572	rs7304091	chr12	25643497	25643773	MAFF	HepG2
chr12	26881270	26881271	rs7313538	chr12	26881133	26881423	HNF4G	HepG2
chr12	26897355	26897356	rs55754287	chr12	26896952	26897372	POLR2A	HepG2
chr12	26902002	26902003	rs56178811	chr12	26901672	26902340	EP300	HepG2
chr12	26921590	26921591	rs61920188	chr12	26921571	26921795	CEBPB	HepG2
chr12	26921590	26921591	rs61920188	chr12	26921585	26921886	FOXA1	HepG2
chr12	26923643	26923644	rs11615177	chr12	26923615	26923924	FOXA1	HepG2
chr13	29070532	29070533	rs2296282	chr13	29070354	29071144	EZH2	HepG2
chr13	29073853	29073854	rs7985205	chr13	29073770	29074046	JUND	HepG2
chr13	29105869	29105870	rs149427560	chr13	29105362	29106152	EZH2	HepG2
chr13	29227518	29227519	rs12050029	chr13	29227482	29227752	MAFK	HepG2
chr13	29232063	29232064	rs4769628	chr13	29231753	29233968	POLR2A	HepG2
chr13	29254071	29254072	rs10648333	chr13	29253742	29254149	CTCF	HepG2
chr13	29254071	29254072	rs10648333	chr13	29253818	29254102	RAD21	HepG2
chr13	77892987	77892988	rs4885453	chr13	77892927	77893224	JUN	HepG2
chr13	77892987	77892988	rs4885453	chr13	77892952	77893228	JUND	HepG2
chr14	53798281	53798282	rs17126347	chr14	53798046	53798366	JUND	HepG2
chr16	53800567	53800568	rs9939973	chr16	53800289	53800905	MYBL2	HepG2
chr16	53800567	53800568	rs9939973	chr16	53800324	53800868	NFIC	HepG2
chr16	53800567	53800568	rs9939973	chr16	53800338	53800674	MAX	HepG2
chr16	53800567	53800568	rs9939973	chr16	53800361	53800657	BHLHE40	HepG2
chr16	53800567	53800568	rs9939973	chr16	53800369	53800759	EP300	HepG2
chr16	53800567	53800568	rs9939973	chr16	53800384	53800648	USF2	HepG2
chr16	53800567	53800568	rs9939973	chr16	53800407	53800697	HNF4G	HepG2
chr16	53800567	53800568	rs9939973	chr16	53800421	53800661	USF1	HepG2
chr16	53800567	53800568	rs9939973	chr16	53800430	53800690	HNF4A	HepG2
chr16	53800567	53800568	rs9939973	chr16	53800430	53800870	TEAD4	HepG2
chr16	53800567	53800568	rs9939973	chr16	53800438	53800722	FOXA1	HepG2
chr16	53800567	53800568	rs9939973	chr16	53800441	53800773	JUND	HepG2
chr16	53800567	53800568	rs9939973	chr16	53800443	53800725	MAFK	HepG2
chr16	53800567	53800568	rs9939973	chr16	53800459	53800795	SP1	HepG2
chr16	53800567	53800568	rs9939973	chr16	53800486	53800776	FOXA2	HepG2
chr16	53800567	53800568	rs9939973	chr16	53800505	53800765	FOSL2	HepG2
chr16	53800628	53800629	rs9940646	chr16	53800289	53800905	MYBL2	HepG2
chr16	53800628	53800629	rs9940646	chr16	53800324	53800868	NFIC	HepG2
chr16	53800628	53800629	rs9940646	chr16	53800338	53800674	MAX	HepG2
chr16	53800628	53800629	rs9940646	chr16	53800361	53800657	BHLHE40	HepG2
chr16	53800628	53800629	rs9940646	chr16	53800369	53800759	EP300	HepG2
chr16	53800628	53800629	rs9940646	chr16	53800384	53800648	USF2	HepG2
chr16	53800628	53800629	rs9940646	chr16	53800407	53800697	HNF4G	HepG2
chr16	53800628	53800629	rs9940646	chr16	53800421	53800661	USF1	HepG2
chr16	53800628	53800629	rs9940646	chr16	53800430	53800690	HNF4A	HepG2
chr16	53800628	53800629	rs9940646	chr16	53800430	53800870	TEAD4	HepG2
chr16	53800628	53800629	rs9940646	chr16	53800438	53800722	FOXA1	HepG2
chr16	53800628	53800629	rs9940646	chr16	53800441	53800773	JUND	HepG2
chr16	53800628	53800629	rs9940646	chr16	53800443	53800725	MAFK	HepG2
chr16	53800628	53800629	rs9940646	chr16	53800459	53800795	SP1	HepG2
chr16	53800628	53800629	rs9940646	chr16	53800486	53800776	FOXA2	HepG2
chr16	53800628	53800629	rs9940646	chr16	53800505	53800765	FOSL2	HepG2
chr16	53800628	53800629	rs9940646	chr16	53800592	53800671	RXRA	HepG2
chr16	53800753	53800754	rs9940128	chr16	53800289	53800905	MYBL2	HepG2
chr16	53800753	53800754	rs9940128	chr16	53800324	53800868	NFIC	HepG2
chr16	53800753	53800754	rs9940128	chr16	53800369	53800759	EP300	HepG2
chr16	53800753	53800754	rs9940128	chr16	53800430	53800870	TEAD4	HepG2
chr16	53800753	53800754	rs9940128	chr16	53800441	53800773	JUND	HepG2
chr16	53800753	53800754	rs9940128	chr16	53800459	53800795	SP1	HepG2
chr16	53800753	53800754	rs9940128	chr16	53800486	53800776	FOXA2	HepG2
chr16	53800753	53800754	rs9940128	chr16	53800505	53800765	FOSL2	HepG2
chr16	53802493	53802494	rs11642015	chr16	53802392	53802848	JUND	HepG2
chr16	53811787	53811788	rs62033400	chr16	53811662	53811949	MAFK	HepG2
chr16	53815434	53815435	rs17817497	chr16	53815058	53815598	EP300	HepG2
chr16	53815434	53815435	rs17817497	chr16	53815071	53815527	JUND	HepG2
chr16	53815434	53815435	rs17817497	chr16	53815108	53815448	JUN	HepG2
chr16	53815434	53815435	rs17817497	chr16	53815110	53815490	ARID3A	HepG2
chr16	53815434	53815435	rs17817497	chr16	53815207	53815471	CEBPB	HepG2
chr16	53821412	53821413	rs7206629	chr16	53821390	53821680	MAFK	HepG2
chr16	53821412	53821413	rs7206629	chr16	53821400	53821680	MAFF	HepG2
chr16	53821614	53821615	rs7202116	chr16	53821390	53821680	MAFK	HepG2
chr16	53821614	53821615	rs7202116	chr16	53821400	53821680	MAFF	HepG2
chr2	26241160	26241161	rs11126335	chr2	26240948	26241603	JUND	HepG2
chr2	26241160	26241161	rs11126335	chr2	26241030	26241350	MAFK	HepG2
chr2	26241160	26241161	rs11126335	chr2	26241030	26241340	BHLHE40	HepG2
chr2	26241160	26241161	rs11126335	chr2	26241039	26241341	USF1	HepG2
chr2	26241160	26241161	rs11126335	chr2	26241045	26241325	MAFF	HepG2
chr2	26241160	26241161	rs11126335	chr2	26241052	26241334	FOSL2	HepG2
chr2	26243204	26243205	rs13418371	chr2	26243009	26243305	BHLHE40	HepG2
chr2	26256146	26256147	rs6739061	chr2	26255866	26256410	NFIC	HepG2
chr2	26256146	26256147	rs6739061	chr2	26255937	26257281	MAX	HepG2
chr2	26256146	26256147	rs6739061	chr2	26255938	26257606	POLR2A	HepG2
chr2	26256146	26256147	rs6739061	chr2	26255993	26256723	SIN3AK20	HepG2
chr2	26256146	26256147	rs6739061	chr2	26256022	26256663	REST	HepG2
chr2	26256146	26256147	rs6739061	chr2	26256031	26257373	TAF1	HepG2
chr2	26256839	26256840	rs4665299	chr2	26255937	26257281	MAX	HepG2
chr2	26256839	26256840	rs4665299	chr2	26255938	26257606	POLR2A	HepG2
chr2	26256839	26256840	rs4665299	chr2	26256031	26257373	TAF1	HepG2
chr2	26256839	26256840	rs4665299	chr2	26256526	26257041	MAZ	HepG2
chr2	26256839	26256840	rs4665299	chr2	26256651	26256991	RFX5	HepG2
chr2	26256839	26256840	rs4665299	chr2	26256744	26257028	NRF1	HepG2
chr2	26256839	26256840	rs4665299	chr2	26256760	26257404	MYC	HepG2
chr2	26256839	26256840	rs4665299	chr2	26256770	26257114	NR2C2	HepG2
chr2	26256839	26256840	rs4665299	chr2	26256796	26257106	BHLHE40	HepG2
chr2	26256839	26256840	rs4665299	chr2	26256809	26257210	TBP	HepG2
chr2	26256839	26256840	rs4665299	chr2	26256812	26257429	REST	HepG2
chr2	26256839	26256840	rs4665299	chr2	26256812	26257392	GABPA	HepG2
chr2	26256839	26256840	rs4665299	chr2	26256818	26257174	MXI1	HepG2
chr2	26256839	26256840	rs4665299	chr2	26256822	26257121	JUND	HepG2
chr2	26262947	26262948	rs1371553	chr2	26262888	26263212	CEBPB	HepG2
chr2	26267374	26267375	rs12475854	chr2	26267277	26267567	HNF4G	HepG2
chr2	26267374	26267375	rs12475854	chr2	26267297	26267573	CEBPD	HepG2
chr2	26267374	26267375	rs12475854	chr2	26267323	26267595	CEBPB	HepG2
chr2	26267374	26267375	rs12475854	chr2	26267345	26267635	ATF3	HepG2
chr2	26281458	26281459	rs1560868	chr2	26281349	26281689	HDAC2	HepG2
chr2	26281458	26281459	rs1560868	chr2	26281371	26281661	FOXA2	HepG2
chr2	26281458	26281459	rs1560868	chr2	26281440	26281580	FOXA1	HepG2
chr2	26291145	26291146	rs2384322	chr2	26290868	26292150	POLR2A	HepG2
chr2	26291344	26291345	rs4233708	chr2	26290868	26292150	POLR2A	HepG2
chr2	26291492	26291493	rs4233709	chr2	26290868	26292150	POLR2A	HepG2
chr2	26291492	26291493	rs4233709	chr2	26291440	26291896	JUND	HepG2
chr2	26291492	26291493	rs4233709	chr2	26291477	26291839	EP300	HepG2
chr2	26291564	26291565	rs4233710	chr2	26290868	26292150	POLR2A	HepG2
chr2	26291564	26291565	rs4233710	chr2	26291440	26291896	JUND	HepG2
chr2	26291564	26291565	rs4233710	chr2	26291477	26291839	EP300	HepG2
chr2	26291564	26291565	rs4233710	chr2	26291512	26291840	MAFK	HepG2
chr2	26291564	26291565	rs4233710	chr2	26291534	26291794	FOSL2	HepG2
chr2	26291564	26291565	rs4233710	chr2	26291534	26291752	MAFF	HepG2
chr2	26293877	26293878	rs6546736	chr2	26293680	26294027	MAFK	HepG2
chr2	26293877	26293878	rs6546736	chr2	26293725	26294005	MAFF	HepG2
chr2	26299084	26299085	rs5829996	chr2	26299076	26299456	ARID3A	HepG2
chr2	26325926	26325927	rs2891490	chr2	26325751	26325991	MAFK	HepG2
chr2	26331493	26331494	rs35528467	chr2	26331242	26331518	JUND	HepG2
chr2	26331493	26331494	rs35528467	chr2	26331248	26331519	CEBPB	HepG2
chr2	26362514	26362515	rs2289021	chr2	26361897	26362979	POLR2A	HepG2
chr2	26367862	26367863	rs2043451	chr2	26367751	26368203	ELF1	HepG2
chr2	46658720	46658721	rs2881322	chr2	46658653	46658969	CTCF	HepG2
chr2	46674933	46674934	rs4953379	chr2	46674839	46675113	MAFK	HepG2
chr2	46674933	46674934	rs4953379	chr2	46674846	46675122	MAFF	HepG2
chr2	46688687	46688688	rs1530621	chr2	46688127	46688889	NFIC	HepG2
chr2	46688687	46688688	rs1530621	chr2	46688485	46688884	YY1	HepG2
chr2	46688687	46688688	rs1530621	chr2	46688495	46688934	CTCF	HepG2
chr2	46688687	46688688	rs1530621	chr2	46688508	46688908	MXI1	HepG2
chr2	46688687	46688688	rs1530621	chr2	46688549	46688919	RCOR1	HepG2
chr2	46688687	46688688	rs1530621	chr2	46688559	46688817	RAD21	HepG2
chr2	46688687	46688688	rs1530621	chr2	46688568	46688838	SMC3	HepG2
chr2	46688687	46688688	rs1530621	chr2	46688580	46688773	RXRA	HepG2
chr2	46688687	46688688	rs1530621	chr2	46688613	46689182	EP300	HepG2
chr2	46717742	46717743	rs13030579	chr2	46717651	46718064	CTCF	HepG2
chr21	36208061	36208062	rs9976946	chr21	36207836	36208226	EP300	HepG2
chr21	36208061	36208062	rs9976946	chr21	36207870	36208194	CEBPB	HepG2
chr21	36208061	36208062	rs9976946	chr21	36207896	36208166	SMC3	HepG2
chr21	36208061	36208062	rs9976946	chr21	36207989	36208069	CEBPD	HepG2
chr3	8570873	8570874	rs9810512	chr3	8570709	8570999	FOXA2	HepG2
chr3	8570873	8570874	rs9810512	chr3	8570749	8571033	FOXA1	HepG2
chr3	8571109	8571110	rs9831647	chr3	8570884	8571500	MYBL2	HepG2
chr3	8571109	8571110	rs9831647	chr3	8570892	8571232	RFX5	HepG2
chr3	8571109	8571110	rs9831647	chr3	8571023	8571279	CEBPB	HepG2
chr3	8571109	8571110	rs9831647	chr3	8571066	8571326	HNF4A	HepG2
chr3	8571109	8571110	rs9831647	chr3	8571068	8571404	SP1	HepG2
chr3	8571156	8571157	rs34386892	chr3	8570884	8571500	MYBL2	HepG2
chr3	8571156	8571157	rs34386892	chr3	8570892	8571232	RFX5	HepG2
chr3	8571156	8571157	rs34386892	chr3	8571023	8571279	CEBPB	HepG2
chr3	8571156	8571157	rs34386892	chr3	8571066	8571326	HNF4A	HepG2
chr3	8571156	8571157	rs34386892	chr3	8571068	8571404	SP1	HepG2
chr3	8580060	8580061	rs6776597	chr3	8579955	8580247	MAFF	HepG2
chr3	8580060	8580061	rs6776597	chr3	8579980	8580250	MAFK	HepG2
chr3	8580236	8580237	rs11707002	chr3	8579955	8580247	MAFF	HepG2
chr3	8580236	8580237	rs11707002	chr3	8579980	8580250	MAFK	HepG2
chr3	87255276	87255277	rs73846699	chr3	87255255	87255755	EP300	HepG2
chr3	87255276	87255277	rs73846699	chr3	87255260	87255804	NFIC	HepG2
chr3	87255276	87255277	rs73846699	chr3	87255263	87255603	JUN	HepG2
chr3	87255333	87255334	rs73846701	chr3	87255255	87255755	EP300	HepG2
chr3	87255333	87255334	rs73846701	chr3	87255260	87255804	NFIC	HepG2
chr3	87255333	87255334	rs73846701	chr3	87255263	87255603	JUN	HepG2
chr3	87255333	87255334	rs73846701	chr3	87255286	87255596	JUND	HepG2
chr3	87255357	87255358	rs73846702	chr3	87255255	87255755	EP300	HepG2
chr3	87255357	87255358	rs73846702	chr3	87255260	87255804	NFIC	HepG2
chr3	87255357	87255358	rs73846702	chr3	87255263	87255603	JUN	HepG2
chr3	87255357	87255358	rs73846702	chr3	87255286	87255596	JUND	HepG2
chr3	87255357	87255358	rs73846702	chr3	87255341	87255681	HDAC2	HepG2
chr3	87255357	87255358	rs73846702	chr3	87255343	87255679	SP1	HepG2
chr3	87255612	87255613	rs73847803	chr3	87255255	87255755	EP300	HepG2
chr3	87255612	87255613	rs73847803	chr3	87255260	87255804	NFIC	HepG2
chr3	87255612	87255613	rs73847803	chr3	87255341	87255681	HDAC2	HepG2
chr3	87255612	87255613	rs73847803	chr3	87255343	87255679	SP1	HepG2
chr3	87255612	87255613	rs73847803	chr3	87255366	87255746	ARID3A	HepG2
chr3	87255612	87255613	rs73847803	chr3	87255370	87255660	FOXA2	HepG2
chr3	87255612	87255613	rs73847803	chr3	87255382	87255672	HNF4G	HepG2
chr3	87255612	87255613	rs73847803	chr3	87255391	87255661	SMC3	HepG2
chr3	87255612	87255613	rs73847803	chr3	87255397	87255681	FOXA1	HepG2
chr3	87255612	87255613	rs73847803	chr3	87255405	87255681	CEBPD	HepG2
chr3	87255612	87255613	rs73847803	chr3	87255408	87255657	CEBPB	HepG2
chr3	87255683	87255684	rs73847805	chr3	87255255	87255755	EP300	HepG2
chr3	87255683	87255684	rs73847805	chr3	87255260	87255804	NFIC	HepG2
chr3	87255683	87255684	rs73847805	chr3	87255366	87255746	ARID3A	HepG2
chr3	87267876	87267877	rs149090958	chr3	87267754	87268030	MAFF	HepG2
chr3	87267876	87267877	rs149090958	chr3	87267761	87268038	MAFK	HepG2
chr3	87276698	87276699	rs2279720	chr3	87276087	87277134	POLR2A	HepG2
chr3	87276698	87276699	rs2279720	chr3	87276202	87276842	TBP	HepG2
chr3	87276698	87276699	rs2279720	chr3	87276243	87276929	YY1	HepG2
chr3	87276698	87276699	rs2279720	chr3	87276293	87276749	SIN3AK20	HepG2
chr4	152015785	152015786	rs75458063	chr4	152015360	152015800	TEAD4	HepG2
chr4	152020778	152020779	rs75660387	chr4	152020104	152021555	POLR2A	HepG2
chr4	152020778	152020779	rs75660387	chr4	152020285	152020886	EP300	HepG2
chr4	152020778	152020779	rs75660387	chr4	152020312	152021130	MYBL2	HepG2
chr4	152020778	152020779	rs75660387	chr4	152020313	152021073	NFIC	HepG2
chr4	152020778	152020779	rs75660387	chr4	152020433	152020909	RCOR1	HepG2
chr4	152020778	152020779	rs75660387	chr4	152020433	152021233	TAF1	HepG2
chr4	152020778	152020779	rs75660387	chr4	152020448	152021157	MAX	HepG2
chr4	152020778	152020779	rs75660387	chr4	152020450	152020811	CTCF	HepG2
chr4	152020778	152020779	rs75660387	chr4	152020466	152020880	ARID3A	HepG2
chr4	152020778	152020779	rs75660387	chr4	152020472	152021119	MXI1	HepG2
chr4	152020778	152020779	rs75660387	chr4	152020483	152021142	ELF1	HepG2
chr4	152020778	152020779	rs75660387	chr4	152020484	152021154	GABPA	HepG2
chr4	152020778	152020779	rs75660387	chr4	152020489	152020949	NR2C2	HepG2
chr4	152020778	152020779	rs75660387	chr4	152020496	152021136	REST	HepG2
chr4	152020778	152020779	rs75660387	chr4	152020505	152020802	SP2	HepG2
chr4	152020778	152020779	rs75660387	chr4	152020508	152020830	JUND	HepG2
chr4	152020778	152020779	rs75660387	chr4	152020512	152020867	SP1	HepG2
chr4	152020778	152020779	rs75660387	chr4	152020519	152020975	SIN3AK20	HepG2
chr4	152020778	152020779	rs75660387	chr4	152020529	152020784	TEAD4	HepG2
chr4	152020778	152020779	rs75660387	chr4	152020542	152021144	TBP	HepG2
chr4	152020778	152020779	rs75660387	chr4	152020543	152021136	ZBTB33	HepG2
chr4	152020778	152020779	rs75660387	chr4	152020543	152021127	YY1	HepG2
chr4	152020778	152020779	rs75660387	chr4	152020543	152020839	HNF4A	HepG2
chr4	152020778	152020779	rs75660387	chr4	152020553	152020843	FOXA2	HepG2
chr4	152020778	152020779	rs75660387	chr4	152020556	152020846	HNF4G	HepG2
chr4	152020778	152020779	rs75660387	chr4	152020557	152020842	FOXA1	HepG2
chr4	152020778	152020779	rs75660387	chr4	152020561	152020861	RXRA	HepG2
chr4	152020778	152020779	rs75660387	chr4	152020565	152020825	FOSL2	HepG2
chr4	152020778	152020779	rs75660387	chr4	152020583	152021119	CHD2	HepG2
chr4	152020778	152020779	rs75660387	chr4	152020584	152020905	BRCA1	HepG2
chr4	152020778	152020779	rs75660387	chr4	152020650	152020926	CEBPD	HepG2
chr4	152025945	152025946	rs72965634	chr4	152024836	152026241	POLR2A	HepG2
chr4	152068422	152068423	rs72965662	chr4	152068202	152068526	CEBPB	HepG2
chr5	32815027	32815028	rs1173771	chr5	32814728	32815054	JUND	HepG2
chr5	38052045	38052046	rs270543	chr5	38051867	38052158	MAFF	HepG2
chr5	38052045	38052046	rs270543	chr5	38051882	38052152	MAFK	HepG2
chr5	38060687	38060688	rs270594	chr5	38060470	38060850	ARID3A	HepG2
chr5	38060687	38060688	rs270594	chr5	38060496	38060786	JUN	HepG2
chr5	38060687	38060688	rs270594	chr5	38060503	38060779	JUND	HepG2
chr5	38060687	38060688	rs270594	chr5	38060510	38060742	FOXA1	HepG2
chr5	38060687	38060688	rs270594	chr5	38060529	38060721	FOXA2	HepG2
chr5	38060687	38060688	rs270594	chr5	38060535	38060753	FOSL2	HepG2
chr5	38060687	38060688	rs270594	chr5	38060559	38060712	TEAD4	HepG2
chr5	38060687	38060688	rs270594	chr5	38060590	38060716	EP300	HepG2
chr5	38086956	38086957	rs2463771	chr5	38086942	38087232	MAFF	HepG2
chr5	38086956	38086957	rs2463771	chr5	38086953	38087209	MAFK	HepG2
chr5	38087077	38087078	rs2471046	chr5	38086942	38087232	MAFF	HepG2
chr5	38087077	38087078	rs2471046	chr5	38086953	38087209	MAFK	HepG2
chr6	30976218	30976219	rs28360974	chr6	30975946	30976402	CTCF	HepG2
chr6	31160596	31160597	rs111279592	chr6	31160255	31160655	MXI1	HepG2
chr6	31160596	31160597	rs111279592	chr6	31160262	31160642	ARID3A	HepG2
chr6	31160596	31160597	rs111279592	chr6	31160300	31160676	CTCF	HepG2
chr6	31160596	31160597	rs111279592	chr6	31160332	31160628	BHLHE40	HepG2
chr6	31160596	31160597	rs111279592	chr6	31160344	31160626	SMC3	HepG2
chr6	31160596	31160597	rs111279592	chr6	31160349	31160620	RAD21	HepG2
chr6	31161209	31161210	rs3095238	chr6	31160942	31161366	CTCF	HepG2
chr6	31161209	31161210	rs3095238	chr6	31161064	31161311	RAD21	HepG2
chr6	31161346	31161347	rs3095237	chr6	31160942	31161366	CTCF	HepG2
chr6	31164699	31164700	rs3130461	chr6	31163986	31166366	POLR2A	HepG2
chr6	31164699	31164700	rs3130461	chr6	31164680	31165132	MAX	HepG2
chr6	31165149	31165150	rs3094610	chr6	31163986	31166366	POLR2A	HepG2
chr6	31165149	31165150	rs3094610	chr6	31164716	31165172	JUND	HepG2
chr6	31165149	31165150	rs3094610	chr6	31164741	31165150	ARID3A	HepG2
chr6	31165149	31165150	rs3094610	chr6	31164864	31166105	TAF1	HepG2
chr6	31165149	31165150	rs3094610	chr6	31165060	31165789	SIN3AK20	HepG2
chr6	31165149	31165150	rs3094610	chr6	31165123	31165606	REST	HepG2
chr6	31165276	31165277	rs3130462	chr6	31163986	31166366	POLR2A	HepG2
chr6	31165276	31165277	rs3130462	chr6	31164864	31166105	TAF1	HepG2
chr6	31165276	31165277	rs3130462	chr6	31165060	31165789	SIN3AK20	HepG2
chr6	31165276	31165277	rs3130462	chr6	31165123	31165606	REST	HepG2
chr6	31165276	31165277	rs3130462	chr6	31165218	31165758	GABPA	HepG2
chr6	31165565	31165566	rs3094609	chr6	31163986	31166366	POLR2A	HepG2
chr6	31165565	31165566	rs3094609	chr6	31164864	31166105	TAF1	HepG2
chr6	31165565	31165566	rs3094609	chr6	31165060	31165789	SIN3AK20	HepG2
chr6	31165565	31165566	rs3094609	chr6	31165123	31165606	REST	HepG2
chr6	31165565	31165566	rs3094609	chr6	31165218	31165758	GABPA	HepG2
chr6	31165565	31165566	rs3094609	chr6	31165284	31165866	TEAD4	HepG2
chr6	31165565	31165566	rs3094609	chr6	31165296	31165660	ELF1	HepG2
chr6	31165565	31165566	rs3094609	chr6	31165335	31165595	FOSL2	HepG2
chr6	31165565	31165566	rs3094609	chr6	31165354	31165634	JUND	HepG2
chr6	31165565	31165566	rs3094609	chr6	31165497	31166116	TBP	HepG2
chr6	31165565	31165566	rs3094609	chr6	31165558	31166102	NFIC	HepG2
chr6	31165961	31165962	rs3130463	chr6	31163986	31166366	POLR2A	HepG2
chr6	31165961	31165962	rs3130463	chr6	31164864	31166105	TAF1	HepG2
chr6	31165961	31165962	rs3130463	chr6	31165497	31166116	TBP	HepG2
chr6	31165961	31165962	rs3130463	chr6	31165558	31166102	NFIC	HepG2
chr6	31165961	31165962	rs3130463	chr6	31165598	31166062	MAZ	HepG2
chr6	31165961	31165962	rs3130463	chr6	31165648	31166123	MXI1	HepG2
chr6	31165961	31165962	rs3130463	chr6	31165721	31166021	RXRA	HepG2
chr6	31165961	31165962	rs3130463	chr6	31165799	31166218	ZBTB7A	HepG2
chr6	31165961	31165962	rs3130463	chr6	31165819	31166229	FOSL2	HepG2
chr6	31165961	31165962	rs3130463	chr6	31165833	31166289	JUND	HepG2
chr6	31165961	31165962	rs3130463	chr6	31165846	31166216	RCOR1	HepG2
chr6	31173677	31173678	rs3094606	chr6	31173455	31173715	HNF4A	HepG2
chr6	31213878	31213879	rs3095246	chr6	31213773	31214057	FOXA1	HepG2
chr6	31213878	31213879	rs3095246	chr6	31213777	31214187	FOSL2	HepG2
chr6	31213878	31213879	rs3095246	chr6	31213808	31214078	USF1	HepG2
chr6	31213878	31213879	rs3095246	chr6	31213812	31214154	JUN	HepG2
chr6	31213878	31213879	rs3095246	chr6	31213840	31214164	JUND	HepG2
chr6	31220420	31220421	rs3134748	chr6	31220417	31220846	CTCF	HepG2
chr6	31236852	31236853	rs1065711	chr6	31233581	31240437	POLR2A	HepG2
chr6	31236997	31236998	rs2001181	chr6	31233581	31240437	POLR2A	HepG2
chr6	31239305	31239306	rs7383157	chr6	31233581	31240437	POLR2A	HepG2
chr6	31239305	31239306	rs7383157	chr6	31239288	31239787	CTCF	HepG2
chr6	31240352	31240353	rs28498059	chr6	31233581	31240437	POLR2A	HepG2
chr8	20198779	20198780	rs78584389	chr8	20198588	20198922	MAFK	HepG2
chr8	20198779	20198780	rs78584389	chr8	20198619	20198908	MAFF	HepG2
chr8	20231016	20231017	rs2005365	chr8	20230676	20231100	CTCF	HepG2
chr8	20231016	20231017	rs2005365	chr8	20230755	20231045	FOXA2	HepG2
chr8	20237331	20237332	rs76943317	chr8	20237115	20237557	CTCF	HepG2
chr8	20237542	20237543	rs76395516	chr8	20237115	20237557	CTCF	HepG2
chr8	20238587	20238588	rs4922177	chr8	20238276	20238640	ELF1	HepG2
chr8	20238587	20238588	rs4922177	chr8	20238284	20238665	CTCF	HepG2
chr8	20238587	20238588	rs4922177	chr8	20238330	20238634	SMC3	HepG2
chr8	20238587	20238588	rs4922177	chr8	20238339	20238616	RAD21	HepG2
chr8	20292842	20292843	rs79893464	chr8	20292765	20293150	CTCF	HepG2
chr8	20292842	20292843	rs79893464	chr8	20292825	20293124	SMC3	HepG2
chr8	20292842	20292843	rs79893464	chr8	20292838	20293123	RAD21	HepG2
chr8	25946201	25946202	rs13250760	chr8	25946183	25946578	CTCF	HepG2
chr9	102790678	102790679	rs10988948	chr9	102790369	102790775	CTCF	HepG2
chr9	102790678	102790679	rs10988948	chr9	102790437	102790723	SMC3	HepG2
chr9	102790678	102790679	rs10988948	chr9	102790470	102790716	RAD21	HepG2
