chr1	11845221	11845222	rs55867221	chr1	11845210	11845821	CTCF	HSMM
chr1	11845523	11845524	rs2151654	chr1	11845210	11845821	CTCF	HSMM
chr1	217221935	217221936	rs11577589	chr1	217221607	217222113	CTCF	HSMM
chr10	29027222	29027223	rs1248993	chr10	29027081	29027543	CTCF	HSMM
chr12	26951250	26951251	rs7961772	chr12	26951104	26951521	CTCF	HSMM
chr12	26951463	26951464	rs61920591	chr12	26951104	26951521	CTCF	HSMM
chr13	29067864	29067865	rs4769602	chr13	29067794	29069320	EZH2	HSMM
chr13	29068149	29068150	rs57710852	chr13	29067794	29069320	EZH2	HSMM
chr13	29068174	29068175	rs7320371	chr13	29067794	29069320	EZH2	HSMM
chr13	29068439	29068440	rs598945	chr13	29067794	29069320	EZH2	HSMM
chr13	29069038	29069039	rs55927955	chr13	29067794	29069320	EZH2	HSMM
chr13	29106769	29106770	rs113039174	chr13	29106477	29107560	EZH2	HSMM
chr13	29106773	29106774	rs111472572	chr13	29106477	29107560	EZH2	HSMM
chr13	29106785	29106786	rs111815885	chr13	29106477	29107560	EZH2	HSMM
chr13	29254071	29254072	rs10648333	chr13	29253742	29254149	CTCF	HSMM
chr14	53794419	53794420	rs77513584	chr14	53794280	53794741	CTCF	HSMM
chr2	46688687	46688688	rs1530621	chr2	46688495	46688934	CTCF	HSMM
chr4	152020778	152020779	rs75660387	chr4	152020450	152020811	CTCF	HSMM
chr6	30976218	30976219	rs28360974	chr6	30975946	30976402	CTCF	HSMM
chr6	31160596	31160597	rs111279592	chr6	31160300	31160676	CTCF	HSMM
chr6	31239305	31239306	rs7383157	chr6	31239288	31239787	CTCF	HSMM
chr8	20193103	20193104	rs17092258	chr8	20192853	20193247	CTCF	HSMM
chr8	20231016	20231017	rs2005365	chr8	20230676	20231100	CTCF	HSMM
chr8	20237331	20237332	rs76943317	chr8	20237115	20237557	CTCF	HSMM
chr8	20237542	20237543	rs76395516	chr8	20237115	20237557	CTCF	HSMM
chr8	20238587	20238588	rs4922177	chr8	20238284	20238665	CTCF	HSMM
chr8	20292842	20292843	rs79893464	chr8	20292765	20293150	CTCF	HSMM
chr8	25946201	25946202	rs13250760	chr8	25946183	25946578	CTCF	HSMM
chr9	102790678	102790679	rs10988948	chr9	102790369	102790775	CTCF	HSMM
chr9	102930256	102930257	rs12377835	chr9	102930181	102930629	CTCF	HSMM
