chr1	11836669	11836670	rs41275458	chr1	11836568	11836758	CTCF	MCF-7
chr1	11845221	11845222	rs55867221	chr1	11845210	11845821	CTCF	MCF-7
chr1	11845523	11845524	rs2151654	chr1	11845210	11845821	CTCF	MCF-7
chr1	11862532	11862533	rs45589544	chr1	11862503	11864118	POLR2A	MCF-7
chr1	11862763	11862764	rs55645287	chr1	11862503	11864118	POLR2A	MCF-7
chr1	11862777	11862778	rs17367504	chr1	11862503	11864118	POLR2A	MCF-7
chr1	11863056	11863057	rs2066470	chr1	11862503	11864118	POLR2A	MCF-7
chr1	11863903	11863904	rs3753588	chr1	11862503	11864118	POLR2A	MCF-7
chr1	11865062	11865063	rs3834045	chr1	11864657	11866827	POLR2A	MCF-7
chr1	11865235	11865236	rs17367629	chr1	11864657	11866827	POLR2A	MCF-7
chr1	11865283	11865284	rs3834044	chr1	11864657	11866827	POLR2A	MCF-7
chr1	11865283	11865284	rs3834044	chr1	11865250	11866107	E2F1	MCF-7
chr1	11865541	11865542	rs3753582	chr1	11864657	11866827	POLR2A	MCF-7
chr1	11865541	11865542	rs3753582	chr1	11865250	11866107	E2F1	MCF-7
chr1	11865803	11865804	rs13306561	chr1	11864657	11866827	POLR2A	MCF-7
chr1	11865803	11865804	rs13306561	chr1	11865250	11866107	E2F1	MCF-7
chr1	11865803	11865804	rs13306561	chr1	11865655	11866400	MYC	MCF-7
chr1	11865815	11865816	rs3834043	chr1	11864657	11866827	POLR2A	MCF-7
chr1	11865815	11865816	rs3834043	chr1	11865250	11866107	E2F1	MCF-7
chr1	11865815	11865816	rs3834043	chr1	11865655	11866400	MYC	MCF-7
chr1	217221935	217221936	rs11577589	chr1	217221607	217222113	CTCF	MCF-7
chr1	228271152	228271153	rs3754357	chr1	228269188	228272435	POLR2A	MCF-7
chr1	228353650	228353651	rs55873785	chr1	228352077	228354842	POLR2A	MCF-7
chr1	228353650	228353651	rs55873785	chr1	228353049	228354010	MYC	MCF-7
chr1	228353650	228353651	rs55873785	chr1	228353309	228353975	E2F1	MCF-7
chr10	29027222	29027223	rs1248993	chr10	29027081	29027543	CTCF	MCF-7
chr13	29069038	29069039	rs55927955	chr13	29068909	29069519	POLR2A	MCF-7
chr13	29138284	29138285	rs7318880	chr13	29138025	29138681	E2F1	MCF-7
chr13	29138284	29138285	rs7318880	chr13	29138204	29138774	ZNF217	MCF-7
chr13	29138284	29138285	rs7318880	chr13	29138235	29138545	MYC	MCF-7
chr13	29138284	29138285	rs7318880	chr13	29138283	29138753	GATA3	MCF-7
chr13	29138497	29138498	rs4769612	chr13	29138025	29138681	E2F1	MCF-7
chr13	29138497	29138498	rs4769612	chr13	29138204	29138774	ZNF217	MCF-7
chr13	29138497	29138498	rs4769612	chr13	29138235	29138545	MYC	MCF-7
chr13	29138497	29138498	rs4769612	chr13	29138283	29138753	GATA3	MCF-7
chr13	29138608	29138609	rs4769613	chr13	29138025	29138681	E2F1	MCF-7
chr13	29138608	29138609	rs4769613	chr13	29138204	29138774	ZNF217	MCF-7
chr13	29138608	29138609	rs4769613	chr13	29138283	29138753	GATA3	MCF-7
chr13	29142849	29142850	rs9508062	chr13	29142390	29142860	GATA3	MCF-7
chr13	29232063	29232064	rs4769628	chr13	29231753	29233968	POLR2A	MCF-7
chr13	29254071	29254072	rs10648333	chr13	29253742	29254149	CTCF	MCF-7
chr13	77891230	77891231	rs9530635	chr13	77891120	77891716	CTCF	MCF-7
chr14	53794419	53794420	rs77513584	chr14	53794309	53794805	TCF7L2	MCF-7
chr16	53802493	53802494	rs11642015	chr16	53802468	53802938	GATA3	MCF-7
chr16	53815434	53815435	rs17817497	chr16	53814914	53815484	ZNF217	MCF-7
chr16	53815434	53815435	rs17817497	chr16	53815039	53815535	TCF7L2	MCF-7
chr2	26241160	26241161	rs11126335	chr2	26240807	26241277	GATA3	MCF-7
chr2	26241160	26241161	rs11126335	chr2	26240959	26241331	MYC	MCF-7
chr2	26241160	26241161	rs11126335	chr2	26241023	26241266	CTCF	MCF-7
chr2	26256146	26256147	rs6739061	chr2	26255938	26257606	POLR2A	MCF-7
chr2	26256146	26256147	rs6739061	chr2	26256025	26256440	E2F1	MCF-7
chr2	26256839	26256840	rs4665299	chr2	26255938	26257606	POLR2A	MCF-7
chr2	26256839	26256840	rs4665299	chr2	26256760	26257404	MYC	MCF-7
chr2	46688687	46688688	rs1530621	chr2	46688495	46688934	CTCF	MCF-7
chr2	108400783	108400784	rs72940979	chr2	108400318	108400788	GATA3	MCF-7
chr20	57716972	57716973	rs260017	chr20	57716841	57717171	POLR2A	MCF-7
chr20	57716972	57716973	rs260017	chr20	57716905	57717109	MYC	MCF-7
chr20	57728888	57728889	rs259990	chr20	57728876	57729173	CTCF	MCF-7
chr3	87255276	87255277	rs73846699	chr3	87255237	87255807	ZNF217	MCF-7
chr3	87255333	87255334	rs73846701	chr3	87255237	87255807	ZNF217	MCF-7
chr3	87255333	87255334	rs73846701	chr3	87255283	87255841	TCF7L2	MCF-7
chr3	87255357	87255358	rs73846702	chr3	87255237	87255807	ZNF217	MCF-7
chr3	87255357	87255358	rs73846702	chr3	87255283	87255841	TCF7L2	MCF-7
chr3	87255612	87255613	rs73847803	chr3	87255237	87255807	ZNF217	MCF-7
chr3	87255612	87255613	rs73847803	chr3	87255283	87255841	TCF7L2	MCF-7
chr3	87255683	87255684	rs73847805	chr3	87255237	87255807	ZNF217	MCF-7
chr3	87255683	87255684	rs73847805	chr3	87255283	87255841	TCF7L2	MCF-7
chr3	87276698	87276699	rs2279720	chr3	87276087	87277134	POLR2A	MCF-7
chr3	87276698	87276699	rs2279720	chr3	87276698	87277026	MYC	MCF-7
chr4	152020778	152020779	rs75660387	chr4	152020104	152021555	POLR2A	MCF-7
chr4	152020778	152020779	rs75660387	chr4	152020450	152020811	CTCF	MCF-7
chr4	152020778	152020779	rs75660387	chr4	152020459	152021231	MYC	MCF-7
chr4	152020778	152020779	rs75660387	chr4	152020569	152021277	E2F1	MCF-7
chr6	30976218	30976219	rs28360974	chr6	30975946	30976402	CTCF	MCF-7
chr6	31137164	31137165	rs3130503	chr6	31137126	31137782	E2F1	MCF-7
chr6	31160596	31160597	rs111279592	chr6	31160300	31160676	CTCF	MCF-7
chr6	31161209	31161210	rs3095238	chr6	31160942	31161366	CTCF	MCF-7
chr6	31161346	31161347	rs3095237	chr6	31160942	31161366	CTCF	MCF-7
chr6	31164699	31164700	rs3130461	chr6	31163986	31166366	POLR2A	MCF-7
chr6	31164699	31164700	rs3130461	chr6	31164680	31165120	MYC	MCF-7
chr6	31165149	31165150	rs3094610	chr6	31163986	31166366	POLR2A	MCF-7
chr6	31165276	31165277	rs3130462	chr6	31163986	31166366	POLR2A	MCF-7
chr6	31165565	31165566	rs3094609	chr6	31163986	31166366	POLR2A	MCF-7
chr6	31165565	31165566	rs3094609	chr6	31165304	31165634	CTCF	MCF-7
chr6	31165565	31165566	rs3094609	chr6	31165440	31166010	ZNF217	MCF-7
chr6	31165961	31165962	rs3130463	chr6	31163986	31166366	POLR2A	MCF-7
chr6	31165961	31165962	rs3130463	chr6	31165440	31166010	ZNF217	MCF-7
chr6	31220420	31220421	rs3134748	chr6	31220417	31220846	CTCF	MCF-7
chr6	31236852	31236853	rs1065711	chr6	31233581	31240437	POLR2A	MCF-7
chr6	31236997	31236998	rs2001181	chr6	31233581	31240437	POLR2A	MCF-7
chr6	31239305	31239306	rs7383157	chr6	31233581	31240437	POLR2A	MCF-7
chr6	31239305	31239306	rs7383157	chr6	31239288	31239787	CTCF	MCF-7
chr6	31240352	31240353	rs28498059	chr6	31233581	31240437	POLR2A	MCF-7
chr8	20231016	20231017	rs2005365	chr8	20230676	20231100	CTCF	MCF-7
chr8	20237331	20237332	rs76943317	chr8	20237115	20237557	CTCF	MCF-7
chr8	20237542	20237543	rs76395516	chr8	20237115	20237557	CTCF	MCF-7
chr8	20238587	20238588	rs4922177	chr8	20238284	20238665	CTCF	MCF-7
chr8	20292842	20292843	rs79893464	chr8	20292765	20293150	CTCF	MCF-7
chr8	25946201	25946202	rs13250760	chr8	25946183	25946578	CTCF	MCF-7
chr9	102790678	102790679	rs10988948	chr9	102790369	102790775	CTCF	MCF-7
chr9	102930256	102930257	rs12377835	chr9	102930181	102930629	CTCF	MCF-7
