chr1	11847771	11847772	rs3820192	chr1	11847573	11847973	STAT3	MCF10A-Er-Src
chr1	11847860	11847861	rs1537516	chr1	11847573	11847973	STAT3	MCF10A-Er-Src
chr1	11847901	11847902	rs1537515	chr1	11847573	11847973	STAT3	MCF10A-Er-Src
chr1	11862532	11862533	rs45589544	chr1	11862503	11864118	POLR2A	MCF10A-Er-Src
chr1	11862763	11862764	rs55645287	chr1	11862503	11864118	POLR2A	MCF10A-Er-Src
chr1	11862777	11862778	rs17367504	chr1	11862503	11864118	POLR2A	MCF10A-Er-Src
chr1	11863056	11863057	rs2066470	chr1	11862503	11864118	POLR2A	MCF10A-Er-Src
chr1	11863903	11863904	rs3753588	chr1	11862503	11864118	POLR2A	MCF10A-Er-Src
chr1	11865062	11865063	rs3834045	chr1	11864657	11866827	POLR2A	MCF10A-Er-Src
chr1	11865062	11865063	rs3834045	chr1	11864935	11865359	MYC	MCF10A-Er-Src
chr1	11865235	11865236	rs17367629	chr1	11864657	11866827	POLR2A	MCF10A-Er-Src
chr1	11865235	11865236	rs17367629	chr1	11864935	11865359	MYC	MCF10A-Er-Src
chr1	11865283	11865284	rs3834044	chr1	11864657	11866827	POLR2A	MCF10A-Er-Src
chr1	11865283	11865284	rs3834044	chr1	11864935	11865359	MYC	MCF10A-Er-Src
chr1	11865541	11865542	rs3753582	chr1	11864657	11866827	POLR2A	MCF10A-Er-Src
chr1	11865541	11865542	rs3753582	chr1	11865481	11866337	FOS	MCF10A-Er-Src
chr1	11865541	11865542	rs3753582	chr1	11865491	11865767	STAT3	MCF10A-Er-Src
chr1	11865803	11865804	rs13306561	chr1	11864657	11866827	POLR2A	MCF10A-Er-Src
chr1	11865803	11865804	rs13306561	chr1	11865481	11866337	FOS	MCF10A-Er-Src
chr1	11865803	11865804	rs13306561	chr1	11865655	11866400	MYC	MCF10A-Er-Src
chr1	11865815	11865816	rs3834043	chr1	11864657	11866827	POLR2A	MCF10A-Er-Src
chr1	11865815	11865816	rs3834043	chr1	11865481	11866337	FOS	MCF10A-Er-Src
chr1	11865815	11865816	rs3834043	chr1	11865655	11866400	MYC	MCF10A-Er-Src
chr1	11881946	11881947	rs113289271	chr1	11881560	11881960	FOS	MCF10A-Er-Src
chr1	68687696	68687697	rs10493438	chr1	68687566	68687966	FOS	MCF10A-Er-Src
chr1	217192038	217192039	rs11572435	chr1	217191926	217192193	FOS	MCF10A-Er-Src
chr1	217192038	217192039	rs11572435	chr1	217191929	217192209	STAT3	MCF10A-Er-Src
chr1	228203267	228203268	rs708119	chr1	228203052	228203328	FOS	MCF10A-Er-Src
chr1	228271152	228271153	rs3754357	chr1	228269188	228272435	POLR2A	MCF10A-Er-Src
chr1	228353650	228353651	rs55873785	chr1	228352077	228354842	POLR2A	MCF10A-Er-Src
chr1	228353650	228353651	rs55873785	chr1	228353049	228354010	MYC	MCF10A-Er-Src
chr1	228353650	228353651	rs55873785	chr1	228353595	228353915	E2F4	MCF10A-Er-Src
chr12	26874860	26874861	rs17480623	chr12	26874745	26875145	FOS	MCF10A-Er-Src
chr12	26941705	26941706	rs728009	chr12	26941520	26941784	FOS	MCF10A-Er-Src
chr12	26957495	26957496	rs17482515	chr12	26957255	26957549	STAT3	MCF10A-Er-Src
chr13	29073853	29073854	rs7985205	chr13	29073673	29074073	FOS	MCF10A-Er-Src
chr13	29232063	29232064	rs4769628	chr13	29231753	29233968	POLR2A	MCF10A-Er-Src
chr14	53794419	53794420	rs77513584	chr14	53794381	53794694	MYC	MCF10A-Er-Src
chr14	53798281	53798282	rs17126347	chr14	53797969	53798340	STAT3	MCF10A-Er-Src
chr14	53798281	53798282	rs17126347	chr14	53798002	53798302	MYC	MCF10A-Er-Src
chr14	53798281	53798282	rs17126347	chr14	53798040	53798304	FOS	MCF10A-Er-Src
chr16	53800628	53800629	rs9940646	chr16	53800615	53800951	STAT3	MCF10A-Er-Src
chr16	53800753	53800754	rs9940128	chr16	53800615	53800951	STAT3	MCF10A-Er-Src
chr16	53800753	53800754	rs9940128	chr16	53800678	53800961	FOS	MCF10A-Er-Src
chr16	53800953	53800954	rs1421085	chr16	53800678	53800961	FOS	MCF10A-Er-Src
chr16	53802493	53802494	rs11642015	chr16	53802390	53803087	POLR2A	MCF10A-Er-Src
chr16	53802493	53802494	rs11642015	chr16	53802397	53802801	FOS	MCF10A-Er-Src
chr16	53818459	53818460	rs3751812	chr16	53818267	53818546	FOS	MCF10A-Er-Src
chr16	53821412	53821413	rs7206629	chr16	53821393	53821668	FOS	MCF10A-Er-Src
chr16	53821614	53821615	rs7202116	chr16	53821393	53821668	FOS	MCF10A-Er-Src
chr16	76043200	76043201	rs7199697	chr16	76043035	76043287	FOS	MCF10A-Er-Src
chr16	76043200	76043201	rs7199697	chr16	76043059	76043398	STAT3	MCF10A-Er-Src
chr2	26241160	26241161	rs11126335	chr2	26240959	26241331	MYC	MCF10A-Er-Src
chr2	26241160	26241161	rs11126335	chr2	26240997	26241313	STAT3	MCF10A-Er-Src
chr2	26241160	26241161	rs11126335	chr2	26241013	26241413	FOS	MCF10A-Er-Src
chr2	26256146	26256147	rs6739061	chr2	26255938	26257606	POLR2A	MCF10A-Er-Src
chr2	26256839	26256840	rs4665299	chr2	26255938	26257606	POLR2A	MCF10A-Er-Src
chr2	26256839	26256840	rs4665299	chr2	26256602	26256975	E2F4	MCF10A-Er-Src
chr2	26256839	26256840	rs4665299	chr2	26256760	26257404	MYC	MCF10A-Er-Src
chr2	26267374	26267375	rs12475854	chr2	26267201	26267645	MYC	MCF10A-Er-Src
chr2	26267374	26267375	rs12475854	chr2	26267350	26267594	FOS	MCF10A-Er-Src
chr2	26291492	26291493	rs4233709	chr2	26291403	26291845	MYC	MCF10A-Er-Src
chr2	26291492	26291493	rs4233709	chr2	26291459	26291859	FOS	MCF10A-Er-Src
chr2	26291564	26291565	rs4233710	chr2	26291403	26291845	MYC	MCF10A-Er-Src
chr2	26291564	26291565	rs4233710	chr2	26291459	26291859	FOS	MCF10A-Er-Src
chr2	26291564	26291565	rs4233710	chr2	26291518	26291901	STAT3	MCF10A-Er-Src
chr2	26309149	26309150	rs4665820	chr2	26309099	26309499	FOS	MCF10A-Er-Src
chr2	46708944	46708945	rs36006825	chr2	46708607	46709298	STAT3	MCF10A-Er-Src
chr2	46708944	46708945	rs36006825	chr2	46708735	46709135	FOS	MCF10A-Er-Src
chr2	46708944	46708945	rs36006825	chr2	46708787	46709123	MYC	MCF10A-Er-Src
chr20	5926565	5926566	rs34573741	chr20	5926554	5926954	FOS	MCF10A-Er-Src
chr20	5954201	5954202	rs6139882	chr20	5953688	5954228	POLR2A	MCF10A-Er-Src
chr20	57734911	57734912	rs78412528	chr20	57734850	57735126	STAT3	MCF10A-Er-Src
chr3	87126427	87126428	rs76668454	chr3	87126149	87126450	STAT3	MCF10A-Er-Src
chr3	87126427	87126428	rs76668454	chr3	87126158	87126468	MYC	MCF10A-Er-Src
chr3	87255276	87255277	rs73846699	chr3	87255199	87255551	FOS	MCF10A-Er-Src
chr3	87255333	87255334	rs73846701	chr3	87255199	87255551	FOS	MCF10A-Er-Src
chr3	87255333	87255334	rs73846701	chr3	87255310	87255654	STAT3	MCF10A-Er-Src
chr3	87255333	87255334	rs73846701	chr3	87255318	87255640	MYC	MCF10A-Er-Src
chr3	87255357	87255358	rs73846702	chr3	87255199	87255551	FOS	MCF10A-Er-Src
chr3	87255357	87255358	rs73846702	chr3	87255310	87255654	STAT3	MCF10A-Er-Src
chr3	87255357	87255358	rs73846702	chr3	87255318	87255640	MYC	MCF10A-Er-Src
chr3	87255612	87255613	rs73847803	chr3	87255310	87255654	STAT3	MCF10A-Er-Src
chr3	87255612	87255613	rs73847803	chr3	87255318	87255640	MYC	MCF10A-Er-Src
chr3	87276698	87276699	rs2279720	chr3	87276087	87277134	POLR2A	MCF10A-Er-Src
chr4	98564573	98564574	rs75825288	chr4	98564348	98564748	FOS	MCF10A-Er-Src
chr4	152020778	152020779	rs75660387	chr4	152020104	152021555	POLR2A	MCF10A-Er-Src
chr4	152020778	152020779	rs75660387	chr4	152020344	152020811	STAT3	MCF10A-Er-Src
chr4	152020778	152020779	rs75660387	chr4	152020459	152021231	MYC	MCF10A-Er-Src
chr4	152020778	152020779	rs75660387	chr4	152020512	152020848	E2F4	MCF10A-Er-Src
chr6	30973244	30973245	rs28360972	chr6	30973077	30973357	STAT3	MCF10A-Er-Src
chr6	30973244	30973245	rs28360972	chr6	30973086	30973355	FOS	MCF10A-Er-Src
chr6	30986039	30986040	rs17189980	chr6	30985988	30986304	STAT3	MCF10A-Er-Src
chr6	31164699	31164700	rs3130461	chr6	31163986	31166366	POLR2A	MCF10A-Er-Src
chr6	31165149	31165150	rs3094610	chr6	31163986	31166366	POLR2A	MCF10A-Er-Src
chr6	31165276	31165277	rs3130462	chr6	31163986	31166366	POLR2A	MCF10A-Er-Src
chr6	31165276	31165277	rs3130462	chr6	31165194	31165613	FOS	MCF10A-Er-Src
chr6	31165565	31165566	rs3094609	chr6	31163986	31166366	POLR2A	MCF10A-Er-Src
chr6	31165565	31165566	rs3094609	chr6	31165194	31165613	FOS	MCF10A-Er-Src
chr6	31165565	31165566	rs3094609	chr6	31165342	31165712	STAT3	MCF10A-Er-Src
chr6	31165565	31165566	rs3094609	chr6	31165550	31165914	E2F4	MCF10A-Er-Src
chr6	31165961	31165962	rs3130463	chr6	31163986	31166366	POLR2A	MCF10A-Er-Src
chr6	31213878	31213879	rs3095246	chr6	31213793	31214193	FOS	MCF10A-Er-Src
chr6	31213878	31213879	rs3095246	chr6	31213837	31214113	STAT3	MCF10A-Er-Src
chr6	31236852	31236853	rs1065711	chr6	31233581	31240437	POLR2A	MCF10A-Er-Src
chr6	31236997	31236998	rs2001181	chr6	31233581	31240437	POLR2A	MCF10A-Er-Src
chr6	31239305	31239306	rs7383157	chr6	31233581	31240437	POLR2A	MCF10A-Er-Src
chr6	31240352	31240353	rs28498059	chr6	31233581	31240437	POLR2A	MCF10A-Er-Src
chr9	102849538	102849539	rs10988967	chr9	102849440	102849840	FOS	MCF10A-Er-Src
chr9	102849538	102849539	rs10988967	chr9	102849504	102849784	STAT3	MCF10A-Er-Src
chr9	102913056	102913057	rs7028564	chr9	102912809	102913209	FOS	MCF10A-Er-Src
chr9	102969458	102969459	rs34422769	chr9	102969105	102969505	FOS	MCF10A-Er-Src
chr9	102969458	102969459	rs34422769	chr9	102969144	102969479	STAT3	MCF10A-Er-Src
chr9	102969461	102969462	rs35993804	chr9	102969105	102969505	FOS	MCF10A-Er-Src
chr9	102969461	102969462	rs35993804	chr9	102969144	102969479	STAT3	MCF10A-Er-Src
