chr1	11845221	11845222	rs55867221	chr1	11845210	11845821	CTCF	NB4
chr1	11845523	11845524	rs2151654	chr1	11845210	11845821	CTCF	NB4
chr1	11865062	11865063	rs3834045	chr1	11864657	11866827	POLR2A	NB4
chr1	11865235	11865236	rs17367629	chr1	11864657	11866827	POLR2A	NB4
chr1	11865283	11865284	rs3834044	chr1	11864657	11866827	POLR2A	NB4
chr1	11865541	11865542	rs3753582	chr1	11864657	11866827	POLR2A	NB4
chr1	11865541	11865542	rs3753582	chr1	11865432	11866966	MAX	NB4
chr1	11865803	11865804	rs13306561	chr1	11864657	11866827	POLR2A	NB4
chr1	11865803	11865804	rs13306561	chr1	11865432	11866966	MAX	NB4
chr1	11865803	11865804	rs13306561	chr1	11865655	11866400	MYC	NB4
chr1	11865815	11865816	rs3834043	chr1	11864657	11866827	POLR2A	NB4
chr1	11865815	11865816	rs3834043	chr1	11865432	11866966	MAX	NB4
chr1	11865815	11865816	rs3834043	chr1	11865655	11866400	MYC	NB4
chr1	217221935	217221936	rs11577589	chr1	217221607	217222113	CTCF	NB4
chr1	228271152	228271153	rs3754357	chr1	228269188	228272435	POLR2A	NB4
chr1	228353650	228353651	rs55873785	chr1	228352077	228354842	POLR2A	NB4
chr1	228353650	228353651	rs55873785	chr1	228353049	228354010	MYC	NB4
chr1	228353650	228353651	rs55873785	chr1	228353066	228354052	MAX	NB4
chr10	29027222	29027223	rs1248993	chr10	29027081	29027543	CTCF	NB4
chr10	134248331	134248332	rs10651466	chr10	134247812	134248356	POLR2A	NB4
chr12	26944306	26944307	rs5797201	chr12	26944173	26944489	MYC	NB4
chr13	29079836	29079837	rs73437398	chr13	29079720	29080036	MYC	NB4
chr13	29079836	29079837	rs73437398	chr13	29079738	29080014	MAX	NB4
chr13	29186161	29186162	rs9508092	chr13	29186038	29186314	MAX	NB4
chr13	29232063	29232064	rs4769628	chr13	29231753	29233968	POLR2A	NB4
chr13	77891230	77891231	rs9530635	chr13	77891120	77891716	CTCF	NB4
chr2	26256146	26256147	rs6739061	chr2	26255937	26257281	MAX	NB4
chr2	26256146	26256147	rs6739061	chr2	26255938	26257606	POLR2A	NB4
chr2	26256839	26256840	rs4665299	chr2	26255937	26257281	MAX	NB4
chr2	26256839	26256840	rs4665299	chr2	26255938	26257606	POLR2A	NB4
chr2	26256839	26256840	rs4665299	chr2	26256760	26257404	MYC	NB4
chr2	26291492	26291493	rs4233709	chr2	26291403	26291845	MYC	NB4
chr2	26291564	26291565	rs4233710	chr2	26291403	26291845	MYC	NB4
chr2	46688687	46688688	rs1530621	chr2	46688494	46688953	MYC	NB4
chr2	46688687	46688688	rs1530621	chr2	46688495	46688934	CTCF	NB4
chr2	46688687	46688688	rs1530621	chr2	46688550	46688826	MAX	NB4
chr21	36208061	36208062	rs9976946	chr21	36207816	36208221	MAX	NB4
chr21	36208061	36208062	rs9976946	chr21	36207858	36208174	MYC	NB4
chr3	87276698	87276699	rs2279720	chr3	87276087	87277134	POLR2A	NB4
chr4	152020778	152020779	rs75660387	chr4	152020104	152021555	POLR2A	NB4
chr4	152020778	152020779	rs75660387	chr4	152020448	152021157	MAX	NB4
chr4	152020778	152020779	rs75660387	chr4	152020450	152020811	CTCF	NB4
chr4	152020778	152020779	rs75660387	chr4	152020459	152021231	MYC	NB4
chr6	31160596	31160597	rs111279592	chr6	31160300	31160676	CTCF	NB4
chr6	31161209	31161210	rs3095238	chr6	31160942	31161366	CTCF	NB4
chr6	31161346	31161347	rs3095237	chr6	31160942	31161366	CTCF	NB4
chr6	31164699	31164700	rs3130461	chr6	31163986	31166366	POLR2A	NB4
chr6	31164699	31164700	rs3130461	chr6	31164680	31165120	MYC	NB4
chr6	31164699	31164700	rs3130461	chr6	31164680	31165132	MAX	NB4
chr6	31165149	31165150	rs3094610	chr6	31163986	31166366	POLR2A	NB4
chr6	31165276	31165277	rs3130462	chr6	31163986	31166366	POLR2A	NB4
chr6	31165565	31165566	rs3094609	chr6	31163986	31166366	POLR2A	NB4
chr6	31165961	31165962	rs3130463	chr6	31163986	31166366	POLR2A	NB4
chr6	31236852	31236853	rs1065711	chr6	31233581	31240437	POLR2A	NB4
chr6	31236997	31236998	rs2001181	chr6	31233581	31240437	POLR2A	NB4
chr6	31239305	31239306	rs7383157	chr6	31233581	31240437	POLR2A	NB4
chr6	31240352	31240353	rs28498059	chr6	31233581	31240437	POLR2A	NB4
chr8	20237331	20237332	rs76943317	chr8	20237115	20237557	CTCF	NB4
chr8	20237542	20237543	rs76395516	chr8	20237115	20237557	CTCF	NB4
chr8	20238587	20238588	rs4922177	chr8	20238284	20238665	CTCF	NB4
chr8	20292842	20292843	rs79893464	chr8	20292765	20293150	CTCF	NB4
chr8	25946201	25946202	rs13250760	chr8	25946183	25946578	CTCF	NB4
chr9	102790678	102790679	rs10988948	chr9	102790369	102790775	CTCF	NB4
chr9	102790678	102790679	rs10988948	chr9	102790394	102790784	MAX	NB4
