chr1	11845221	11845222	rs55867221	chr1	11845210	11845821	CTCF	NHEK
chr1	11845523	11845524	rs2151654	chr1	11845210	11845821	CTCF	NHEK
chr1	217221935	217221936	rs11577589	chr1	217221607	217222113	CTCF	NHEK
chr13	29105869	29105870	rs149427560	chr13	29105362	29106152	EZH2	NHEK
chr13	29106769	29106770	rs113039174	chr13	29106477	29107560	EZH2	NHEK
chr13	29106773	29106774	rs111472572	chr13	29106477	29107560	EZH2	NHEK
chr13	29106785	29106786	rs111815885	chr13	29106477	29107560	EZH2	NHEK
chr13	29254071	29254072	rs10648333	chr13	29253742	29254149	CTCF	NHEK
chr13	77891230	77891231	rs9530635	chr13	77891120	77891716	CTCF	NHEK
chr14	53794419	53794420	rs77513584	chr14	53794280	53794741	CTCF	NHEK
chr16	53830866	53830867	rs9933040	chr16	53830678	53831038	CTCF	NHEK
chr2	26241160	26241161	rs11126335	chr2	26240826	26241476	POLR2A	NHEK
chr2	26256146	26256147	rs6739061	chr2	26255938	26257606	POLR2A	NHEK
chr2	26256839	26256840	rs4665299	chr2	26255938	26257606	POLR2A	NHEK
chr2	26362514	26362515	rs2289021	chr2	26361897	26362979	POLR2A	NHEK
chr2	46688687	46688688	rs1530621	chr2	46688495	46688934	CTCF	NHEK
chr3	87276698	87276699	rs2279720	chr3	87276087	87277134	POLR2A	NHEK
chr4	152020778	152020779	rs75660387	chr4	152020104	152021555	POLR2A	NHEK
chr4	152020778	152020779	rs75660387	chr4	152020450	152020811	CTCF	NHEK
chr6	31160596	31160597	rs111279592	chr6	31160300	31160676	CTCF	NHEK
chr6	31161209	31161210	rs3095238	chr6	31160942	31161366	CTCF	NHEK
chr6	31161346	31161347	rs3095237	chr6	31160942	31161366	CTCF	NHEK
chr6	31239305	31239306	rs7383157	chr6	31239288	31239787	CTCF	NHEK
chr8	20237331	20237332	rs76943317	chr8	20237115	20237557	CTCF	NHEK
chr8	20237542	20237543	rs76395516	chr8	20237115	20237557	CTCF	NHEK
chr8	20238587	20238588	rs4922177	chr8	20238284	20238665	CTCF	NHEK
chr8	20292842	20292843	rs79893464	chr8	20292765	20293150	CTCF	NHEK
chr8	25946201	25946202	rs13250760	chr8	25946183	25946578	CTCF	NHEK
chr9	102790678	102790679	rs10988948	chr9	102790369	102790775	CTCF	NHEK
chr9	102930256	102930257	rs12377835	chr9	102930181	102930629	CTCF	NHEK
chr9	102959917	102959918	rs6479005	chr9	102959862	102960193	CTCF	NHEK
chr9	102960072	102960073	rs7853497	chr9	102959862	102960193	CTCF	NHEK
