chr1	11845221	11845222	rs55867221	chr1	11845210	11845821	CTCF	Osteobl
chr1	11845523	11845524	rs2151654	chr1	11845210	11845821	CTCF	Osteobl
chr10	29027222	29027223	rs1248993	chr10	29027081	29027543	CTCF	Osteobl
chr12	26901393	26901394	rs61920184	chr12	26901333	26901763	CTCF	Osteobl
chr13	29254071	29254072	rs10648333	chr13	29253742	29254149	CTCF	Osteobl
chr13	77891230	77891231	rs9530635	chr13	77891120	77891716	CTCF	Osteobl
chr14	53794419	53794420	rs77513584	chr14	53794280	53794741	CTCF	Osteobl
chr15	44770881	44770882	rs2453273	chr15	44770510	44770940	CTCF	Osteobl
chr2	46688687	46688688	rs1530621	chr2	46688495	46688934	CTCF	Osteobl
chr4	152020778	152020779	rs75660387	chr4	152020450	152020811	CTCF	Osteobl
chr6	31160596	31160597	rs111279592	chr6	31160300	31160676	CTCF	Osteobl
chr6	31239305	31239306	rs7383157	chr6	31239288	31239787	CTCF	Osteobl
chr8	20193103	20193104	rs17092258	chr8	20192853	20193247	CTCF	Osteobl
chr8	20238587	20238588	rs4922177	chr8	20238284	20238665	CTCF	Osteobl
chr8	20292842	20292843	rs79893464	chr8	20292765	20293150	CTCF	Osteobl
chr8	25946201	25946202	rs13250760	chr8	25946183	25946578	CTCF	Osteobl
chr9	102790678	102790679	rs10988948	chr9	102790369	102790775	CTCF	Osteobl
chr9	102930256	102930257	rs12377835	chr9	102930181	102930629	CTCF	Osteobl
