chr1	11865062	11865063	rs3834045	chr1	11864657	11866827	POLR2A	PANC-1
chr1	11865235	11865236	rs17367629	chr1	11864657	11866827	POLR2A	PANC-1
chr1	11865283	11865284	rs3834044	chr1	11864657	11866827	POLR2A	PANC-1
chr1	11865541	11865542	rs3753582	chr1	11864657	11866827	POLR2A	PANC-1
chr1	11865541	11865542	rs3753582	chr1	11865373	11866701	SIN3AK20	PANC-1
chr1	11865803	11865804	rs13306561	chr1	11864657	11866827	POLR2A	PANC-1
chr1	11865803	11865804	rs13306561	chr1	11865373	11866701	SIN3AK20	PANC-1
chr1	11865815	11865816	rs3834043	chr1	11864657	11866827	POLR2A	PANC-1
chr1	11865815	11865816	rs3834043	chr1	11865373	11866701	SIN3AK20	PANC-1
chr1	228271152	228271153	rs3754357	chr1	228269188	228272435	POLR2A	PANC-1
chr1	228353650	228353651	rs55873785	chr1	228352077	228354842	POLR2A	PANC-1
chr1	228353650	228353651	rs55873785	chr1	228353317	228353983	SIN3AK20	PANC-1
chr13	29232063	29232064	rs4769628	chr13	29231753	29233968	POLR2A	PANC-1
chr16	53802493	53802494	rs11642015	chr16	53802348	53802944	TCF7L2	PANC-1
chr2	26256146	26256147	rs6739061	chr2	26255938	26257606	POLR2A	PANC-1
chr2	26256839	26256840	rs4665299	chr2	26255938	26257606	POLR2A	PANC-1
chr3	87138881	87138882	rs78718649	chr3	87138269	87139211	POLR2A	PANC-1
chr6	31165276	31165277	rs3130462	chr6	31165249	31165930	TCF7L2	PANC-1
chr6	31165565	31165566	rs3094609	chr6	31165249	31165930	TCF7L2	PANC-1
