chr1	11845221	11845222	rs55867221	chr1	11845210	11845821	CTCF	ProgFib
chr1	11845523	11845524	rs2151654	chr1	11845210	11845821	CTCF	ProgFib
chr1	11846658	11846659	rs55780505	chr1	11846045	11849297	POLR2A	ProgFib
chr1	11846741	11846742	rs2184227	chr1	11846045	11849297	POLR2A	ProgFib
chr1	11847771	11847772	rs3820192	chr1	11846045	11849297	POLR2A	ProgFib
chr1	11847860	11847861	rs1537516	chr1	11846045	11849297	POLR2A	ProgFib
chr1	11847901	11847902	rs1537515	chr1	11846045	11849297	POLR2A	ProgFib
chr1	11848067	11848068	rs1537514	chr1	11846045	11849297	POLR2A	ProgFib
chr1	11848971	11848972	rs72640221	chr1	11846045	11849297	POLR2A	ProgFib
chr1	11862532	11862533	rs45589544	chr1	11862503	11864118	POLR2A	ProgFib
chr1	11862763	11862764	rs55645287	chr1	11862503	11864118	POLR2A	ProgFib
chr1	11862777	11862778	rs17367504	chr1	11862503	11864118	POLR2A	ProgFib
chr1	11863056	11863057	rs2066470	chr1	11862503	11864118	POLR2A	ProgFib
chr1	11863903	11863904	rs3753588	chr1	11862503	11864118	POLR2A	ProgFib
chr1	11865062	11865063	rs3834045	chr1	11864657	11866827	POLR2A	ProgFib
chr1	11865235	11865236	rs17367629	chr1	11864657	11866827	POLR2A	ProgFib
chr1	11865283	11865284	rs3834044	chr1	11864657	11866827	POLR2A	ProgFib
chr1	11865541	11865542	rs3753582	chr1	11864657	11866827	POLR2A	ProgFib
chr1	11865803	11865804	rs13306561	chr1	11864657	11866827	POLR2A	ProgFib
chr1	11865815	11865816	rs3834043	chr1	11864657	11866827	POLR2A	ProgFib
chr1	217221935	217221936	rs11577589	chr1	217221607	217222113	CTCF	ProgFib
chr1	228271152	228271153	rs3754357	chr1	228269188	228272435	POLR2A	ProgFib
chr1	228353650	228353651	rs55873785	chr1	228352077	228354842	POLR2A	ProgFib
chr12	111884607	111884608	rs3184504	chr12	111882123	111885108	POLR2A	ProgFib
chr13	29232063	29232064	rs4769628	chr13	29231753	29233968	POLR2A	ProgFib
chr2	26256146	26256147	rs6739061	chr2	26255938	26257606	POLR2A	ProgFib
chr2	26256839	26256840	rs4665299	chr2	26255938	26257606	POLR2A	ProgFib
chr2	46688687	46688688	rs1530621	chr2	46688495	46688934	CTCF	ProgFib
chr3	87138881	87138882	rs78718649	chr3	87138269	87139211	POLR2A	ProgFib
chr3	87276698	87276699	rs2279720	chr3	87276087	87277134	POLR2A	ProgFib
chr4	152020778	152020779	rs75660387	chr4	152020104	152021555	POLR2A	ProgFib
chr4	152020778	152020779	rs75660387	chr4	152020450	152020811	CTCF	ProgFib
chr6	31160596	31160597	rs111279592	chr6	31160300	31160676	CTCF	ProgFib
chr6	31164699	31164700	rs3130461	chr6	31163986	31166366	POLR2A	ProgFib
chr6	31165149	31165150	rs3094610	chr6	31163986	31166366	POLR2A	ProgFib
chr6	31165276	31165277	rs3130462	chr6	31163986	31166366	POLR2A	ProgFib
chr6	31165565	31165566	rs3094609	chr6	31163986	31166366	POLR2A	ProgFib
chr6	31165961	31165962	rs3130463	chr6	31163986	31166366	POLR2A	ProgFib
chr6	31236852	31236853	rs1065711	chr6	31233581	31240437	POLR2A	ProgFib
chr6	31236997	31236998	rs2001181	chr6	31233581	31240437	POLR2A	ProgFib
chr6	31239305	31239306	rs7383157	chr6	31233581	31240437	POLR2A	ProgFib
chr6	31239305	31239306	rs7383157	chr6	31239288	31239787	CTCF	ProgFib
chr6	31240352	31240353	rs28498059	chr6	31233581	31240437	POLR2A	ProgFib
chr8	20237331	20237332	rs76943317	chr8	20237115	20237557	CTCF	ProgFib
chr8	20237542	20237543	rs76395516	chr8	20237115	20237557	CTCF	ProgFib
chr8	20238587	20238588	rs4922177	chr8	20238284	20238665	CTCF	ProgFib
chr8	20292842	20292843	rs79893464	chr8	20292765	20293150	CTCF	ProgFib
chr8	25946201	25946202	rs13250760	chr8	25946183	25946578	CTCF	ProgFib
chr9	102790678	102790679	rs10988948	chr9	102790369	102790775	CTCF	ProgFib
chr9	102930256	102930257	rs12377835	chr9	102930181	102930629	CTCF	ProgFib
