chr1	11862532	11862533	rs45589544	chr1	11862503	11864118	POLR2A	SK-N-SH
chr1	11862763	11862764	rs55645287	chr1	11862503	11864118	POLR2A	SK-N-SH
chr1	11862777	11862778	rs17367504	chr1	11862503	11864118	POLR2A	SK-N-SH
chr1	11863056	11863057	rs2066470	chr1	11862503	11864118	POLR2A	SK-N-SH
chr1	11863903	11863904	rs3753588	chr1	11862503	11864118	POLR2A	SK-N-SH
chr1	11863903	11863904	rs3753588	chr1	11863764	11864034	REST	SK-N-SH
chr1	11865062	11865063	rs3834045	chr1	11864657	11866827	POLR2A	SK-N-SH
chr1	11865235	11865236	rs17367629	chr1	11864657	11866827	POLR2A	SK-N-SH
chr1	11865283	11865284	rs3834044	chr1	11864657	11866827	POLR2A	SK-N-SH
chr1	11865541	11865542	rs3753582	chr1	11864657	11866827	POLR2A	SK-N-SH
chr1	11865541	11865542	rs3753582	chr1	11865500	11866429	TAF1	SK-N-SH
chr1	11865803	11865804	rs13306561	chr1	11864657	11866827	POLR2A	SK-N-SH
chr1	11865803	11865804	rs13306561	chr1	11865500	11866429	TAF1	SK-N-SH
chr1	11865815	11865816	rs3834043	chr1	11864657	11866827	POLR2A	SK-N-SH
chr1	11865815	11865816	rs3834043	chr1	11865500	11866429	TAF1	SK-N-SH
chr1	228271152	228271153	rs3754357	chr1	228269188	228272435	POLR2A	SK-N-SH
chr1	228353650	228353651	rs55873785	chr1	228352077	228354842	POLR2A	SK-N-SH
chr1	228353650	228353651	rs55873785	chr1	228353124	228353652	REST	SK-N-SH
chr1	228353650	228353651	rs55873785	chr1	228353262	228353896	TAF1	SK-N-SH
chr12	26952005	26952006	rs74796778	chr12	26951583	26952027	POLR2A	SK-N-SH
chr12	112007755	112007756	rs653178	chr12	112007741	112008228	POLR2A	SK-N-SH
chr13	29232063	29232064	rs4769628	chr13	29231753	29233968	POLR2A	SK-N-SH
chr2	26241160	26241161	rs11126335	chr2	26241032	26241388	SIN3AK20	SK-N-SH
chr2	26256146	26256147	rs6739061	chr2	26255938	26257606	POLR2A	SK-N-SH
chr2	26256146	26256147	rs6739061	chr2	26255993	26256723	SIN3AK20	SK-N-SH
chr2	26256146	26256147	rs6739061	chr2	26256022	26256663	REST	SK-N-SH
chr2	26256146	26256147	rs6739061	chr2	26256031	26257373	TAF1	SK-N-SH
chr2	26256839	26256840	rs4665299	chr2	26255938	26257606	POLR2A	SK-N-SH
chr2	26256839	26256840	rs4665299	chr2	26256031	26257373	TAF1	SK-N-SH
chr2	26256839	26256840	rs4665299	chr2	26256812	26257429	REST	SK-N-SH
chr2	26291145	26291146	rs2384322	chr2	26290868	26292150	POLR2A	SK-N-SH
chr2	26291344	26291345	rs4233708	chr2	26290868	26292150	POLR2A	SK-N-SH
chr2	26291492	26291493	rs4233709	chr2	26290868	26292150	POLR2A	SK-N-SH
chr2	26291564	26291565	rs4233710	chr2	26290868	26292150	POLR2A	SK-N-SH
chr2	26362514	26362515	rs2289021	chr2	26361897	26362979	POLR2A	SK-N-SH
chr2	46688687	46688688	rs1530621	chr2	46688528	46688798	REST	SK-N-SH
chr3	87276698	87276699	rs2279720	chr3	87276087	87277134	POLR2A	SK-N-SH
chr4	152020778	152020779	rs75660387	chr4	152020104	152021555	POLR2A	SK-N-SH
chr4	152020778	152020779	rs75660387	chr4	152020433	152021233	TAF1	SK-N-SH
chr4	152020778	152020779	rs75660387	chr4	152020496	152021136	REST	SK-N-SH
chr4	152020778	152020779	rs75660387	chr4	152020519	152020975	SIN3AK20	SK-N-SH
chr5	32790615	32790616	rs1345597	chr5	32790615	32791059	POLR2A	SK-N-SH
chr6	31165149	31165150	rs3094610	chr6	31165060	31165789	SIN3AK20	SK-N-SH
chr6	31165276	31165277	rs3130462	chr6	31165060	31165789	SIN3AK20	SK-N-SH
chr6	31165565	31165566	rs3094609	chr6	31165060	31165789	SIN3AK20	SK-N-SH
chr6	31236852	31236853	rs1065711	chr6	31233581	31240437	POLR2A	SK-N-SH
chr6	31236997	31236998	rs2001181	chr6	31233581	31240437	POLR2A	SK-N-SH
chr6	31239305	31239306	rs7383157	chr6	31233581	31240437	POLR2A	SK-N-SH
chr6	31240352	31240353	rs28498059	chr6	31233581	31240437	POLR2A	SK-N-SH
