chr1	11865803	11865804	rs13306561	chr1	11865717	11866377	KAP1	U2OS
chr1	11865815	11865816	rs3834043	chr1	11865717	11866377	KAP1	U2OS
chr1	228282694	228282695	rs3768331	chr1	228282175	228282885	SETDB1	U2OS
chr16	53807004	53807005	rs10718688	chr16	53806958	53807843	KAP1	U2OS
chr2	26320314	26320315	rs10048648	chr2	26319483	26320497	SETDB1	U2OS
chr2	46708541	46708542	rs34854267	chr2	46708487	46709351	KAP1	U2OS
chr2	46708944	46708945	rs36006825	chr2	46708487	46709351	KAP1	U2OS
chr2	46742040	46742041	rs2084679	chr2	46741746	46742456	SETDB1	U2OS
chr4	152020778	152020779	rs75660387	chr4	152020226	152021046	KAP1	U2OS
chr6	31213878	31213879	rs3095246	chr6	31213674	31214385	KAP1	U2OS
chr6	31231441	31231442	rs9264456	chr6	31231136	31231846	SETDB1	U2OS
chr9	102952765	102952766	rs7018703	chr9	102952487	102953163	KAP1	U2OS
chr9	102952765	102952766	rs7018703	chr9	102952665	102953118	SETDB1	U2OS
