chr1	11865062	11865063	rs3834045	chr1	11864657	11866827	POLR2A	U87
chr1	11865235	11865236	rs17367629	chr1	11864657	11866827	POLR2A	U87
chr1	11865283	11865284	rs3834044	chr1	11864657	11866827	POLR2A	U87
chr1	11865541	11865542	rs3753582	chr1	11864657	11866827	POLR2A	U87
chr1	11865803	11865804	rs13306561	chr1	11864657	11866827	POLR2A	U87
chr1	11865815	11865816	rs3834043	chr1	11864657	11866827	POLR2A	U87
chr1	228271152	228271153	rs3754357	chr1	228269188	228272435	POLR2A	U87
chr1	228353650	228353651	rs55873785	chr1	228352077	228354842	POLR2A	U87
chr1	228353650	228353651	rs55873785	chr1	228353124	228353652	REST	U87
chr12	111884607	111884608	rs3184504	chr12	111882123	111885108	POLR2A	U87
chr13	29232063	29232064	rs4769628	chr13	29231753	29233968	POLR2A	U87
chr16	53802493	53802494	rs11642015	chr16	53802390	53803087	POLR2A	U87
chr2	26241160	26241161	rs11126335	chr2	26240953	26241277	REST	U87
chr2	26256146	26256147	rs6739061	chr2	26255938	26257606	POLR2A	U87
chr2	26256839	26256840	rs4665299	chr2	26255938	26257606	POLR2A	U87
chr2	26256839	26256840	rs4665299	chr2	26256812	26257429	REST	U87
chr3	87138881	87138882	rs78718649	chr3	87138269	87139211	POLR2A	U87
chr3	87276698	87276699	rs2279720	chr3	87276087	87277134	POLR2A	U87
chr4	152020778	152020779	rs75660387	chr4	152020104	152021555	POLR2A	U87
chr4	152020778	152020779	rs75660387	chr4	152020496	152021136	REST	U87
chr4	182609864	182609865	rs12641856	chr4	182609552	182610368	POLR2A	U87
chr6	31236852	31236853	rs1065711	chr6	31233581	31240437	POLR2A	U87
chr6	31236997	31236998	rs2001181	chr6	31233581	31240437	POLR2A	U87
chr6	31239305	31239306	rs7383157	chr6	31233581	31240437	POLR2A	U87
chr6	31240352	31240353	rs28498059	chr6	31233581	31240437	POLR2A	U87
