Status	E003	E004	E005	E006	E007	E008	E011	E012	E013	E014	E015	E016	E017	E019	E020	E021	E022	E026	E029	E032	E034	E037	E038	E039	E040	E041	E042	E043	E044	E045	E046	E047	E048	E049	E050	E055	E056	E058	E059	E061	E062	E063	E065	E066	E067	E068	E069	E071	E072	E073	E074	E075	E076	E078	E079	E080	E084	E085	E087	E089	E090	E091	E092	E093	E094	E095	E096	E097	E098	E099	E100	E101	E102	E103	E104	E105	E106	E108	E109	E111	E112	E113	E114	E115	E116	E117	E118	E119	E120	E121	E122	E123	E124	E125	E126	E127	E128	E129
10_EnhA2	1	1	1	1	0	2	2	2	0	0	1	0	0	0	0	2	2	0	0	0	2	0	0	1	0	3	0	0	0	0	3	0	0	0	0	0	1	0	0	0	0	0	1	3	0	2	1	0	3	1	2	1	0	2	3	2	2	1	4	4	2	0	2	0	3	1	6	0	2	1	4	2	0	0	2	1	6	1	8	1	1	8	2	1	0	0	0	1	0	0	0	0	0	1	1	0	0	0
11_EnhWk	3	2	7	6	4	4	5	2	4	3	4	6	4	2	2	1	0	3	4	5	4	5	4	4	2	3	4	6	1	1	3	6	4	4	6	7	3	5	8	7	2	1	2	8	3	2	3	5	2	1	3	2	8	3	4	5	1	2	4	2	4	4	1	3	3	3	3	3	8	5	1	2	8	3	2	3	2	3	1	1	2	2	3	2	7	4	2	5	3	5	8	5	1	2	7	6	6	5
12_ZNF/Rpts	0	0	0	0	0	0	0	0	0	0	0	0	0	0	0	0	0	0	0	0	0	0	0	0	0	0	0	0	0	0	0	0	0	0	0	0	0	0	0	0	0	0	0	0	0	0	0	0	0	0	0	0	0	0	0	0	0	0	0	0	0	0	0	0	0	0	0	0	0	0	0	0	0	0	0	0	0	0	0	0	0	0	0	0	0	0	0	0	0	0	0	0	0	0	0	0	0	0
13_Het	0	0	0	0	0	0	0	0	0	0	0	0	0	0	0	0	0	0	0	0	1	0	0	0	0	0	0	0	0	0	1	0	0	0	0	0	0	0	0	0	0	0	1	0	0	0	0	0	0	0	0	0	0	0	0	0	0	0	1	0	0	0	0	0	0	0	0	0	0	0	1	0	0	0	0	2	0	0	0	0	0	0	0	0	0	0	0	0	0	0	1	1	0	0	0	0	0	1
14_TssBiv	0	0	0	0	0	0	0	0	0	0	0	0	0	0	0	0	0	0	0	0	0	0	0	0	0	0	0	0	0	0	0	0	0	0	0	0	0	0	0	0	0	0	0	0	0	0	0	0	0	0	0	0	0	0	0	1	0	0	0	0	0	0	0	0	0	0	0	0	0	0	0	0	0	0	0	0	0	0	0	0	0	0	0	0	0	0	0	0	0	0	0	0	0	0	0	0	0	0
15_EnhBiv	0	0	0	0	0	0	0	1	0	0	0	0	0	0	0	0	0	0	0	0	1	0	0	0	0	0	0	0	0	0	0	0	0	0	0	0	0	0	0	0	0	0	0	0	0	0	0	0	0	0	0	0	0	0	0	0	0	0	0	1	0	0	0	1	0	0	0	0	0	0	0	0	0	0	0	0	0	0	0	0	0	0	0	0	0	0	0	0	0	0	0	0	0	0	0	0	0	0
16_ReprPC	0	0	0	0	0	0	0	0	0	0	0	0	0	0	0	0	0	0	0	1	0	0	0	0	0	0	0	0	0	0	0	0	0	0	0	0	0	0	0	0	1	0	0	0	0	0	0	0	0	0	0	0	0	0	0	1	0	0	0	0	1	1	1	0	0	0	0	0	0	0	0	0	0	0	0	0	0	0	0	1	0	0	0	0	0	0	1	0	0	0	0	0	0	0	0	0	0	0
17_ReprPCWk	3	2	0	2	4	1	2	4	1	3	2	3	6	3	4	2	1	4	2	1	9	5	0	2	3	5	1	4	2	1	5	2	0	4	2	5	4	5	3	3	3	2	0	4	4	2	3	4	1	3	1	2	0	4	3	5	7	6	3	5	2	3	3	5	1	1	2	3	0	1	4	4	3	3	4	3	5	3	4	4	2	0	4	9	2	9	4	0	5	4	2	3	5	4	4	3	3	6
18_Quies	11	16	11	6	16	14	9	12	10	9	9	10	6	12	12	19	15	6	13	15	8	15	22	19	20	13	21	16	19	21	12	20	23	8	15	6	8	12	9	7	16	10	10	8	12	10	10	8	15	17	10	15	17	8	10	7	5	5	11	8	8	9	7	13	13	6	9	11	7	17	6	12	8	16	2	9	3	10	6	11	18	10	6	8	12	11	8	14	7	10	10	17	10	9	6	8	12	3
1_TssA	2	3	1	1	1	2	1	1	1	4	2	3	3	2	3	0	3	4	2	2	2	2	2	2	0	1	1	1	2	2	2	3	2	4	1	3	2	3	2	2	0	1	5	2	3	5	4	4	3	4	3	3	4	4	4	2	4	4	2	2	2	1	3	2	2	2	2	3	2	0	3	3	4	4	4	3	2	2	2	3	3	2	5	2	2	3	3	3	4	2	2	3	4	2	4	3	4	4
2_TssFlnk	1	1	2	2	2	2	1	2	2	0	2	1	0	3	2	4	1	0	0	0	0	0	2	0	1	0	0	1	0	1	0	0	1	0	0	0	1	0	1	0	1	1	1	0	2	0	1	0	0	0	1	2	1	0	0	1	0	0	2	1	0	0	0	0	1	1	1	1	2	1	1	1	0	1	0	0	1	0	1	1	0	0	1	0	2	1	0	0	0	2	0	0	0	0	0	0	0	0
3_TssFlnkU	1	0	0	0	0	0	0	0	0	0	0	1	1	0	0	0	0	1	2	1	1	1	0	1	2	3	3	0	2	0	1	0	0	0	4	1	1	1	0	1	2	3	0	1	0	0	1	1	2	1	1	1	0	1	0	1	0	0	0	1	3	2	1	2	0	0	0	1	0	0	0	0	0	0	0	0	0	5	0	1	0	0	0	1	1	1	4	2	0	0	2	0	2	3	0	2	0	1
4_TssFlnkD	0	0	1	1	0	0	3	1	0	2	1	0	1	0	0	0	2	2	1	1	1	0	1	1	1	0	0	2	1	2	1	0	1	2	1	4	1	2	1	1	1	1	0	0	0	1	0	0	0	0	1	0	0	1	1	0	1	1	0	1	0	1	1	0	0	0	0	0	0	1	0	2	2	0	0	2	1	1	0	1	1	0	0	0	1	0	3	1	0	0	1	0	2	1	1	0	0	1
5_Tx	0	0	1	0	0	0	0	0	4	1	1	1	0	1	1	0	0	0	0	0	0	0	0	0	0	0	0	0	1	0	0	0	0	0	0	0	0	0	0	0	1	0	0	0	0	0	0	0	0	0	0	0	0	0	1	1	1	1	1	0	1	0	1	0	1	1	0	1	1	0	1	0	0	0	0	1	0	1	0	0	1	2	1	0	0	0	0	0	0	1	0	0	0	0	0	0	0	0
6_TxWk	9	6	6	9	5	7	5	6	3	10	10	6	5	8	7	4	8	5	7	6	2	2	1	1	1	2	0	2	4	4	3	1	0	3	2	6	9	2	6	9	5	7	9	3	7	9	8	9	6	4	9	5	1	9	3	3	7	7	3	6	5	8	8	4	8	12	5	6	10	6	8	6	6	4	14	7	10	3	7	8	4	7	2	8	5	3	6	6	5	4	5	0	6	4	4	6	1	4
7_EnhG1	0	0	2	1	0	0	2	0	1	0	0	0	1	0	0	0	0	2	0	0	0	0	0	0	0	0	1	0	0	0	0	0	0	1	0	0	0	1	0	0	0	1	3	0	0	0	0	0	0	0	0	0	0	0	1	0	0	0	0	1	0	1	0	0	0	0	1	2	0	0	0	0	0	0	0	0	0	0	1	0	0	0	1	0	0	0	0	0	2	0	0	2	1	0	2	1	0	0
8_EnhG2	0	0	0	0	0	0	2	0	0	0	0	0	0	0	0	0	0	4	0	0	0	0	0	0	0	0	0	0	0	0	0	0	0	0	0	0	0	1	0	0	0	0	0	0	0	0	0	0	0	0	0	0	0	0	0	0	0	0	0	0	2	0	0	0	0	1	0	0	0	0	1	0	0	0	0	0	0	0	0	0	0	0	7	0	0	0	0	0	4	2	0	1	0	0	0	0	0	6
9_EnhA1	1	1	0	3	0	0	0	1	6	0	0	1	5	1	1	0	0	1	1	0	1	2	0	1	2	2	1	0	0	0	1	0	1	6	1	0	2	0	2	2	0	5	0	3	1	1	1	1	0	1	1	1	1	0	2	3	4	5	2	0	2	2	4	2	0	4	3	1	1	0	2	0	1	1	4	1	2	3	2	0	0	1	0	1	0	0	1	0	2	2	1	0	1	6	3	3	6	1
