candidate_1197	Road_enh_prom_1284	Encode_tfbs_367	RegulomeDB_2b_53	GTEx_eQTLs_1145
rs10000013	1	1	0	0	0
rs10043129	1	1	0	0	0
rs10048648	1	1	1	0	1
rs10048683	1	1	0	0	1
rs10059884	1	1	0	0	1
rs10075038	1	0	0	0	0
rs1008003	1	1	0	0	1
rs1011281	1	0	0	0	1
rs10161889	1	1	0	0	0
rs1016646	1	1	1	0	0
rs10170359	1	1	0	0	1
rs10175625	1	0	0	0	0
rs10182857	1	1	0	0	1
rs10192364	1	1	1	0	0
rs10193735	1	0	0	0	0
rs10195915	1	0	0	0	0
rs10197346	1	0	0	0	1
rs10202478	1	1	0	0	1
rs1025193	1	0	0	0	0
rs1030730	1	1	0	0	1
rs10400634	1	0	0	0	1
rs10437061	1	1	0	0	1
rs1044499	1	0	0	0	0
rs10449246	1	0	0	0	0
rs10452218	1	0	0	0	1
rs10462251	1	0	0	0	0
rs10462252	1	1	0	0	0
rs10468280	1	1	0	0	0
rs10472513	1	0	0	0	0
rs10472514	1	0	0	0	0
rs10473697	1	0	0	0	0
rs10486406	1	0	0	0	0
rs10493437	1	1	0	0	0
rs10493438	1	1	1	1	0
rs10493440	1	1	0	0	0
rs10503679	1	0	0	0	0
rs10506011	1	1	0	0	1
rs10512269	1	1	0	0	1
rs10516425	1	0	0	0	0
rs10534038	1	1	1	0	1
rs10570089	1	0	0	0	0
rs10587183	1	1	0	0	0
rs10589394	1	0	0	0	0
rs10648333	1	1	1	0	0
rs10651466	1	1	1	0	0
rs10656186	1	0	0	0	1
rs1065711	1	1	1	0	1
rs10688714	1	0	0	0	0
rs10689765	1	0	0	0	0
rs10710779	1	1	1	0	0
rs10713268	1	1	0	0	1
rs10718688	1	1	1	0	0
rs10736422	1	1	0	0	1
rs10743565	1	1	0	0	0
rs10760707	1	1	0	0	1
rs10760708	1	1	0	0	1
rs10760719	1	0	0	0	1
rs10760721	1	1	1	0	0
rs10760722	1	1	0	0	1
rs10774624	1	1	0	0	1
rs10774625	1	1	0	0	1
rs10799466	1	1	0	0	1
rs10805764	1	0	0	0	0
rs10819721	1	0	0	0	1
rs10819725	1	1	0	0	1
rs10819726	1	1	0	0	1
rs10819727	1	1	0	0	1
rs10819729	1	1	1	0	1
rs10819730	1	0	0	0	1
rs10819731	1	0	0	0	1
rs10819732	1	0	0	0	1
rs10819733	1	0	0	0	1
rs10819736	1	0	0	0	1
rs10819738	1	0	0	0	1
rs10819740	1	1	0	0	1
rs10819741	1	1	0	0	1
rs10819742	1	0	0	0	1
rs10819743	1	0	0	0	1
rs10819745	1	0	0	0	1
rs10819746	1	0	0	0	1
rs10819747	1	1	0	0	1
rs10819748	1	0	0	0	1
rs10819749	1	0	0	0	0
rs10819750	1	0	0	0	1
rs10857147	1	1	0	0	0
rs10883969	1	1	0	0	1
rs10890170	1	0	0	0	1
rs10890176	1	0	0	0	1
rs10890177	1	1	0	0	1
rs10915708	1	1	0	0	0
rs10951078	1	0	0	0	0
rs10988932	1	1	0	0	1
rs10988936	1	0	0	0	0
rs10988944	1	0	0	0	1
rs10988948	1	1	1	0	0
rs10988952	1	0	0	0	1
rs10988954	1	0	0	0	1
rs10988955	1	0	1	0	1
rs10988956	1	1	0	0	1
rs10988957	1	0	0	0	0
rs10988960	1	1	0	0	1
rs10988964	1	1	0	0	0
rs10988966	1	1	0	0	0
rs10988967	1	1	1	0	1
rs10988972	1	1	1	0	1
rs10988977	1	1	0	0	0
rs10988978	1	1	0	0	0
rs10988979	1	1	0	0	1
rs10988980	1	0	0	0	1
rs10988981	1	1	0	0	1
rs10988982	1	1	0	0	1
rs10988983	1	0	0	0	1
rs10988984	1	0	0	0	1
rs10988988	1	1	0	0	1
rs10988989	1	1	0	0	1
rs10988992	1	0	0	0	1
rs10988993	1	0	0	0	1
rs10988994	1	0	0	0	1
rs10988996	1	0	0	0	1
rs10989000	1	0	0	0	1
rs10989003	1	0	0	0	1
rs10989004	1	0	0	0	1
rs10989006	1	0	0	0	1
rs10989007	1	0	0	0	1
rs10989008	1	0	0	0	1
rs10989010	1	1	0	0	1
rs10989012	1	0	0	0	1
rs10989013	1	1	0	0	1
rs10989015	1	1	0	0	1
rs10989017	1	1	0	0	1
rs10989018	1	1	1	0	1
rs10989019	1	1	1	0	1
rs10989020	1	1	0	0	1
rs10989024	1	0	0	0	1
rs10989025	1	0	0	0	1
rs10989026	1	0	0	0	1
rs10989027	1	0	0	0	1
rs10989030	1	0	0	0	1
rs10989033	1	0	0	0	0
rs10989034	1	0	0	0	0
rs11065979	1	0	0	0	1
rs11065987	1	1	0	0	1
rs11065991	1	1	1	0	1
rs11075985	1	1	0	0	1
rs11075988	1	1	0	0	0
rs11075989	1	1	0	0	0
rs11075990	1	1	0	0	0
rs11075991	1	1	0	0	0
rs11075992	1	1	0	0	0
rs11075993	1	1	0	0	0
rs11097583	1	0	0	0	0
rs11097586	1	0	0	0	0
rs11099097	1	0	0	0	0
rs11099098	1	0	0	0	0
rs11125082	1	1	0	0	1
rs11126335	1	1	1	0	1
rs11126336	1	1	0	0	1
rs11126339	1	1	0	0	1
rs11126340	1	1	0	0	1
rs11126364	1	1	0	0	1
rs11126375	1	1	0	0	1
rs111279592	1	1	1	0	0
rs111294643	1	0	0	0	0
rs111309007	1	0	0	0	0
rs111408454	1	1	0	0	1
rs111448534	1	1	0	0	1
rs111472572	1	1	1	0	0
rs11147336	1	1	1	0	0
rs111587904	1	1	0	0	1
rs111815885	1	1	1	0	0
rs111945690	1	1	0	0	1
rs112058697	1	1	0	0	1
rs1120711	1	0	0	0	0
rs11209235	1	0	0	0	0
rs11209236	1	0	0	0	0
rs11210563	1	1	0	0	1
rs11210570	1	1	0	0	0
rs11210573	1	0	0	0	0
rs112110144	1	0	0	0	1
rs112131579	1	1	0	0	1
rs1121980	1	1	1	0	1
rs112247184	1	0	0	0	0
rs112503281	1	0	0	0	1
rs112505949	1	0	0	0	0
rs112632364	1	1	0	0	1
rs112652609	1	1	0	0	1
rs112656440	1	1	0	0	0
rs11267660	1	1	1	0	1
rs112809986	1	0	0	0	1
rs11286148	1	1	1	0	0
rs112862994	1	1	0	0	1
rs113039174	1	1	1	0	0
rs113046103	1	0	0	0	0
rs11309021	1	0	0	0	0
rs11315031	1	1	0	0	0
rs11316130	1	1	1	0	0
rs113289271	1	1	1	0	1
rs113314924	1	1	0	0	0
rs11348745	1	0	0	0	0
rs11353606	1	0	0	0	1
rs11355375	1	0	0	0	0
rs11358915	1	0	0	0	1
rs11383131	1	1	0	0	0
rs11384453	1	1	0	0	0
rs11384901	1	0	0	0	0
rs113935429	1	1	0	0	0
rs113980419	1	0	0	0	1
rs11403967	1	0	0	0	1
rs114083374	1	1	0	0	1
rs114250359	1	1	0	0	1
rs114270016	1	0	0	0	1
rs11429310	1	0	0	0	0
rs114519756	1	0	0	0	0
rs114540413	1	1	0	0	1
rs114672770	1	0	0	0	0
rs114703480	1	1	1	0	0
rs11483711	1	0	0	0	0
rs11496529	1	0	0	0	1
rs11496605	1	0	0	0	1
rs11496606	1	0	0	0	1
rs11513729	1	1	0	0	1
rs11515448	1	0	0	0	1
rs11515540	1	1	0	0	1
rs1155393	1	0	0	0	0
rs115712867	1	0	0	0	1
rs115716217	1	0	0	0	0
rs11572427	1	1	0	0	0
rs11572435	1	1	1	0	0
rs11572443	1	1	0	0	0
rs11572453	1	0	0	0	0
rs11572454	1	1	0	0	0
rs11576344	1	1	0	0	0
rs11577589	1	0	1	0	0
rs11585218	1	1	0	0	0
rs11585774	1	1	0	0	0
rs1158715	1	1	0	0	1
rs11587690	1	0	0	0	0
rs115877625	1	0	0	0	0
rs11600901	1	0	0	0	0
rs116025100	1	0	0	0	0
rs116044014	1	0	0	0	0
rs11608057	1	0	0	0	0
rs11608072	1	0	0	0	0
rs11608432	1	1	0	0	1
rs11608752	1	1	0	0	1
rs11609470	1	1	0	0	1
rs11614041	1	1	0	0	0
rs11614123	1	1	0	0	1
rs11614617	1	1	0	0	1
rs11614652	1	1	0	0	1
rs11615177	1	1	1	0	1
rs11616879	1	0	0	0	0
rs11617538	1	0	0	0	0
rs11617740	1	1	0	0	0
rs11617946	1	1	0	0	0
rs11619087	1	1	1	0	0
rs11619261	1	1	0	0	0
rs11619581	1	1	0	0	0
rs11619589	1	1	0	0	0
rs11619793	1	0	0	0	0
rs116306020	1	0	0	0	0
rs11642015	1	1	1	0	0
rs116422234	1	1	0	0	1
rs11649091	1	1	0	0	1
rs116492577	1	0	0	0	0
rs116525622	1	0	0	0	1
rs11667829	1	0	0	0	0
rs11677219	1	1	1	0	0
rs11678157	1	1	1	0	1
rs11680281	1	0	0	0	1
rs116802846	1	1	1	0	0
rs11680666	1	0	0	0	0
rs11687911	1	1	0	0	1
rs116928287	1	0	0	0	0
rs11695165	1	1	0	0	1
rs11699020	1	0	0	0	0
rs11699124	1	0	0	0	0
rs117018584	1	1	0	0	0
rs11707002	1	1	1	1	1
rs117174011	1	0	0	0	0
rs11719139	1	1	0	0	1
rs117250195	1	0	0	0	0
rs117304741	1	0	0	0	0
rs1173727	1	1	0	0	1
rs1173743	1	1	0	0	1
rs1173747	1	1	0	0	1
rs1173756	1	1	0	0	1
rs1173760	1	0	0	0	1
rs1173763	1	0	0	0	1
rs1173766	1	1	0	0	1
rs1173768	1	1	0	0	1
rs1173770	1	0	0	0	1
rs1173771	1	1	1	0	1
rs11744678	1	0	0	0	0
rs11744781	1	0	0	0	0
rs11745444	1	0	0	0	0
rs11748166	1	0	0	0	0
rs117484894	1	1	0	0	1
rs117657404	1	0	0	0	0
rs1177764	1	1	0	0	1
rs1178627	1	0	0	0	1
rs11789335	1	0	0	0	1
rs11789482	1	1	0	0	1
rs11790004	1	0	0	0	1
rs11790431	1	0	0	0	0
rs11793448	1	0	0	0	1
rs117937470	1	0	0	0	0
rs118000352	1	0	0	0	0
rs118179204	1	0	0	0	0
rs11842917	1	0	0	0	0
rs11899035	1	0	0	0	1
rs11998890	1	0	0	0	1
rs11999915	1	1	0	0	1
rs12000239	1	0	0	0	1
rs12000731	1	0	0	0	1
rs12003061	1	1	0	0	1
rs12003124	1	1	0	0	1
rs12003468	1	1	0	0	0
rs12005668	1	0	0	0	1
rs12005926	1	0	0	0	1
rs12027526	1	1	0	0	0
rs12028757	1	1	0	0	0
rs12041198	1	0	0	0	1
rs12041665	1	0	0	0	0
rs12042133	1	1	0	1	1
rs12047406	1	1	1	0	0
rs12050029	1	1	1	0	0
rs12056831	1	0	0	0	0
rs12059671	1	0	0	0	0
rs12109932	1	0	0	0	0
rs12110021	1	0	0	0	0
rs12149574	1	1	0	0	0
rs12149832	1	1	0	0	0
rs12163653	1	1	0	0	0
rs12187170	1	0	0	0	1
rs12262273	1	1	0	0	0
rs12263214	1	1	0	0	0
rs12377746	1	0	0	0	0
rs12377835	1	1	1	0	1
rs12379327	1	0	0	0	1
rs12379553	1	0	0	0	1
rs12380809	1	0	0	0	1
rs12431203	1	0	0	0	0
rs12469163	1	1	0	0	1
rs12470532	1	1	0	0	1
rs12471809	1	1	0	0	1
rs12473626	1	1	1	0	1
rs12474287	1	1	0	0	1
rs12475854	1	1	1	1	1
rs12476190	1	1	0	0	1
rs1248993	1	0	1	0	0
rs1248995	1	0	0	0	0
rs1248997	1	0	0	0	0
rs1249001	1	0	0	0	0
rs1249003	1	0	0	0	0
rs12509595	1	1	0	0	1
rs12561919	1	1	0	0	1
rs12563946	1	1	0	0	0
rs12564002	1	1	0	0	1
rs12564593	1	0	0	0	1
rs12565990	1	1	0	0	1
rs12566905	1	1	0	0	1
rs12567119	1	1	0	0	1
rs12567136	1	1	0	1	1
rs12614054	1	1	0	0	0
rs12622286	1	1	0	0	0
rs12641856	1	1	1	0	0
rs12653109	1	0	0	0	1
rs12653166	1	0	0	0	0
rs1265564	1	1	0	0	0
rs1265565	1	1	0	0	0
rs12656497	1	1	1	0	1
rs12670768	1	0	0	0	0
rs12697647	1	0	0	0	0
rs12697648	1	0	0	0	0
rs12697649	1	0	0	0	0
rs12697650	1	0	0	0	0
rs12697651	1	0	1	0	0
rs12697652	1	0	1	0	0
rs12711941	1	0	0	0	0
rs12713758	1	0	0	0	1
rs12715649	1	1	0	0	1
rs12715650	1	1	0	0	1
rs12715651	1	1	1	0	1
rs12723476	1	1	0	0	0
rs12724974	1	1	0	0	0
rs12728033	1	0	0	0	0
rs12731437	1	0	0	0	0
rs12738035	1	1	0	0	0
rs12741457	1	0	0	0	0
rs12741622	1	0	0	0	0
rs12742532	1	0	0	0	1
rs12743080	1	1	0	0	0
rs12747869	1	0	0	0	0
rs12748650	1	0	0	0	0
rs12750129	1	1	0	0	0
rs12756498	1	1	0	0	0
rs12759546	1	0	0	0	0
rs12759584	1	0	0	0	0
rs12759670	1	0	0	0	0
rs12774734	1	1	1	0	0
rs12775406	1	1	0	0	0
rs12869227	1	0	0	0	1
rs12986653	1	1	1	0	1
rs12986899	1	1	0	0	1
rs12990567	1	0	0	0	0
rs13001507	1	1	1	1	1
rs13002880	1	1	0	0	1
rs13003074	1	1	0	0	1
rs13005507	1	1	0	0	1
rs13007198	1	1	0	0	1
rs13007688	1	1	0	0	1
rs13008418	1	0	0	0	1
rs13008445	1	0	0	0	1
rs13008941	1	0	0	0	1
rs13010097	1	0	0	0	1
rs13014744	1	0	0	0	1
rs13018039	1	0	0	0	1
rs13020043	1	1	0	0	1
rs13020237	1	1	0	0	1
rs13023346	1	1	0	0	1
rs13024277	1	1	0	0	1
rs13024414	1	1	0	0	1
rs13024546	1	1	0	0	1
rs13025211	1	0	0	0	1
rs13025837	1	0	0	0	1
rs13030579	1	1	1	0	1
rs13030858	1	1	0	0	1
rs1305080	1	0	0	0	0
rs1305081	1	1	1	0	0
rs13075586	1	1	0	0	1
rs13122498	1	0	0	0	0
rs13125101	1	1	1	0	1
rs13147475	1	0	0	0	0
rs13149993	1	1	0	0	0
rs13161007	1	0	0	0	1
rs13181110	1	0	0	0	1
rs1323038	1	1	0	0	0
rs13250760	1	1	1	0	0
rs1325504	1	1	0	0	1
rs13261264	1	0	0	0	0
rs13267655	1	1	0	0	0
rs1327711	1	1	0	0	1
rs13280366	1	1	1	0	0
rs13306553	1	1	1	0	1
rs13306556	1	1	1	0	1
rs13306561	1	1	1	0	1
rs13323913	1	1	1	0	1
rs13323921	1	1	1	0	1
rs13362538	1	0	0	0	1
rs1338120	1	0	0	0	1
rs13393114	1	0	0	0	0
rs13397631	1	0	0	0	0
rs13406614	1	0	0	0	1
rs13414755	1	1	0	0	0
rs13415031	1	1	0	0	0
rs13418371	1	1	1	0	1
rs1345597	1	1	1	0	1
rs1346184	1	0	0	0	0
rs1346186	1	0	0	0	0
rs1347422	1	0	0	0	0
rs1354264	1	0	0	0	0
rs1371553	1	1	1	0	1
rs1380744	1	0	0	0	0
rs1380745	1	0	0	0	0
rs138147185	1	0	0	0	0
rs138252948	1	1	0	0	1
rs138382362	1	1	0	0	0
rs138460149	1	0	0	0	1
rs138473600	1	1	0	0	1
rs138763243	1	0	0	0	1
rs139104703	1	0	0	0	0
rs139168460	1	0	0	0	1
rs139263101	1	0	0	0	1
rs139348312	1	1	0	0	1
rs139433634	1	0	0	0	0
rs139437272	1	0	0	0	0
rs1395024	1	0	0	0	0
rs139569786	1	1	0	0	1
rs139756876	1	1	0	0	1
rs139810107	1	0	0	0	0
rs140116067	1	0	0	0	0
rs140250078	1	1	0	0	0
rs140442537	1	0	0	0	0
rs140479110	1	0	0	0	1
rs140586031	1	1	0	0	1
rs140625660	1	0	0	0	0
rs1408948	1	1	0	0	1
rs141014640	1	1	0	0	0
rs141240724	1	1	0	0	1
rs141326273	1	1	0	0	0
rs141488232	1	1	0	0	1
rs141567582	1	0	0	0	1
rs1415927	1	1	0	0	1
rs1416537	1	0	0	0	0
rs1416538	1	0	0	0	0
rs141749915	1	0	0	0	1
rs1418875	1	0	0	0	0
rs1421085	1	1	1	0	0
rs1421086	1	1	0	0	1
rs142118517	1	0	0	0	0
rs142218582	1	1	1	0	1
rs142489028	1	1	0	0	1
rs1426401	1	0	0	0	0
rs1426402	1	0	0	0	0
rs1426409	1	0	0	0	0
rs142704287	1	0	0	0	0
rs142755293	1	0	0	0	0
rs142774631	1	1	0	0	1
rs142803460	1	0	0	0	0
rs142880174	1	1	0	0	0
rs14297	1	1	0	0	1
rs143241023	1	1	0	0	0
rs143247712	1	0	0	0	0
rs143351723	1	0	0	0	1
rs143370397	1	0	0	0	0
rs1434079	1	1	1	0	1
rs143491741	1	0	0	0	0
rs1435384	1	0	0	0	0
rs143551680	1	0	0	0	0
rs143553702	1	1	1	0	1
rs143579542	1	0	0	0	0
rs143686796	1	1	0	0	1
rs143745027	1	0	0	0	1
rs143847935	1	1	0	0	0
rs143906279	1	0	0	0	0
rs143918050	1	0	0	0	0
rs144020102	1	0	0	0	0
rs144340461	1	1	0	0	1
rs144562208	1	0	0	0	0
rs144727070	1	1	0	0	0
rs144744389	1	1	1	0	1
rs144795462	1	1	1	0	1
rs144875757	1	0	0	0	0
rs144954346	1	0	0	0	0
rs1449569	1	1	0	0	1
rs144981644	1	0	0	0	1
rs145055363	1	0	0	0	0
rs145059949	1	0	0	0	1
rs145405535	1	1	0	0	1
rs145421873	1	1	0	0	0
rs145527063	1	0	0	0	0
rs145532725	1	0	0	0	1
rs145583144	1	0	0	0	0
rs145595533	1	0	0	0	1
rs1456204	1	1	0	0	0
rs145628269	1	1	0	0	1
rs145641960	1	1	0	0	1
rs145664673	1	0	0	0	0
rs145724263	1	1	0	0	1
rs145743608	1	0	0	0	1
rs1458038	1	1	0	0	0
rs1460344	1	0	0	0	0
rs1460345	1	0	0	0	0
rs146329832	1	0	0	0	1
rs146438129	1	1	1	0	0
rs146592317	1	0	0	0	1
rs146737787	1	0	0	0	0
rs146755331	1	0	0	0	0
rs146777460	1	1	0	0	1
rs146924724	1	0	0	0	0
rs146943491	1	0	0	0	0
rs146968478	1	0	0	0	1
rs1470096	1	1	0	0	1
rs1470097	1	1	0	0	1
rs147033539	1	1	0	0	0
rs147068930	1	0	0	0	0
rs147124396	1	1	0	0	1
rs147315999	1	0	0	0	0
rs147388857	1	0	0	0	0
rs147404198	1	0	0	0	1
rs147648261	1	0	0	0	0
rs147795300	1	0	0	0	0
rs147927763	1	0	0	0	0
rs148003836	1	1	0	0	0
rs148054583	1	1	0	0	0
rs148055173	1	0	0	0	0
rs148056262	1	0	0	0	0
rs148063150	1	1	1	0	0
rs148273372	1	1	0	0	1
rs148317339	1	1	0	0	0
rs148377116	1	0	0	0	0
rs148627785	1	0	0	0	0
rs148655115	1	0	0	0	0
rs1488366	1	1	0	0	0
rs148918619	1	0	0	0	0
rs149002827	1	1	0	0	1
rs149019077	1	0	0	0	0
rs149090958	1	1	1	0	0
rs149278028	1	0	0	0	1
rs149291303	1	0	0	0	0
rs1493586	1	1	0	0	1
rs1493587	1	1	0	0	1
rs1493588	1	1	0	1	1
rs1493590	1	1	0	0	1
rs149393118	1	1	1	0	1
rs149427560	1	1	1	0	0
rs149433236	1	1	0	0	0
rs149555792	1	1	0	0	1
rs149578880	1	0	0	0	1
rs149660998	1	0	0	0	0
rs149764880	1	1	0	0	1
rs149867667	1	0	0	0	0
rs149887954	1	0	0	0	0
rs150081366	1	1	0	0	1
rs150165613	1	1	0	0	1
rs150184132	1	0	0	0	0
rs150515479	1	1	1	0	0
rs1505885	1	0	0	0	0
rs1505886	1	0	1	0	0
rs1505887	1	0	0	0	0
rs1505888	1	0	0	0	0
rs150636048	1	0	0	0	0
rs150850937	1	0	0	0	1
rs151020349	1	0	0	0	0
rs151283376	1	0	0	0	1
rs1529195	1	1	1	0	1
rs1530621	1	1	1	1	1
rs1530624	1	1	0	0	1
rs1537514	1	1	1	0	1
rs1537515	1	1	1	0	1
rs1537516	1	1	1	0	1
rs1550381	1	1	1	0	1
rs1550382	1	1	1	0	1
rs1553398	1	1	0	0	0
rs1553399	1	1	0	0	0
rs1556832	1	1	0	0	0
rs1558901	1	1	0	0	1
rs1558902	1	1	0	0	0
rs1558951	1	0	0	0	0
rs1560868	1	1	1	1	1
rs1562687	1	1	0	0	1
rs1572879	1	0	0	0	0
rs1572880	1	0	0	0	0
rs1572881	1	1	1	0	0
rs1574448	1	1	0	0	0
rs1574449	1	1	0	0	0
rs1583938	1	0	0	0	0
rs1597040	1	1	0	0	1
rs1622174	1	0	0	0	0
rs1628456	1	0	0	0	0
rs1642645	1	1	1	0	1
rs1648392	1	1	0	0	0
rs1648394	1	0	0	0	0
rs1648399	1	0	0	0	0
rs1648407	1	0	0	0	0
rs1656210	1	0	0	0	0
rs1656211	1	0	0	0	0
rs16873895	1	1	1	0	0
rs16873899	1	0	0	0	0
rs16873909	1	1	0	0	0
rs169187	1	0	0	0	1
rs16918986	1	0	0	0	0
rs16919002	1	1	0	0	1
rs16919015	1	0	0	0	1
rs16919019	1	0	0	0	1
rs16919024	1	1	0	0	0
rs16931328	1	1	0	0	1
rs16998073	1	1	0	0	1
rs17023900	1	0	0	0	1
rs17023902	1	0	0	0	1
rs17023943	1	1	0	0	1
rs17024019	1	1	0	0	0
rs17024050	1	0	0	0	0
rs17024051	1	0	0	0	0
rs17024052	1	0	0	0	0
rs17026747	1	0	0	0	0
rs17026931	1	0	0	0	0
rs17026997	1	0	0	0	0
rs17027027	1	0	0	0	0
rs17027094	1	0	0	0	0
rs17027380	1	0	0	0	0
rs1703301	1	0	0	0	1
rs17037388	1	1	1	0	1
rs17037390	1	1	1	0	1
rs17037396	1	1	0	0	1
rs17037425	1	1	0	0	1
rs17037427	1	1	0	0	1
rs17037429	1	1	0	0	1
rs17037432	1	1	0	0	1
rs17037434	1	1	0	0	1
rs17037435	1	1	0	0	1
rs17037452	1	1	0	0	1
rs17040322	1	1	0	0	1
rs17041530	1	0	0	0	0
rs17041540	1	0	0	0	0
rs17044587	1	0	0	0	0
rs17044788	1	0	0	0	0
rs17044806	1	0	0	0	0
rs17044977	1	1	0	0	0
rs1705406	1	0	0	0	0
rs17059659	1	0	0	0	0
rs17067242	1	1	0	0	1
rs17068625	1	0	0	0	0
rs17087026	1	1	0	0	0
rs17092258	1	1	1	0	0
rs17092492	1	1	1	0	0
rs17126347	1	1	1	0	0
rs17130574	1	1	0	0	0
rs17130583	1	1	0	0	0
rs17130585	1	1	0	0	0
rs171839	1	1	1	0	0
rs17189980	1	1	1	0	0
rs17195603	1	1	0	0	0
rs17195631	1	1	0	0	0
rs17195637	1	1	0	0	0
rs17196290	1	1	1	0	0
rs1729011	1	0	0	0	1
rs17356664	1	1	0	1	1
rs17367504	1	1	1	0	1
rs17367629	1	1	1	0	1
rs17376286	1	1	0	0	1
rs17402108	1	1	1	0	1
rs17402857	1	1	1	0	1
rs17403667	1	1	0	0	1
rs17404179	1	1	1	0	1
rs17412582	1	1	0	0	0
rs17412623	1	1	0	0	0
rs17412734	1	1	0	0	0
rs17412740	1	1	0	0	0
rs17412978	1	0	0	0	0
rs17419467	1	1	0	0	0
rs17421560	1	1	1	0	1
rs17457987	1	0	0	0	0
rs17480623	1	1	1	0	1
rs17480721	1	1	0	0	1
rs17480784	1	1	0	0	1
rs17480798	1	1	0	0	1
rs17480903	1	1	0	0	1
rs17481043	1	1	0	0	1
rs17481320	1	1	1	0	1
rs17482515	1	1	1	0	1
rs17490756	1	1	0	0	0
rs17490805	1	1	0	0	0
rs17490847	1	1	0	0	0
rs17490895	1	0	0	0	0
rs17491153	1	0	0	0	0
rs17529	1	0	0	0	0
rs1754989	1	1	0	0	0
rs1754991	1	1	0	0	0
rs17555115	1	1	0	0	0
rs17590635	1	0	0	0	0
rs17628742	1	1	0	0	0
rs17629979	1	1	0	0	0
rs17635718	1	1	0	0	0
rs17636663	1	0	0	0	0
rs17636747	1	1	1	0	0
rs17686743	1	1	0	0	0
rs17686866	1	0	0	0	0
rs17697830	1	0	0	0	0
rs1771191	1	0	0	0	0
rs1776511	1	0	0	0	0
rs1776514	1	0	0	0	0
rs1776520	1	0	0	0	0
rs1776540	1	0	0	0	0
rs1776542	1	0	0	0	0
rs1776561	1	0	0	0	0
rs1776565	1	1	0	0	0
rs1776566	1	1	0	0	0
rs1776568	1	0	0	0	0
rs17784233	1	1	0	0	1
rs17787916	1	1	0	0	0
rs17787940	1	1	1	0	0
rs17817004	1	1	0	0	1
rs17817449	1	1	0	0	0
rs17817497	1	1	1	0	0
rs17817712	1	1	0	0	0
rs17817964	1	1	1	1	0
rs1792069	1	0	0	0	0
rs180711087	1	0	1	0	0
rs1817219	1	0	0	0	0
rs1817900	1	0	0	0	1
rs1817901	1	0	0	0	1
rs181793400	1	1	1	0	0
rs1818146	1	1	0	0	0
rs183173	1	1	1	0	0
rs1834646	1	0	0	0	0
rs184144101	1	0	0	0	0
rs1846049	1	0	0	0	1
rs1847841	1	0	0	0	0
rs1847842	1	1	0	0	0
rs1847843	1	1	0	0	0
rs185058905	1	0	0	0	1
rs1869081	1	1	0	0	0
rs187046545	1	0	0	0	0
rs1873944	1	1	0	0	1
rs1874170	1	0	0	0	1
rs1890555	1	0	0	0	0
rs1900591	1	1	0	0	1
rs1902859	1	1	0	0	0
rs1910964	1	0	0	0	0
rs1918975	1	0	0	0	0
rs1918978	1	0	0	0	0
rs192147833	1	0	0	0	0
rs192240291	1	0	0	0	1
rs1947220	1	1	0	0	1
rs1969954	1	0	0	0	0
rs1994876	1	1	0	0	1
rs199709220	1	0	0	0	1
rs199827403	1	0	0	0	0
rs199951680	1	0	0	0	1
rs199952722	1	1	0	0	1
rs2001181	1	1	1	0	0
rs200198255	1	1	1	0	0
rs200397449	1	0	0	0	1
rs200524100	1	0	0	0	1
rs2005365	1	1	1	0	0
rs200713829	1	0	0	0	0
rs200738415	1	0	0	0	0
rs200750151	1	1	0	0	0
rs200759064	1	0	0	0	0
rs200999583	1	0	0	0	0
rs201273831	1	0	0	0	0
rs2013002	1	1	0	0	1
rs201340576	1	1	0	0	0
rs201382810	1	0	0	0	0
rs201399553	1	1	0	0	0
rs201740222	1	0	0	0	0
rs201860379	1	0	0	0	0
rs201940822	1	1	0	0	1
rs201952773	1	0	0	0	0
rs202031558	1	1	0	0	0
rs202049731	1	0	0	0	1
rs202058732	1	0	0	0	0
rs202078105	1	0	0	0	0
rs202099530	1	1	0	0	0
rs202201784	1	1	0	0	0
rs2042064	1	0	0	0	1
rs2042065	1	0	0	0	1
rs2043451	1	1	1	0	1
rs2050265	1	0	0	0	1
rs2053367	1	1	0	0	1
rs2060392	1	1	0	0	1
rs2066462	1	1	0	0	1
rs2066470	1	1	1	0	1
rs2073719	1	1	0	0	1
rs2075538	1	1	0	1	1
rs2076001	1	1	0	0	1
rs2076002	1	1	0	0	0
rs2076004	1	0	0	0	1
rs2084679	1	0	1	0	1
rs2086886	1	1	0	0	0
rs2117278	1	1	0	0	1
rs2117279	1	1	0	0	1
rs2117280	1	1	0	0	1
rs2121698	1	1	0	0	1
rs2121700	1	1	0	0	1
rs2122270	1	1	0	0	1
rs2122714	1	1	0	0	1
rs2151654	1	1	1	0	1
rs2162369	1	1	0	0	0
rs2167037	1	1	0	0	1
rs2169990	1	1	0	0	0
rs2184227	1	1	1	0	1
rs2185468	1	0	0	0	1
rs2193950	1	0	0	0	1
rs2193951	1	0	0	0	1
rs2197901	1	1	0	0	1
rs2218727	1	1	0	0	1
rs2236796	1	1	0	0	1
rs2236797	1	1	0	0	1
rs2240062	1	0	0	0	1
rs2240065	1	1	0	0	1
rs2243834	1	1	0	0	1
rs2274547	1	0	0	0	1
rs2274548	1	0	0	0	1
rs2276555	1	1	0	0	1
rs2279720	1	1	1	0	0
rs2287661	1	0	0	0	1
rs2289021	1	1	1	1	1
rs2289022	1	1	0	0	1
rs2296282	1	1	1	0	0
rs2319469	1	1	0	0	0
rs2319473	1	0	0	0	0
rs2328999	1	0	0	0	0
rs2329028	1	0	1	0	0
rs2329029	1	1	0	0	0
rs2346414	1	0	0	0	1
rs2346415	1	0	0	0	1
rs236717	1	1	0	0	0
rs236719	1	1	0	0	0
rs236720	1	1	0	0	0
rs236721	1	0	0	0	0
rs2384321	1	1	0	0	1
rs2384322	1	1	1	0	1
rs2384323	1	1	0	0	1
rs2384324	1	1	0	0	1
rs2384359	1	0	0	0	1
rs238675	1	1	1	1	1
rs2407945	1	0	0	0	0
rs2407946	1	0	0	0	0
rs2407947	1	0	0	0	0
rs2416986	1	0	1	0	1
rs2433349	1	1	0	0	1
rs2453273	1	0	1	0	1
rs2453274	1	1	0	0	1
rs2453332	1	0	1	0	1
rs2453333	1	0	0	0	1
rs2453334	1	0	0	0	1
rs2453335	1	0	0	0	1
rs2453336	1	0	0	0	1
rs2453338	1	1	0	0	1
rs2463765	1	1	0	0	1
rs2463766	1	0	0	0	1
rs2463767	1	0	0	0	1
rs2463768	1	0	0	0	1
rs2463771	1	0	1	0	1
rs2463772	1	1	0	0	1
rs2471046	1	0	1	0	1
rs2471047	1	0	1	0	1
rs2471048	1	0	0	0	1
rs2471049	1	0	0	0	1
rs2471050	1	0	0	0	1
rs2471051	1	0	0	0	1
rs2471052	1	0	0	0	1
rs2471067	1	0	0	0	1
rs2471070	1	0	0	0	1
rs2471071	1	0	0	0	1
rs2471073	1	0	0	0	1
rs2471074	1	0	0	0	1
rs2480482	1	1	0	0	0
rs2527617	1	0	0	0	0
rs2556569	1	0	0	0	1
rs259979	1	1	0	0	0
rs259983	1	1	0	0	0
rs259990	1	1	1	0	0
rs260013	1	1	0	0	0
rs260014	1	1	0	0	0
rs260015	1	1	0	0	0
rs260017	1	0	1	0	0
rs260020	1	1	0	0	0
rs270534	1	1	1	0	1
rs270537	1	0	0	0	1
rs270538	1	0	0	0	1
rs270543	1	1	1	0	1
rs270545	1	0	0	0	1
rs270547	1	1	0	0	1
rs270578	1	1	0	0	1
rs270584	1	0	0	0	1
rs270585	1	0	0	0	1
rs270592	1	0	0	0	1
rs270594	1	1	1	0	1
rs270596	1	0	0	0	1
rs270599	1	0	0	0	1
rs2826527	1	0	0	0	0
rs2826533	1	1	0	0	0
rs2826538	1	0	0	0	0
rs2826539	1	0	0	0	0
rs28360972	1	1	1	0	0
rs28360974	1	1	1	0	0
rs28360980	1	0	0	0	0
rs2839440	1	0	0	0	0
rs28429148	1	1	1	0	0
rs28431222	1	0	0	0	0
rs28498059	1	1	1	0	1
rs28522795	1	1	0	0	0
rs28562191	1	1	0	0	1
rs28567725	1	1	0	0	1
rs28699120	1	0	0	0	0
rs28699126	1	1	0	0	1
rs2873985	1	0	0	0	0
rs2881322	1	1	1	0	1
rs2886564	1	1	0	0	1
rs2891490	1	1	1	0	1
rs2897661	1	1	0	0	1
rs2903657	1	1	1	0	0
rs3033730	1	0	0	0	0
rs3038650	1	0	0	0	0
rs3042785	1	0	0	0	1
rs3062379	1	1	0	0	0
rs3094226	1	1	0	0	1
rs3094227	1	0	0	0	1
rs3094606	1	1	1	1	1
rs3094607	1	1	0	0	1
rs3094608	1	1	0	0	1
rs3094609	1	1	1	1	1
rs3094610	1	1	1	0	1
rs3095237	1	1	1	0	1
rs3095238	1	1	1	1	1
rs3095246	1	1	1	0	1
rs3095252	1	0	0	0	1
rs3130415	1	0	0	0	1
rs3130426	1	0	0	0	1
rs3130428	1	0	0	0	1
rs3130460	1	1	1	0	1
rs3130461	1	1	1	0	1
rs3130462	1	1	1	0	1
rs3130463	1	1	1	0	1
rs3130466	1	0	0	0	1
rs3130468	1	1	0	0	1
rs3130503	1	1	1	1	1
rs3130509	1	1	0	0	0
rs3130512	1	1	0	0	1
rs3130515	1	1	0	0	1
rs3130516	1	1	0	0	1
rs3130518	1	0	0	0	1
rs3130528	1	0	0	0	1
rs3130532	1	0	0	0	1
rs3130575	1	1	0	1	1
rs3130694	1	0	0	0	1
rs3130950	1	1	0	0	1
rs3130951	1	0	0	0	1
rs3130952	1	1	0	0	1
rs3131011	1	1	0	0	1
rs3131017	1	1	0	0	1
rs3132488	1	0	0	0	1
rs3132490	1	1	0	0	1
rs3132491	1	1	0	0	1
rs3132499	1	0	0	1	1
rs3132500	1	0	0	0	1
rs3132501	1	1	0	0	1
rs3132503	1	1	0	0	1
rs3132504	1	1	0	0	1
rs3132507	1	1	0	0	1
rs3132508	1	1	0	0	1
rs3132509	1	1	0	0	1
rs3132511	1	1	0	0	1
rs3132517	1	1	0	0	1
rs3132538	1	0	0	0	1
rs3132539	1	1	0	0	1
rs3132540	1	1	1	0	1
rs3134744	1	0	0	0	1
rs3134748	1	1	1	0	1
rs3134753	1	0	0	0	1
rs3134789	1	0	0	0	1
rs3177055	1	1	1	0	1
rs3184504	1	1	1	0	1
rs33938909	1	0	0	0	0
rs34056739	1	1	0	0	0
rs34077229	1	1	0	0	0
rs34096624	1	1	1	0	0
rs34161434	1	1	0	0	0
rs34206194	1	0	1	0	0
rs34242796	1	0	0	0	1
rs34250841	1	0	0	0	0
rs34257051	1	0	0	0	0
rs34279826	1	0	0	0	0
rs34306535	1	0	0	0	0
rs34324771	1	1	0	0	0
rs34334183	1	0	0	0	1
rs34377174	1	1	0	0	1
rs34377596	1	1	0	0	1
rs34380354	1	0	0	0	1
rs34386892	1	1	1	0	1
rs34401764	1	1	1	0	0
rs34407295	1	0	0	0	1
rs34408900	1	0	0	0	1
rs34422769	1	1	1	0	1
rs34491255	1	0	0	0	1
rs34493634	1	0	0	0	0
rs34509173	1	1	0	0	0
rs34527934	1	0	0	0	0
rs34536218	1	1	0	0	0
rs34573741	1	1	1	0	0
rs34575373	1	0	0	0	0
rs34601474	1	0	0	0	0
rs34613485	1	0	0	0	0
rs34627841	1	1	0	0	0
rs34628847	1	1	0	0	1
rs34651751	1	1	1	0	1
rs34653545	1	1	0	0	1
rs34663368	1	1	0	0	0
rs34670695	1	0	1	0	0
rs346746	1	1	0	0	0
rs346747	1	1	0	0	0
rs346748	1	1	1	0	0
rs346750	1	0	1	1	0
rs34710011	1	0	0	0	0
rs34730632	1	0	0	0	0
rs34766024	1	1	0	0	1
rs348128	1	0	0	0	1
rs348133	1	0	0	0	1
rs348139	1	1	0	0	1
rs34854267	1	1	1	0	1
rs34860915	1	1	0	0	0
rs34904258	1	0	0	0	0
rs34929018	1	1	0	0	0
rs34955630	1	0	0	0	0
rs35002647	1	0	0	0	0
rs35024516	1	1	0	0	1
rs35124476	1	0	0	0	1
rs35156964	1	1	0	0	1
rs35181499	1	0	0	0	0
rs35185630	1	1	0	0	0
rs35216436	1	0	0	0	0
rs35224700	1	1	1	0	1
rs35242283	1	1	1	0	0
rs35271799	1	1	0	0	0
rs35272216	1	0	0	0	1
rs35321158	1	0	0	0	1
rs35345671	1	1	0	0	0
rs35350651	1	1	0	0	1
rs35381826	1	0	0	0	0
rs35409092	1	0	0	0	0
rs35413760	1	1	1	0	1
rs35464336	1	1	1	0	1
rs35509718	1	1	0	0	1
rs35528467	1	1	1	0	0
rs35569326	1	1	0	0	1
rs35607685	1	1	0	0	0
rs35630707	1	0	0	0	0
rs35673104	1	1	0	0	0
rs35701761	1	0	0	0	0
rs35709953	1	1	0	0	1
rs35732202	1	1	0	0	0
rs35739399	1	1	1	0	0
rs35748675	1	1	0	0	0
rs35776724	1	0	0	0	0
rs35782859	1	0	0	0	0
rs35787518	1	1	1	0	1
rs35800447	1	1	0	0	0
rs35801039	1	0	1	0	0
rs35844686	1	1	0	0	1
rs35921443	1	0	0	0	0
rs35930002	1	0	0	0	0
rs35993804	1	1	1	0	1
rs36006825	1	1	1	0	1
rs36029635	1	1	0	0	0
rs36075189	1	1	1	0	0
rs36077893	1	1	1	0	0
rs36080326	1	1	0	0	1
rs36099818	1	1	0	0	1
rs36191723	1	0	0	0	1
rs368758	1	0	0	0	1
rs370595232	1	0	0	0	0
rs370911204	1	0	0	0	0
rs371008106	1	0	0	0	0
rs372855124	1	0	0	0	0
rs3732986	1	1	0	0	1
rs3732987	1	1	0	0	1
rs3732988	1	1	0	0	1
rs3751812	1	1	1	0	0
rs3751814	1	1	0	0	0
rs3753582	1	1	1	0	1
rs3753584	1	1	1	0	1
rs3753588	1	1	1	0	1
rs3754357	1	1	1	0	1
rs375874152	1	1	1	0	0
rs3766747	1	1	0	0	0
rs3768331	1	1	1	0	1
rs3774218	1	1	0	0	1
rs3774219	1	1	0	0	1
rs3774220	1	1	0	0	1
rs3774221	1	1	1	1	1
rs3774222	1	1	1	0	1
rs3774223	1	1	1	0	1
rs3786066	1	1	1	0	0
rs3795768	1	1	1	0	1
rs3814045	1	1	0	0	1
rs3820192	1	1	1	0	1
rs3834043	1	1	1	0	1
rs3834044	1	1	1	0	1
rs3834045	1	1	1	0	1
rs3836783	1	1	0	0	0
rs3840194	1	1	0	0	0
rs3845574	1	1	0	0	1
rs3856258	1	1	0	0	1
rs3856259	1	1	0	0	1
rs3856396	1	1	0	0	0
rs3910272	1	1	1	0	1
rs3930575	1	0	0	0	1
rs3933967	1	0	0	0	0
rs3955310	1	1	0	0	1
rs4083557	1	0	0	0	1
rs41275456	1	0	0	0	1
rs41275458	1	1	1	0	1
rs41275472	1	1	0	0	1
rs41275478	1	0	0	0	1
rs41275488	1	1	0	0	1
rs41285975	1	1	0	0	1
rs41307759	1	1	0	0	1
rs41343448	1	1	0	0	0
rs41373744	1	1	0	0	1
rs41401348	1	1	0	0	1
rs4143538	1	1	0	0	1
rs4143966	1	1	0	1	1
rs4143967	1	1	0	0	1
rs4233708	1	1	1	0	1
rs4233709	1	1	1	0	1
rs4233710	1	1	1	0	1
rs4239832	1	0	0	0	0
rs425092	1	0	0	0	1
rs4262813	1	1	0	0	0
rs4268650	1	1	0	0	0
rs4268651	1	1	0	0	0
rs430409	1	1	0	0	1
rs4312543	1	1	0	0	1
rs431611	1	0	0	0	0
rs4343960	1	1	0	0	1
rs4413560	1	0	0	0	1
rs4455523	1	1	0	0	0
rs4490131	1	0	0	0	1
rs4508782	1	1	0	0	1
rs4549147	1	1	0	0	1
rs45553335	1	1	1	0	1
rs4555828	1	0	0	0	1
rs45589544	1	1	1	0	0
rs45603435	1	1	0	0	1
rs4563285	1	1	0	0	1
rs459588	1	1	0	0	0
rs4601009	1	0	0	0	0
rs4601325	1	0	0	0	0
rs4612028	1	1	0	0	0
rs4655789	1	1	0	0	0
rs4660210	1	1	0	0	1
rs4660211	1	0	0	0	1
rs4660212	1	0	0	0	1
rs4660585	1	1	1	1	1
rs4660586	1	1	0	0	1
rs4660587	1	1	0	0	1
rs4660595	1	1	0	0	1
rs4660600	1	0	0	0	1
rs4665299	1	1	1	0	1
rs4665303	1	1	0	0	1
rs4665304	1	1	0	0	1
rs4665305	1	1	0	0	1
rs4665306	1	1	0	0	1
rs4665308	1	1	0	0	1
rs4665309	1	1	0	0	1
rs4665310	1	0	0	0	1
rs4665809	1	1	0	1	1
rs4665811	1	1	0	0	1
rs4665812	1	1	0	0	1
rs4665813	1	1	0	0	1
rs4665814	1	1	0	0	1
rs4665816	1	1	0	0	1
rs4665817	1	1	0	0	1
rs4665819	1	1	1	0	1
rs4665820	1	1	1	1	1
rs4665821	1	1	1	0	0
rs4665822	1	1	0	0	1
rs4665823	1	1	0	0	1
rs4665824	1	0	0	0	1
rs4665825	1	0	0	0	1
rs4665826	1	1	0	0	1
rs4701448	1	0	0	0	0
rs4766578	1	1	0	0	1
rs4769602	1	1	1	0	0
rs4769612	1	1	1	0	0
rs4769613	1	1	1	0	0
rs4769621	1	0	0	0	0
rs4769628	1	1	1	0	0
rs4769631	1	0	0	0	0
rs4815879	1	0	0	0	0
rs4815880	1	0	0	0	0
rs4816832	1	0	0	0	0
rs4816836	1	1	0	0	0
rs4846797	1	0	0	0	0
rs4846798	1	1	0	0	0
rs4846799	1	1	0	0	0
rs4846800	1	0	0	0	0
rs4846801	1	0	0	0	0
rs4860045	1	0	0	0	0
rs4880372	1	1	1	0	0
rs4880373	1	0	0	0	0
rs4880374	1	1	1	0	0
rs4880376	1	1	1	0	0
rs4885436	1	0	0	0	0
rs4885446	1	0	0	0	0
rs4885453	1	1	1	0	0
rs4921708	1	1	1	0	0
rs4921713	1	1	0	0	0
rs4922159	1	0	0	0	0
rs4922161	1	0	0	0	0
rs4922175	1	0	0	0	0
rs4922177	1	1	1	1	0
rs4922178	1	1	1	0	0
rs4922179	1	1	1	0	0
rs4922180	1	0	0	0	0
rs4922181	1	0	0	0	0
rs4922182	1	0	0	0	0
rs4922183	1	0	0	0	0
rs4922187	1	1	1	0	0
rs4922189	1	1	0	1	0
rs4922200	1	0	0	0	0
rs4952830	1	1	0	0	1
rs4953379	1	0	1	0	1
rs4953387	1	1	0	0	1
rs4953388	1	1	0	1	1
rs4953389	1	1	0	0	1
rs4953390	1	1	0	0	1
rs4953396	1	0	0	0	1
rs4953397	1	1	0	0	1
rs5023913	1	1	0	0	0
rs545754411	1	1	1	0	0
rs547926242	1	1	0	0	0
rs55645287	1	1	1	0	1
rs556787691	1	1	0	0	0
rs55685198	1	1	0	0	1
rs55700547	1	0	0	0	0
rs55728339	1	1	0	0	1
rs55738118	1	1	0	0	1
rs55738737	1	1	0	0	0
rs55754287	1	1	1	0	1
rs55768103	1	0	0	0	1
rs55773920	1	1	0	0	0
rs55780505	1	1	1	0	0
rs55785703	1	0	0	0	1
rs55787711	1	1	0	0	1
rs55788159	1	1	0	0	1
rs55800247	1	1	0	0	1
rs558041140	1	0	0	0	0
rs55814225	1	1	0	0	1
rs55820567	1	1	1	0	0
rs55836203	1	1	0	0	1
rs55851065	1	1	0	0	1
rs55857306	1	1	0	0	1
rs55867221	1	1	1	1	1
rs55872725	1	1	1	0	0
rs55873067	1	1	0	0	1
rs55873222	1	1	0	0	0
rs55873785	1	1	1	0	1
rs55890341	1	1	0	0	1
rs55893390	1	1	0	0	0
rs55927955	1	1	1	0	0
rs55929441	1	1	1	0	1
rs55967531	1	1	0	0	1
rs55968150	1	1	0	0	0
rs55990055	1	1	0	0	0
rs55994631	1	1	0	0	1
rs56001051	1	1	0	0	1
rs56043629	1	0	0	0	1
rs56094641	1	1	0	0	0
rs56098307	1	0	0	0	0
rs56123155	1	1	1	0	0
rs56136608	1	1	0	0	0
rs56137030	1	0	0	0	0
rs56137757	1	1	1	0	0
rs56153133	1	1	0	0	1
rs56157706	1	1	0	0	0
rs56166620	1	1	0	0	1
rs56171374	1	1	0	0	0
rs56178811	1	1	1	0	1
rs56190030	1	0	0	0	1
rs56221660	1	1	0	0	1
rs56260590	1	1	0	0	1
rs56313538	1	1	0	0	0
rs56313628	1	1	0	0	1
rs56336074	1	0	1	0	0
rs56412009	1	0	0	0	0
rs56653770	1	0	0	0	0
rs566652997	1	0	0	0	0
rs56692848	1	1	0	0	0
rs56707347	1	0	0	0	0
rs567163678	1	1	0	0	0
rs56724348	1	0	0	0	0
rs56840267	1	0	0	0	1
rs57069181	1	0	0	0	1
rs57210463	1	0	0	0	0
rs57292959	1	1	0	0	1
rs57351302	1	0	0	0	0
rs57396208	1	1	0	0	0
rs57397295	1	0	0	0	1
rs57418210	1	1	0	0	0
rs57441762	1	1	0	0	1
rs57710852	1	1	1	0	0
rs57734783	1	0	0	0	0
rs57802797	1	0	0	0	1
rs5780956	1	1	0	0	0
rs57818221	1	1	0	0	1
rs57875316	1	1	0	0	1
rs5797201	1	1	1	0	0
rs58068200	1	1	0	0	0
rs58147233	1	1	0	0	0
rs58189705	1	0	0	0	0
rs58197960	1	0	0	0	1
rs58274614	1	0	0	0	0
rs58288902	1	0	0	0	1
rs5829992	1	1	0	0	0
rs5829994	1	1	0	0	0
rs5829995	1	1	1	0	0
rs5829996	1	1	1	0	1
rs5829998	1	1	0	0	1
rs5829999	1	1	1	0	0
rs5830001	1	0	0	0	0
rs5830904	1	0	0	0	0
rs58374187	1	0	0	0	1
rs5842853	1	0	0	0	0
rs58501663	1	1	0	0	0
rs58547955	1	0	0	0	1
rs58552967	1	0	0	0	0
rs58630229	1	0	0	0	1
rs5866671	1	0	0	0	0
rs5866672	1	0	0	0	0
rs58860447	1	1	0	0	0
rs58948789	1	0	0	0	1
rs59116569	1	0	0	0	0
rs591576	1	1	0	0	1
rs59268489	1	0	0	0	1
rs597808	1	0	0	0	1
rs59836368	1	0	0	0	0
rs598945	1	1	1	0	0
rs59909742	1	1	1	0	0
rs59999980	1	1	0	0	1
rs60011653	1	1	0	0	0
rs60128410	1	1	1	0	0
rs60181536	1	0	0	0	0
rs6026739	1	1	0	0	0
rs6026740	1	1	0	0	0
rs6026742	1	1	0	0	0
rs60277994	1	0	0	0	0
rs604145	1	0	0	0	1
rs60447192	1	0	0	0	0
rs60535758	1	0	0	0	0
rs60591302	1	1	0	0	1
rs60595950	1	1	0	0	1
rs606861	1	1	0	0	1
rs61064664	1	0	0	0	0
rs61147858	1	0	0	0	1
rs611621	1	0	0	0	0
rs6139878	1	1	0	0	0
rs6139879	1	1	0	0	0
rs6139881	1	0	0	0	0
rs6139882	1	1	1	0	0
rs6139884	1	0	0	0	0
rs6139886	1	1	0	0	0
rs61516423	1	0	0	0	0
rs61523912	1	1	0	0	0
rs61701220	1	0	0	0	1
rs61920162	1	1	1	0	1
rs61920184	1	1	1	0	1
rs61920188	1	1	1	0	1
rs61920191	1	1	1	0	1
rs61920578	1	1	0	0	1
rs61920587	1	1	0	0	1
rs61920588	1	1	0	0	1
rs61920590	1	1	0	0	1
rs61920591	1	1	1	0	1
rs61920593	1	1	0	0	1
rs61920594	1	1	0	0	1
rs61920601	1	1	0	0	1
rs62033399	1	1	0	0	0
rs62033400	1	1	1	0	0
rs62033403	1	1	0	0	0
rs62033404	1	1	0	0	0
rs62033405	1	1	0	0	0
rs62033408	1	1	1	0	0
rs62033413	1	1	0	0	0
rs62048402	1	1	0	0	0
rs62128394	1	1	1	0	1
rs62128398	1	0	0	0	1
rs62134696	1	0	0	0	1
rs62134698	1	1	0	0	1
rs62238098	1	1	0	0	1
rs62349562	1	1	0	0	0
rs62349575	1	0	0	0	0
rs62349586	1	0	0	0	0
rs62454590	1	0	1	0	0
rs62454591	1	1	0	0	0
rs62454592	1	1	0	0	0
rs624575	1	1	0	0	1
rs627502	1	0	0	0	1
rs636540	1	0	0	0	0
rs638734	1	0	0	0	1
rs639559	1	1	0	0	1
rs642579	1	0	0	0	1
rs6443193	1	1	0	0	1
rs6443194	1	1	0	0	1
rs6479004	1	1	0	0	1
rs6479005	1	1	1	0	1
rs6490321	1	1	0	0	0
rs6490322	1	1	0	0	0
rs6490323	1	1	1	0	0
rs653178	1	1	1	0	1
rs6541001	1	1	0	0	1
rs6542736	1	0	0	0	0
rs6544895	1	0	0	0	1
rs6544898	1	1	0	0	1
rs6546715	1	1	0	0	1
rs6546716	1	1	0	0	1
rs6546725	1	1	0	0	1
rs6546726	1	1	0	0	1
rs6546727	1	1	0	0	1
rs6546728	1	1	0	0	1
rs6546729	1	1	0	0	1
rs6546736	1	1	1	0	1
rs6546744	1	1	0	0	1
rs6546749	1	1	0	0	0
rs6546766	1	0	0	0	1
rs6546767	1	0	0	0	1
rs6546768	1	0	0	0	1
rs6546780	1	1	0	0	1
rs6551510	1	0	0	0	0
rs6562983	1	0	0	0	0
rs6563695	1	1	1	0	0
rs657698	1	0	0	0	1
rs6586910	1	1	0	0	0
rs6600394	1	1	0	0	1
rs6600396	1	0	0	0	1
rs661428	1	0	0	0	1
rs662560	1	1	1	0	0
rs6658189	1	0	0	0	0
rs6660579	1	1	0	0	0
rs6665802	1	1	0	0	1
rs6681177	1	1	0	0	0
rs6684076	1	1	1	1	0
rs6687229	1	1	0	0	1
rs6688187	1	1	0	0	1
rs6689536	1	1	0	0	1
rs6690530	1	1	0	0	0
rs66908032	1	1	0	0	0
rs6691440	1	1	0	0	1
rs6695748	1	1	0	0	1
rs6696291	1	1	0	1	1
rs6697335	1	1	0	0	1
rs6698877	1	1	0	0	1
rs6699171	1	0	0	0	0
rs6699270	1	1	0	0	1
rs6699618	1	1	1	0	1
rs6699827	1	1	0	0	1
rs6701960	1	1	0	0	1
rs6703535	1	1	0	0	0
rs6704930	1	1	0	0	1
rs6705	1	1	0	0	1
rs670513	1	1	0	0	0
rs6709142	1	0	0	0	1
rs6709595	1	1	0	0	1
rs6715739	1	1	0	0	1
rs6718875	1	1	1	0	1
rs6720012	1	1	0	0	0
rs6720312	1	1	0	0	1
rs6720314	1	1	0	0	1
rs6727978	1	1	0	0	1
rs6729080	1	1	0	0	1
rs6729191	1	1	0	0	1
rs6729757	1	1	0	0	1
rs6729795	1	1	0	0	1
rs6733782	1	1	1	0	0
rs6735145	1	1	0	0	1
rs6739061	1	1	1	1	1
rs6742226	1	1	0	0	1
rs6748745	1	1	1	0	1
rs6749855	1	1	0	0	1
rs6749877	1	0	0	0	1
rs6750681	1	1	0	0	1
rs6750695	1	1	0	0	1
rs6757564	1	1	0	0	1
rs6758545	1	1	0	0	1
rs6763808	1	1	0	0	1
rs6776597	1	1	1	0	1
rs6777858	1	1	0	0	1
rs6784560	1	1	1	0	1
rs6784926	1	1	0	0	1
rs6786026	1	1	0	0	0
rs67915086	1	1	0	0	0
rs67938205	1	0	0	0	0
rs6797400	1	0	0	0	0
rs6798584	1	1	0	1	1
rs6799564	1	1	0	0	1
rs6802843	1	1	0	0	1
rs6806939	1	1	0	0	1
rs6809788	1	1	0	0	1
rs681109	1	0	0	0	1
rs681239	1	1	0	1	1
rs6816584	1	0	0	0	0
rs6823315	1	1	0	0	1
rs6825238	1	0	0	0	0
rs6845482	1	1	0	0	1
rs685229	1	0	0	0	1
rs6864434	1	1	0	0	1
rs6867061	1	0	1	0	0
rs687532	1	1	0	0	1
rs6888670	1	0	0	0	0
rs6889900	1	0	0	0	0
rs6890651	1	0	0	0	1
rs6890775	1	0	0	0	0
rs6892196	1	0	1	0	0
rs6892384	1	0	1	0	0
rs6892579	1	0	0	0	0
rs6892585	1	0	0	0	0
rs689277	1	0	1	0	1
rs700359	1	0	0	0	0
rs7018703	1	0	1	0	1
rs7020150	1	0	0	0	1
rs7020780	1	1	1	0	1
rs7021923	1	0	0	0	1
rs702225	1	1	0	0	1
rs7022643	1	0	0	0	1
rs7023412	1	0	0	0	1
rs7025271	1	0	0	0	1
rs7025412	1	0	0	0	1
rs7026341	1	0	0	0	1
rs7026529	1	0	0	0	1
rs7026567	1	1	0	0	1
rs7028564	1	1	1	0	1
rs7028699	1	0	0	0	1
rs7028939	1	0	0	0	1
rs7029981	1	0	0	0	1
rs7031081	1	0	0	0	0
rs7033350	1	0	0	0	1
rs7033459	1	0	0	0	1
rs7033612	1	0	0	0	1
rs7035379	1	1	0	0	1
rs7039994	1	0	0	0	0
rs7041818	1	1	0	0	1
rs7043946	1	0	0	0	1
rs7047030	1	1	0	0	0
rs7047193	1	1	0	0	0
rs7047311	1	0	0	0	1
rs7047693	1	0	0	0	1
rs7047728	1	0	0	0	1
rs708119	1	1	1	0	1
rs708122	1	0	0	0	1
rs70965614	1	1	0	0	0
rs71102733	1	0	0	0	0
rs71102742	1	1	0	0	0
rs71203036	1	0	0	0	0
rs71303008	1	0	0	0	0
rs71304986	1	0	0	0	1
rs7137828	1	0	0	0	1
rs71399348	1	1	1	0	1
rs71419381	1	0	0	0	0
rs71425198	1	0	0	0	0
rs71433277	1	0	0	0	0
rs71482132	1	0	0	0	0
rs71588946	1	1	0	0	0
rs71643432	1	1	0	0	0
rs71643434	1	1	0	0	0
rs71643435	1	0	0	0	0
rs71643436	1	1	0	0	0
rs71643439	1	1	0	0	0
rs7185735	1	1	0	0	0
rs71863246	1	1	0	0	0
rs7187250	1	1	0	0	0
rs718744	1	0	0	0	0
rs7188250	1	0	0	0	0
rs718849	1	1	0	0	1
rs7190396	1	1	0	0	0
rs7193144	1	1	0	0	0
rs7199697	1	0	1	0	0
rs7201850	1	1	0	0	1
rs7202116	1	1	1	1	0
rs7202296	1	1	0	0	0
rs7206122	1	1	0	0	0
rs7206410	1	1	0	0	0
rs7206629	1	1	1	0	1
rs721324	1	1	0	0	0
rs722024	1	0	0	0	0
rs72209985	1	1	0	0	0
rs72477988	1	0	1	0	0
rs72638683	1	0	0	0	0
rs72638684	1	1	0	0	1
rs72638693	1	0	0	0	1
rs72638696	1	0	0	0	1
rs72638698	1	0	0	0	1
rs72638700	1	0	0	0	1
rs72640206	1	1	0	0	1
rs72640208	1	1	1	0	1
rs72640210	1	1	0	1	1
rs72640221	1	1	1	0	1
rs72640243	1	1	0	0	1
rs72640244	1	1	0	0	1
rs72640247	1	1	0	0	1
rs72640249	1	1	0	0	1
rs72640251	1	1	0	0	1
rs72640252	1	1	0	1	1
rs72640253	1	1	0	1	1
rs72640257	1	1	0	0	1
rs72640258	1	1	0	0	1
rs72640262	1	1	0	0	1
rs72640267	1	1	0	0	1
rs72656599	1	1	0	0	0
rs72670459	1	1	0	0	0
rs72670467	1	0	0	0	0
rs72670475	1	0	0	0	0
rs72717947	1	1	0	0	0
rs7272705	1	0	0	0	0
rs72749743	1	0	0	0	0
rs72749780	1	0	0	0	0
rs7276507	1	0	0	0	0
rs727839	1	1	0	0	1
rs728009	1	1	1	0	1
rs72803697	1	1	0	0	0
rs72805611	1	0	0	0	0
rs72805612	1	0	0	0	0
rs72805613	1	1	0	0	0
rs72807800	1	1	0	0	0
rs72807801	1	1	0	0	0
rs72823845	1	0	0	0	0
rs72823859	1	1	1	0	0
rs72879535	1	0	0	0	0
rs72879585	1	0	0	0	0
rs72881449	1	1	0	0	0
rs72881451	1	0	0	0	0
rs72881458	1	1	0	0	0
rs72883003	1	0	0	0	0
rs72892930	1	0	0	0	0
rs72892940	1	0	0	0	0
rs72892950	1	0	0	0	0
rs72940979	1	0	1	0	0
rs72951526	1	1	0	0	0
rs72951541	1	1	0	0	0
rs72951580	1	1	0	0	0
rs72965618	1	0	0	0	0
rs72965622	1	1	0	0	1
rs72965624	1	1	0	0	1
rs72965628	1	1	0	0	1
rs72965634	1	0	1	0	1
rs72965644	1	1	0	0	1
rs72965652	1	0	0	0	1
rs72965662	1	1	1	0	1
rs72965663	1	1	0	0	1
rs72965667	1	1	0	0	1
rs72965675	1	0	0	0	1
rs72965685	1	0	0	0	1
rs72965692	1	1	0	0	1
rs72965696	1	1	0	0	1
rs72967504	1	1	0	0	1
rs72967512	1	1	0	0	1
rs72967521	1	0	0	0	1
rs72967534	1	1	0	0	1
rs72967551	1	1	1	0	1
rs73036519	1	1	1	0	1
rs7304091	1	1	1	0	0
rs7310615	1	1	0	0	1
rs7313538	1	1	1	0	1
rs7314838	1	1	0	0	1
rs7316091	1	1	0	0	1
rs7317291	1	0	0	0	0
rs7318880	1	1	1	0	0
rs7319081	1	1	0	0	1
rs7320371	1	1	1	0	0
rs73205052	1	1	0	0	0
rs7322722	1	1	1	0	1
rs7323733	1	0	0	0	0
rs7324014	1	1	0	0	0
rs7325774	1	1	0	0	0
rs7325942	1	0	0	0	0
rs7328012	1	1	0	0	0
rs7328374	1	1	0	0	0
rs73306874	1	1	0	0	0
rs73306876	1	1	0	0	0
rs7335892	1	0	0	0	0
rs7336711	1	1	0	0	0
rs7336719	1	0	0	0	0
rs7337148	1	1	0	0	0
rs7337686	1	0	0	0	1
rs7340583	1	1	0	0	1
rs73437395	1	1	0	0	0
rs73437396	1	1	0	0	0
rs73437398	1	1	1	1	0
rs73491426	1	1	1	0	1
rs73491437	1	1	0	0	0
rs73491439	1	1	1	0	1
rs73491441	1	1	1	0	1
rs73491444	1	1	0	0	1
rs73491451	1	1	0	0	1
rs73491452	1	1	1	0	1
rs73491461	1	0	0	0	1
rs73491475	1	0	0	0	0
rs7350268	1	0	0	0	1
rs73505717	1	1	1	0	1
rs73505783	1	1	0	0	1
rs73505786	1	1	0	0	1
rs73505791	1	1	0	0	1
rs73507822	1	0	0	0	1
rs73507831	1	0	0	0	1
rs73507832	1	0	0	0	1
rs7382297	1	0	0	0	1
rs7382307	1	0	0	0	1
rs7383157	1	1	1	0	0
rs73846673	1	1	0	0	1
rs73846675	1	0	0	0	1
rs73846677	1	0	0	0	1
rs73846678	1	0	0	0	1
rs73846687	1	1	0	0	1
rs73846688	1	1	0	0	1
rs73846691	1	1	0	0	1
rs73846693	1	0	0	0	1
rs73846696	1	0	0	0	1
rs73846698	1	1	0	0	0
rs73846699	1	1	1	0	0
rs73846701	1	1	1	1	0
rs73846702	1	1	1	0	0
rs73847803	1	1	1	1	0
rs73847805	1	1	1	0	0
rs73847807	1	0	0	0	0
rs73847808	1	0	0	0	0
rs73847809	1	0	0	0	0
rs739396	1	1	0	0	0
rs739622	1	1	0	0	0
rs74192217	1	0	0	0	0
rs74304512	1	0	0	0	0
rs7434145	1	0	0	0	0
rs74449862	1	1	0	0	0
rs74503897	1	0	0	0	0
rs74528067	1	1	0	0	0
rs74647103	1	1	0	0	1
rs7465534	1	0	0	0	0
rs74667572	1	0	0	0	0
rs74726530	1	0	0	0	0
rs74789551	1	1	0	0	0
rs74791426	1	0	0	0	1
rs74796778	1	1	1	0	1
rs74807654	1	0	0	0	0
rs74828062	1	0	0	0	0
rs74844384	1	0	0	0	0
rs74871003	1	1	1	0	0
rs74906196	1	0	0	0	0
rs74911485	1	1	0	0	0
rs74942222	1	0	0	0	1
rs75023402	1	1	0	0	1
rs75029217	1	1	0	0	1
rs750450	1	1	0	0	1
rs750451	1	1	0	0	1
rs750452	1	1	0	0	1
rs75045913	1	1	0	0	0
rs75076268	1	0	0	0	0
rs75119017	1	1	0	0	1
rs7515102	1	0	0	0	1
rs75219487	1	0	0	0	1
rs75263886	1	0	0	0	0
rs75270655	1	0	0	0	0
rs7529102	1	0	0	0	1
rs75293382	1	1	0	0	0
rs7535305	1	0	0	0	1
rs7537765	1	0	0	0	1
rs7541929	1	1	0	0	1
rs75426183	1	0	0	0	0
rs75450815	1	1	0	0	1
rs75458063	1	1	1	0	1
rs75458494	1	1	0	0	0
rs7546128	1	1	0	0	1
rs75481516	1	1	0	0	1
rs75482070	1	1	0	0	0
rs7550497	1	1	0	0	1
rs7550500	1	1	0	0	1
rs75506669	1	1	0	0	1
rs7553194	1	1	0	0	1
rs75544774	1	1	0	0	0
rs75556460	1	1	0	0	0
rs7557190	1	0	0	0	1
rs7564025	1	1	0	0	1
rs7565188	1	0	0	0	0
rs7565843	1	1	1	0	1
rs75660387	1	1	1	1	1
rs75667215	1	0	0	0	0
rs75685382	1	1	1	0	0
rs75686810	1	1	0	0	0
rs7569095	1	0	0	0	0
rs75711918	1	1	0	0	1
rs7571588	1	1	0	0	1
rs75722638	1	0	0	0	0
rs7573118	1	1	0	0	1
rs7573362	1	1	0	0	1
rs75735964	1	0	0	0	1
rs75742992	1	1	1	0	0
rs7576192	1	1	0	0	0
rs75781259	1	0	0	0	1
rs7579169	1	1	0	0	0
rs7579199	1	1	0	0	1
rs7579371	1	0	0	0	0
rs75824420	1	0	0	0	1
rs75825288	1	1	1	0	0
rs7585379	1	1	0	0	1
rs75887598	1	1	0	0	0
rs7588802	1	1	0	0	1
rs75892143	1	1	0	0	0
rs75893584	1	0	0	0	0
rs75899922	1	1	0	0	0
rs75928944	1	1	0	0	1
rs75931670	1	0	0	0	1
rs75937460	1	0	0	0	1
rs7593786	1	1	0	0	0
rs7597283	1	1	0	0	1
rs75977630	1	1	0	0	0
rs7599132	1	1	0	0	1
rs76002310	1	1	0	0	1
rs76013261	1	1	1	0	0
rs76021243	1	0	0	0	0
rs7602922	1	1	0	0	1
rs76061534	1	0	0	0	1
rs7606351	1	1	0	0	0
rs7607681	1	1	0	0	1
rs7610571	1	1	0	0	1
rs7613341	1	0	0	0	0
rs7616573	1	1	0	1	1
rs76204897	1	1	0	0	0
rs7622989	1	1	0	0	1
rs76231211	1	0	0	0	0
rs7624569	1	1	0	0	1
rs76260192	1	1	0	0	0
rs76277717	1	1	0	0	1
rs7629532	1	1	0	0	1
rs76299202	1	0	0	0	0
rs7632129	1	1	0	0	1
rs7635073	1	1	0	0	1
rs76363341	1	0	0	0	0
rs76364942	1	0	0	0	0
rs7637683	1	1	0	0	1
rs76395516	1	1	1	0	0
rs7642504	1	1	0	0	0
rs7646101	1	1	0	0	1
rs76461998	1	1	0	0	0
rs7648290	1	0	0	0	1
rs76495904	1	1	0	0	1
rs76557883	1	0	0	0	1
rs76592385	1	1	0	0	0
rs76634393	1	1	1	0	0
rs76656459	1	0	0	0	0
rs76668454	1	1	1	0	1
rs76675491	1	1	0	0	0
rs7670577	1	0	0	0	0
rs76752640	1	0	0	0	0
rs7677523	1	0	0	0	0
rs76831104	1	1	0	0	0
rs76842137	1	1	0	0	1
rs768613	1	0	0	0	1
rs76876403	1	0	0	0	0
rs76900195	1	0	1	0	0
rs7692744	1	1	0	0	0
rs76943317	1	1	1	0	0
rs76991069	1	0	0	0	1
rs76998658	1	1	0	0	1
rs77020154	1	1	0	0	0
rs7703872	1	0	0	0	1
rs77100454	1	0	0	0	0
rs77137495	1	1	0	0	0
rs77139725	1	0	0	0	0
rs77142279	1	0	0	0	1
rs77171792	1	1	0	0	1
rs77215029	1	1	0	0	0
rs7722868	1	0	0	0	0
rs7722876	1	0	0	0	0
rs7733331	1	1	0	0	1
rs77401923	1	1	0	0	1
rs77436402	1	0	0	0	0
rs77483627	1	1	0	0	0
rs77507178	1	0	0	0	1
rs77513584	1	1	1	0	0
rs77591190	1	1	0	0	0
rs77666757	1	0	0	0	0
rs77702584	1	0	0	0	0
rs77715132	1	0	0	0	1
rs77726241	1	0	1	0	0
rs77752041	1	0	0	0	0
rs77764698	1	1	0	0	1
rs77814591	1	1	1	0	0
rs77843811	1	1	0	0	1
rs77985091	1	0	0	0	0
rs77997282	1	1	0	0	0
rs78106512	1	1	0	0	0
rs78267036	1	0	0	0	1
rs78269931	1	1	1	0	1
rs7830125	1	0	0	0	0
rs78302204	1	1	0	0	0
rs78307926	1	0	0	0	1
rs7831830	1	0	0	0	0
rs78362822	1	1	1	0	1
rs78385622	1	1	0	0	1
rs784103	1	1	0	0	1
rs78412528	1	1	1	0	0
rs7847149	1	0	0	0	1
rs7849323	1	1	0	0	1
rs78494481	1	1	0	0	1
rs7850961	1	0	0	0	1
rs78517370	1	1	0	0	0
rs78525152	1	0	0	0	1
rs7853497	1	1	1	0	1
rs7853561	1	0	0	0	1
rs7853585	1	1	1	0	1
rs7853672	1	0	0	0	1
rs7854444	1	0	0	0	1
rs7854689	1	1	0	0	1
rs7856932	1	1	0	0	1
rs7857556	1	0	0	0	1
rs7858045	1	0	0	0	1
rs7858119	1	1	0	0	1
rs7858208	1	1	0	0	1
rs78584389	1	1	1	0	0
rs7859524	1	0	0	0	1
rs78600840	1	0	0	0	0
rs7860268	1	0	0	0	0
rs7860660	1	0	0	0	1
rs78610930	1	0	0	0	1
rs78622099	1	0	0	0	1
rs78624573	1	1	0	0	1
rs7862614	1	0	0	0	1
rs78629463	1	0	0	0	0
rs7865483	1	1	0	0	1
rs7866669	1	1	0	0	1
rs7866700	1	1	1	0	0
rs7866950	1	1	0	0	1
rs7867803	1	0	0	0	0
rs7868020	1	0	0	0	1
rs7868446	1	1	0	0	1
rs7868632	1	1	0	0	1
rs7870469	1	1	0	0	1
rs7870701	1	0	0	0	1
rs78718649	1	1	1	1	1
rs7872014	1	0	0	0	1
rs7872556	1	0	0	0	1
rs7872897	1	1	0	0	1
rs7873545	1	1	0	0	1
rs78742847	1	0	0	0	0
rs78796450	1	0	0	0	0
rs78846039	1	1	0	0	0
rs78873262	1	1	0	0	0
rs78921946	1	0	0	0	0
rs78927221	1	0	1	0	0
rs7896013	1	1	0	0	0
rs78992414	1	1	0	0	0
rs79078871	1	1	0	0	0
rs79083645	1	0	0	0	0
rs79088356	1	1	0	0	1
rs7909337	1	1	0	0	0
rs79111533	1	1	0	0	0
rs79123511	1	0	0	0	1
rs7912932	1	1	0	0	0
rs79159746	1	1	1	0	0
rs7915981	1	0	0	0	0
rs79167357	1	1	0	0	0
rs79221939	1	1	0	0	0
rs79229906	1	0	0	0	0
rs79236354	1	1	0	0	0
rs79249162	1	1	0	0	0
rs79249867	1	0	0	0	0
rs79286004	1	0	0	0	1
rs79308483	1	1	0	0	1
rs79357398	1	1	0	0	0
rs79365245	1	0	0	0	0
rs79390035	1	1	0	0	0
rs79401451	1	1	0	0	0
rs79459050	1	0	0	0	0
rs79472777	1	1	0	0	1
rs79506791	1	0	0	0	0
rs79517383	1	0	0	0	0
rs79521608	1	1	0	0	0
rs79540877	1	1	0	0	1
rs7956691	1	1	0	0	1
rs7961772	1	1	1	0	1
rs79724598	1	1	0	0	1
rs7984926	1	0	0	0	0
rs7985205	1	1	1	1	0
rs7986578	1	1	0	0	0
rs7988846	1	1	0	0	0
rs79893464	1	1	1	1	0
rs7989377	1	0	0	0	0
rs79895590	1	0	0	0	0
rs7989738	1	1	0	0	0
rs79903675	1	1	0	0	0
rs79936580	1	1	0	0	0
rs7994657	1	1	0	0	0
rs7995002	1	1	0	0	0
rs79968675	1	1	0	0	1
rs7997041	1	0	0	0	0
rs7997858	1	0	0	0	0
rs7998180	1	0	0	0	0
rs79994966	1	1	0	0	0
rs80047508	1	1	0	0	0
rs80061972	1	1	0	0	1
rs80178851	1	1	0	0	0
rs80188054	1	0	0	0	1
rs80255138	1	1	0	0	1
rs80261486	1	1	0	0	0
rs80308090	1	0	0	0	0
rs80350806	1	0	0	0	0
rs8043757	1	1	0	0	0
rs8047587	1	1	0	0	1
rs8050136	1	1	1	0	0
rs8051591	1	1	0	0	0
rs8057044	1	1	0	0	0
rs8063057	1	1	0	0	0
rs8109472	1	1	0	0	0
rs8124775	1	1	0	0	0
rs847888	1	0	0	0	0
rs851516	1	0	0	0	1
rs867408	1	0	0	0	0
rs867409	1	0	0	0	0
rs867410	1	1	0	0	0
rs880671	1	1	0	0	1
rs885005	1	1	0	0	0
rs885219	1	1	0	0	0
rs892448	1	1	0	0	1
rs920170	1	0	0	0	0
rs924612	1	1	0	0	1
rs9263761	1	0	0	0	1
rs9263788	1	1	0	0	1
rs9264242	1	0	0	0	1
rs9264416	1	0	0	0	1
rs9264423	1	0	0	0	1
rs9264442	1	0	1	0	1
rs9264456	1	0	1	0	1
rs9264486	1	0	0	0	1
rs9264679	1	1	1	0	1
rs9264731	1	0	0	0	1
rs9264732	1	0	0	0	1
rs9264734	1	0	0	0	1
rs9264736	1	0	0	0	1
rs9264737	1	0	0	0	1
rs9264738	1	0	0	0	1
rs9264739	1	0	0	0	1
rs9264742	1	0	0	0	1
rs9264745	1	0	0	0	1
rs9264746	1	0	0	0	1
rs9264747	1	0	0	0	1
rs9264749	1	0	0	0	1
rs9264761	1	0	0	0	1
rs9264763	1	0	0	0	1
rs9281268	1	0	0	0	0
rs9292468	1	0	0	0	1
rs9293135	1	1	0	0	0
rs9293137	1	0	0	0	0
rs9293138	1	0	0	0	0
rs9308802	1	0	0	0	0
rs9308803	1	0	0	0	0
rs9312024	1	1	1	1	1
rs9312025	1	1	0	0	1
rs931517	1	1	0	0	1
rs931685	1	1	0	1	1
rs931686	1	1	0	1	1
rs9318466	1	0	0	0	0
rs9318468	1	0	0	0	1
rs9318469	1	1	0	0	1
rs9332419	1	1	0	0	0
rs950511	1	1	0	0	0
rs9506015	1	1	0	0	0
rs9506016	1	1	0	0	0
rs9506017	1	1	0	0	0
rs9506018	1	1	0	0	0
rs9506023	1	0	0	0	0
rs9508062	1	1	1	0	0
rs9508063	1	1	0	0	0
rs9508064	1	1	0	0	0
rs9508092	1	1	1	0	0
rs9508094	1	0	0	0	0
rs9508104	1	1	0	0	0
rs9530624	1	0	0	0	1
rs9530626	1	0	0	0	1
rs9530631	1	1	0	0	0
rs9530635	1	1	1	0	1
rs9544419	1	0	0	0	1
rs9544438	1	0	0	0	1
rs9544452	1	1	1	0	0
rs9544460	1	1	0	0	1
rs9550383	1	1	0	0	0
rs9550384	1	1	0	0	0
rs9550389	1	1	0	0	0
rs9551526	1	1	1	0	0
rs9551527	1	1	1	0	0
rs9551528	1	1	1	0	0
rs9551529	1	0	0	0	0
rs9574026	1	0	0	0	1
rs966120	1	1	0	0	0
rs9678412	1	1	0	0	1
rs9695680	1	0	0	0	1
rs9696818	1	0	0	0	1
rs975369	1	0	0	0	0
rs9788300	1	0	0	0	1
rs9810512	1	1	1	1	1
rs9814240	1	1	0	0	1
rs9818672	1	1	0	0	1
rs9827267	1	1	0	0	1
rs9831647	1	1	1	1	1
rs9832427	1	1	0	0	1
rs9836284	1	1	0	0	1
rs9836404	1	1	0	0	1
rs9850919	1	1	0	0	0
rs9854497	1	1	1	0	1
rs985577	1	1	1	0	0
rs985578	1	0	0	0	0
rs9864972	1	1	0	0	1
rs9865627	1	1	0	0	1
rs9875641	1	1	1	0	1
rs9877344	1	1	1	0	1
rs9882165	1	1	1	1	1
rs9922619	1	0	0	0	1
rs9922708	1	1	0	0	1
rs9923147	1	1	0	0	1
rs9923233	1	1	0	0	0
rs9923312	1	1	0	0	0
rs9923544	1	1	0	0	1
rs9926289	1	1	0	0	0
rs9928094	1	1	0	0	1
rs9930397	1	1	0	0	1
rs9930501	1	0	0	0	1
rs9930506	1	0	0	0	1
rs9931494	1	0	0	0	1
rs9931900	1	1	0	0	1
rs9932754	1	0	0	0	1
rs9933040	1	1	1	0	1
rs9933509	1	1	0	0	1
rs9935401	1	1	0	0	0
rs9936385	1	1	0	0	0
rs9937053	1	1	0	0	1
rs9937354	1	1	0	0	1
rs9937521	1	1	0	0	1
rs9937709	1	1	0	0	1
rs9939609	1	1	0	0	0
rs9939973	1	1	1	0	1
rs9940128	1	1	1	0	1
rs9940278	1	1	0	0	1
rs9940646	1	1	1	0	1
rs9941349	1	1	0	0	1
rs9972653	1	1	0	0	0
rs9976946	1	1	1	0	0
rs9986025	1	0	0	0	0
