roadmap_18-enh_prom_1284	snp_encode_tfbs_367
rs10000013	1	0
rs10043129	1	0
rs10048648	1	1
rs10048683	1	0
rs10059884	1	0
rs1008003	1	0
rs10161889	1	0
rs1016646	1	1
rs10170359	1	0
rs10182857	1	0
rs10192364	1	1
rs10202478	1	0
rs1030730	1	0
rs10437061	1	0
rs10462252	1	0
rs10468280	1	0
rs10493437	1	0
rs10493438	1	1
rs10493440	1	0
rs10506011	1	0
rs10512269	1	0
rs10534038	1	1
rs10587183	1	0
rs10648333	1	1
rs10651466	1	1
rs1065711	1	1
rs10710779	1	1
rs10713268	1	0
rs10718688	1	1
rs10736422	1	0
rs10743565	1	0
rs10760707	1	0
rs10760708	1	0
rs10760721	1	1
rs10760722	1	0
rs10774624	1	0
rs10774625	1	0
rs10799466	1	0
rs10819725	1	0
rs10819726	1	0
rs10819727	1	0
rs10819729	1	1
rs10819740	1	0
rs10819741	1	0
rs10819747	1	0
rs10857147	1	0
rs10883969	1	0
rs10890177	1	0
rs10915708	1	0
rs10988932	1	0
rs10988948	1	1
rs10988955	0	1
rs10988956	1	0
rs10988960	1	0
rs10988964	1	0
rs10988966	1	0
rs10988967	1	1
rs10988972	1	1
rs10988977	1	0
rs10988978	1	0
rs10988979	1	0
rs10988981	1	0
rs10988982	1	0
rs10988988	1	0
rs10988989	1	0
rs10989010	1	0
rs10989013	1	0
rs10989015	1	0
rs10989017	1	0
rs10989018	1	1
rs10989019	1	1
rs10989020	1	0
rs11065987	1	0
rs11065991	1	1
rs11075985	1	0
rs11075988	1	0
rs11075989	1	0
rs11075990	1	0
rs11075991	1	0
rs11075992	1	0
rs11075993	1	0
rs11125082	1	0
rs11126335	1	1
rs11126336	1	0
rs11126339	1	0
rs11126340	1	0
rs11126364	1	0
rs11126375	1	0
rs111279592	1	1
rs111408454	1	0
rs111448534	1	0
rs111472572	1	1
rs11147336	1	1
rs111587904	1	0
rs111815885	1	1
rs111945690	1	0
rs112058697	1	0
rs11210563	1	0
rs11210570	1	0
rs112131579	1	0
rs1121980	1	1
rs112632364	1	0
rs112652609	1	0
rs112656440	1	0
rs11267660	1	1
rs11286148	1	1
rs112862994	1	0
rs113039174	1	1
rs11315031	1	0
rs11316130	1	1
rs113289271	1	1
rs113314924	1	0
rs11383131	1	0
rs11384453	1	0
rs113935429	1	0
rs114083374	1	0
rs114250359	1	0
rs114540413	1	0
rs114703480	1	1
rs11513729	1	0
rs11515540	1	0
rs11572427	1	0
rs11572435	1	1
rs11572443	1	0
rs11572454	1	0
rs11576344	1	0
rs11577589	0	1
rs11585218	1	0
rs11585774	1	0
rs1158715	1	0
rs11608432	1	0
rs11608752	1	0
rs11609470	1	0
rs11614041	1	0
rs11614123	1	0
rs11614617	1	0
rs11614652	1	0
rs11615177	1	1
rs11617740	1	0
rs11617946	1	0
rs11619087	1	1
rs11619261	1	0
rs11619581	1	0
rs11619589	1	0
rs11642015	1	1
rs116422234	1	0
rs11649091	1	0
rs11677219	1	1
rs11678157	1	1
rs116802846	1	1
rs11687911	1	0
rs11695165	1	0
rs117018584	1	0
rs11707002	1	1
rs11719139	1	0
rs1173727	1	0
rs1173743	1	0
rs1173747	1	0
rs1173756	1	0
rs1173766	1	0
rs1173768	1	0
rs1173771	1	1
rs117484894	1	0
rs1177764	1	0
rs11789482	1	0
rs11999915	1	0
rs12003061	1	0
rs12003124	1	0
rs12003468	1	0
rs12027526	1	0
rs12028757	1	0
rs12042133	1	0
rs12047406	1	1
rs12050029	1	1
rs12149574	1	0
rs12149832	1	0
rs12163653	1	0
rs12262273	1	0
rs12263214	1	0
rs12377835	1	1
rs12469163	1	0
rs12470532	1	0
rs12471809	1	0
rs12473626	1	1
rs12474287	1	0
rs12475854	1	1
rs12476190	1	0
rs1248993	0	1
rs12509595	1	0
rs12561919	1	0
rs12563946	1	0
rs12564002	1	0
rs12565990	1	0
rs12566905	1	0
rs12567119	1	0
rs12567136	1	0
rs12614054	1	0
rs12622286	1	0
rs12641856	1	1
rs1265564	1	0
rs1265565	1	0
rs12656497	1	1
rs12697651	0	1
rs12697652	0	1
rs12715649	1	0
rs12715650	1	0
rs12715651	1	1
rs12723476	1	0
rs12724974	1	0
rs12738035	1	0
rs12743080	1	0
rs12750129	1	0
rs12756498	1	0
rs12774734	1	1
rs12775406	1	0
rs12986653	1	1
rs12986899	1	0
rs13001507	1	1
rs13002880	1	0
rs13003074	1	0
rs13005507	1	0
rs13007198	1	0
rs13007688	1	0
rs13020043	1	0
rs13020237	1	0
rs13023346	1	0
rs13024277	1	0
rs13024414	1	0
rs13024546	1	0
rs13030579	1	1
rs13030858	1	0
rs1305081	1	1
rs13075586	1	0
rs13125101	1	1
rs13149993	1	0
rs1323038	1	0
rs13250760	1	1
rs1325504	1	0
rs13267655	1	0
rs1327711	1	0
rs13280366	1	1
rs13306553	1	1
rs13306556	1	1
rs13306561	1	1
rs13323913	1	1
rs13323921	1	1
rs13414755	1	0
rs13415031	1	0
rs13418371	1	1
rs1345597	1	1
rs1371553	1	1
rs138252948	1	0
rs138382362	1	0
rs138473600	1	0
rs139348312	1	0
rs139569786	1	0
rs139756876	1	0
rs140250078	1	0
rs140586031	1	0
rs1408948	1	0
rs141014640	1	0
rs141240724	1	0
rs141326273	1	0
rs141488232	1	0
rs1415927	1	0
rs1421085	1	1
rs1421086	1	0
rs142218582	1	1
rs142489028	1	0
rs142774631	1	0
rs142880174	1	0
rs14297	1	0
rs143241023	1	0
rs1434079	1	1
rs143553702	1	1
rs143686796	1	0
rs143847935	1	0
rs144340461	1	0
rs144727070	1	0
rs144744389	1	1
rs144795462	1	1
rs1449569	1	0
rs145405535	1	0
rs145421873	1	0
rs1456204	1	0
rs145628269	1	0
rs145641960	1	0
rs145724263	1	0
rs1458038	1	0
rs146438129	1	1
rs146777460	1	0
rs1470096	1	0
rs1470097	1	0
rs147033539	1	0
rs147124396	1	0
rs148003836	1	0
rs148054583	1	0
rs148063150	1	1
rs148273372	1	0
rs148317339	1	0
rs1488366	1	0
rs149002827	1	0
rs149090958	1	1
rs1493586	1	0
rs1493587	1	0
rs1493588	1	0
rs1493590	1	0
rs149393118	1	1
rs149427560	1	1
rs149433236	1	0
rs149555792	1	0
rs149764880	1	0
rs150081366	1	0
rs150165613	1	0
rs150515479	1	1
rs1505886	0	1
rs1529195	1	1
rs1530621	1	1
rs1530624	1	0
rs1537514	1	1
rs1537515	1	1
rs1537516	1	1
rs1550381	1	1
rs1550382	1	1
rs1553398	1	0
rs1553399	1	0
rs1556832	1	0
rs1558901	1	0
rs1558902	1	0
rs1560868	1	1
rs1562687	1	0
rs1572881	1	1
rs1574448	1	0
rs1574449	1	0
rs1597040	1	0
rs1642645	1	1
rs1648392	1	0
rs16873895	1	1
rs16873909	1	0
rs16919002	1	0
rs16919024	1	0
rs16931328	1	0
rs16998073	1	0
rs17023943	1	0
rs17024019	1	0
rs17037388	1	1
rs17037390	1	1
rs17037396	1	0
rs17037425	1	0
rs17037427	1	0
rs17037429	1	0
rs17037432	1	0
rs17037434	1	0
rs17037435	1	0
rs17037452	1	0
rs17040322	1	0
rs17044977	1	0
rs17067242	1	0
rs17087026	1	0
rs17092258	1	1
rs17092492	1	1
rs17126347	1	1
rs17130574	1	0
rs17130583	1	0
rs17130585	1	0
rs171839	1	1
rs17189980	1	1
rs17195603	1	0
rs17195631	1	0
rs17195637	1	0
rs17196290	1	1
rs17356664	1	0
rs17367504	1	1
rs17367629	1	1
rs17376286	1	0
rs17402108	1	1
rs17402857	1	1
rs17403667	1	0
rs17404179	1	1
rs17412582	1	0
rs17412623	1	0
rs17412734	1	0
rs17412740	1	0
rs17419467	1	0
rs17421560	1	1
rs17480623	1	1
rs17480721	1	0
rs17480784	1	0
rs17480798	1	0
rs17480903	1	0
rs17481043	1	0
rs17481320	1	1
rs17482515	1	1
rs17490756	1	0
rs17490805	1	0
rs17490847	1	0
rs1754989	1	0
rs1754991	1	0
rs17555115	1	0
rs17628742	1	0
rs17629979	1	0
rs17635718	1	0
rs17636747	1	1
rs17686743	1	0
rs1776565	1	0
rs1776566	1	0
rs17784233	1	0
rs17787916	1	0
rs17787940	1	1
rs17817004	1	0
rs17817449	1	0
rs17817497	1	1
rs17817712	1	0
rs17817964	1	1
rs180711087	0	1
rs181793400	1	1
rs1818146	1	0
rs183173	1	1
rs1847842	1	0
rs1847843	1	0
rs1869081	1	0
rs1873944	1	0
rs1900591	1	0
rs1902859	1	0
rs1947220	1	0
rs1994876	1	0
rs199952722	1	0
rs2001181	1	1
rs200198255	1	1
rs2005365	1	1
rs200750151	1	0
rs2013002	1	0
rs201340576	1	0
rs201399553	1	0
rs201940822	1	0
rs202031558	1	0
rs202099530	1	0
rs202201784	1	0
rs2043451	1	1
rs2053367	1	0
rs2060392	1	0
rs2066462	1	0
rs2066470	1	1
rs2073719	1	0
rs2075538	1	0
rs2076001	1	0
rs2076002	1	0
rs2084679	0	1
rs2086886	1	0
rs2117278	1	0
rs2117279	1	0
rs2117280	1	0
rs2121698	1	0
rs2121700	1	0
rs2122270	1	0
rs2122714	1	0
rs2151654	1	1
rs2162369	1	0
rs2167037	1	0
rs2169990	1	0
rs2184227	1	1
rs2197901	1	0
rs2218727	1	0
rs2236796	1	0
rs2236797	1	0
rs2240065	1	0
rs2243834	1	0
rs2276555	1	0
rs2279720	1	1
rs2289021	1	1
rs2289022	1	0
rs2296282	1	1
rs2319469	1	0
rs2329028	0	1
rs2329029	1	0
rs236717	1	0
rs236719	1	0
rs236720	1	0
rs2384321	1	0
rs2384322	1	1
rs2384323	1	0
rs2384324	1	0
rs238675	1	1
rs2416986	0	1
rs2433349	1	0
rs2453273	0	1
rs2453274	1	0
rs2453332	0	1
rs2453338	1	0
rs2463765	1	0
rs2463771	0	1
rs2463772	1	0
rs2471046	0	1
rs2471047	0	1
rs2480482	1	0
rs259979	1	0
rs259983	1	0
rs259990	1	1
rs260013	1	0
rs260014	1	0
rs260015	1	0
rs260017	0	1
rs260020	1	0
rs270534	1	1
rs270543	1	1
rs270547	1	0
rs270578	1	0
rs270594	1	1
rs2826533	1	0
rs28360972	1	1
rs28360974	1	1
rs28429148	1	1
rs28498059	1	1
rs28522795	1	0
rs28562191	1	0
rs28567725	1	0
rs28699126	1	0
rs2881322	1	1
rs2886564	1	0
rs2891490	1	1
rs2897661	1	0
rs2903657	1	1
rs3062379	1	0
rs3094226	1	0
rs3094606	1	1
rs3094607	1	0
rs3094608	1	0
rs3094609	1	1
rs3094610	1	1
rs3095237	1	1
rs3095238	1	1
rs3095246	1	1
rs3130460	1	1
rs3130461	1	1
rs3130462	1	1
rs3130463	1	1
rs3130468	1	0
rs3130503	1	1
rs3130509	1	0
rs3130512	1	0
rs3130515	1	0
rs3130516	1	0
rs3130575	1	0
rs3130950	1	0
rs3130952	1	0
rs3131011	1	0
rs3131017	1	0
rs3132490	1	0
rs3132491	1	0
rs3132501	1	0
rs3132503	1	0
rs3132504	1	0
rs3132507	1	0
rs3132508	1	0
rs3132509	1	0
rs3132511	1	0
rs3132517	1	0
rs3132539	1	0
rs3132540	1	1
rs3134748	1	1
rs3177055	1	1
rs3184504	1	1
rs34056739	1	0
rs34077229	1	0
rs34096624	1	1
rs34161434	1	0
rs34206194	0	1
rs34324771	1	0
rs34377174	1	0
rs34377596	1	0
rs34386892	1	1
rs34401764	1	1
rs34422769	1	1
rs34509173	1	0
rs34536218	1	0
rs34573741	1	1
rs34627841	1	0
rs34628847	1	0
rs34651751	1	1
rs34653545	1	0
rs34663368	1	0
rs34670695	0	1
rs346746	1	0
rs346747	1	0
rs346748	1	1
rs346750	0	1
rs34766024	1	0
rs348139	1	0
rs34854267	1	1
rs34860915	1	0
rs34929018	1	0
rs35024516	1	0
rs35156964	1	0
rs35185630	1	0
rs35224700	1	1
rs35242283	1	1
rs35271799	1	0
rs35345671	1	0
rs35350651	1	0
rs35413760	1	1
rs35464336	1	1
rs35509718	1	0
rs35528467	1	1
rs35569326	1	0
rs35607685	1	0
rs35673104	1	0
rs35709953	1	0
rs35732202	1	0
rs35739399	1	1
rs35748675	1	0
rs35787518	1	1
rs35800447	1	0
rs35801039	0	1
rs35844686	1	0
rs35993804	1	1
rs36006825	1	1
rs36029635	1	0
rs36075189	1	1
rs36077893	1	1
rs36080326	1	0
rs36099818	1	0
rs3732986	1	0
rs3732987	1	0
rs3732988	1	0
rs3751812	1	1
rs3751814	1	0
rs3753582	1	1
rs3753584	1	1
rs3753588	1	1
rs3754357	1	1
rs375874152	1	1
rs3766747	1	0
rs3768331	1	1
rs3774218	1	0
rs3774219	1	0
rs3774220	1	0
rs3774221	1	1
rs3774222	1	1
rs3774223	1	1
rs3786066	1	1
rs3795768	1	1
rs3814045	1	0
rs3820192	1	1
rs3834043	1	1
rs3834044	1	1
rs3834045	1	1
rs3836783	1	0
rs3840194	1	0
rs3845574	1	0
rs3856258	1	0
rs3856259	1	0
rs3856396	1	0
rs3910272	1	1
rs3955310	1	0
rs41275458	1	1
rs41275472	1	0
rs41275488	1	0
rs41285975	1	0
rs41307759	1	0
rs41343448	1	0
rs41373744	1	0
rs41401348	1	0
rs4143538	1	0
rs4143966	1	0
rs4143967	1	0
rs4233708	1	1
rs4233709	1	1
rs4233710	1	1
rs4262813	1	0
rs4268650	1	0
rs4268651	1	0
rs430409	1	0
rs4312543	1	0
rs4343960	1	0
rs4455523	1	0
rs4508782	1	0
rs4549147	1	0
rs45553335	1	1
rs45589544	1	1
rs45603435	1	0
rs4563285	1	0
rs459588	1	0
rs4612028	1	0
rs4655789	1	0
rs4660210	1	0
rs4660585	1	1
rs4660586	1	0
rs4660587	1	0
rs4660595	1	0
rs4665299	1	1
rs4665303	1	0
rs4665304	1	0
rs4665305	1	0
rs4665306	1	0
rs4665308	1	0
rs4665309	1	0
rs4665809	1	0
rs4665811	1	0
rs4665812	1	0
rs4665813	1	0
rs4665814	1	0
rs4665816	1	0
rs4665817	1	0
rs4665819	1	1
rs4665820	1	1
rs4665821	1	1
rs4665822	1	0
rs4665823	1	0
rs4665826	1	0
rs4766578	1	0
rs4769602	1	1
rs4769612	1	1
rs4769613	1	1
rs4769628	1	1
rs4816836	1	0
rs4846798	1	0
rs4846799	1	0
rs4880372	1	1
rs4880374	1	1
rs4880376	1	1
rs4885453	1	1
rs4921708	1	1
rs4921713	1	0
rs4922177	1	1
rs4922178	1	1
rs4922179	1	1
rs4922187	1	1
rs4922189	1	0
rs4952830	1	0
rs4953379	0	1
rs4953387	1	0
rs4953388	1	0
rs4953389	1	0
rs4953390	1	0
rs4953397	1	0
rs5023913	1	0
rs545754411	1	1
rs547926242	1	0
rs55645287	1	1
rs556787691	1	0
rs55685198	1	0
rs55728339	1	0
rs55738118	1	0
rs55738737	1	0
rs55754287	1	1
rs55773920	1	0
rs55780505	1	1
rs55787711	1	0
rs55788159	1	0
rs55800247	1	0
rs55814225	1	0
rs55820567	1	1
rs55836203	1	0
rs55851065	1	0
rs55857306	1	0
rs55867221	1	1
rs55872725	1	1
rs55873067	1	0
rs55873222	1	0
rs55873785	1	1
rs55890341	1	0
rs55893390	1	0
rs55927955	1	1
rs55929441	1	1
rs55967531	1	0
rs55968150	1	0
rs55990055	1	0
rs55994631	1	0
rs56001051	1	0
rs56094641	1	0
rs56123155	1	1
rs56136608	1	0
rs56137757	1	1
rs56153133	1	0
rs56157706	1	0
rs56166620	1	0
rs56171374	1	0
rs56178811	1	1
rs56221660	1	0
rs56260590	1	0
rs56313538	1	0
rs56313628	1	0
rs56336074	0	1
rs56692848	1	0
rs567163678	1	0
rs57292959	1	0
rs57396208	1	0
rs57418210	1	0
rs57441762	1	0
rs57710852	1	1
rs5780956	1	0
rs57818221	1	0
rs57875316	1	0
rs5797201	1	1
rs58068200	1	0
rs58147233	1	0
rs5829992	1	0
rs5829994	1	0
rs5829995	1	1
rs5829996	1	1
rs5829998	1	0
rs5829999	1	1
rs58501663	1	0
rs58860447	1	0
rs591576	1	0
rs598945	1	1
rs59909742	1	1
rs59999980	1	0
rs60011653	1	0
rs60128410	1	1
rs6026739	1	0
rs6026740	1	0
rs6026742	1	0
rs60591302	1	0
rs60595950	1	0
rs606861	1	0
rs6139878	1	0
rs6139879	1	0
rs6139882	1	1
rs6139886	1	0
rs61523912	1	0
rs61920162	1	1
rs61920184	1	1
rs61920188	1	1
rs61920191	1	1
rs61920578	1	0
rs61920587	1	0
rs61920588	1	0
rs61920590	1	0
rs61920591	1	1
rs61920593	1	0
rs61920594	1	0
rs61920601	1	0
rs62033399	1	0
rs62033400	1	1
rs62033403	1	0
rs62033404	1	0
rs62033405	1	0
rs62033408	1	1
rs62033413	1	0
rs62048402	1	0
rs62128394	1	1
rs62134698	1	0
rs62238098	1	0
rs62349562	1	0
rs62454590	0	1
rs62454591	1	0
rs62454592	1	0
rs624575	1	0
rs639559	1	0
rs6443193	1	0
rs6443194	1	0
rs6479004	1	0
rs6479005	1	1
rs6490321	1	0
rs6490322	1	0
rs6490323	1	1
rs653178	1	1
rs6541001	1	0
rs6544898	1	0
rs6546715	1	0
rs6546716	1	0
rs6546725	1	0
rs6546726	1	0
rs6546727	1	0
rs6546728	1	0
rs6546729	1	0
rs6546736	1	1
rs6546744	1	0
rs6546749	1	0
rs6546780	1	0
rs6563695	1	1
rs6586910	1	0
rs6600394	1	0
rs662560	1	1
rs6660579	1	0
rs6665802	1	0
rs6681177	1	0
rs6684076	1	1
rs6687229	1	0
rs6688187	1	0
rs6689536	1	0
rs6690530	1	0
rs66908032	1	0
rs6691440	1	0
rs6695748	1	0
rs6696291	1	0
rs6697335	1	0
rs6698877	1	0
rs6699270	1	0
rs6699618	1	1
rs6699827	1	0
rs6701960	1	0
rs6703535	1	0
rs6704930	1	0
rs6705	1	0
rs670513	1	0
rs6709595	1	0
rs6715739	1	0
rs6718875	1	1
rs6720012	1	0
rs6720312	1	0
rs6720314	1	0
rs6727978	1	0
rs6729080	1	0
rs6729191	1	0
rs6729757	1	0
rs6729795	1	0
rs6733782	1	1
rs6735145	1	0
rs6739061	1	1
rs6742226	1	0
rs6748745	1	1
rs6749855	1	0
rs6750681	1	0
rs6750695	1	0
rs6757564	1	0
rs6758545	1	0
rs6763808	1	0
rs6776597	1	1
rs6777858	1	0
rs6784560	1	1
rs6784926	1	0
rs6786026	1	0
rs67915086	1	0
rs6798584	1	0
rs6799564	1	0
rs6802843	1	0
rs6806939	1	0
rs6809788	1	0
rs681239	1	0
rs6823315	1	0
rs6845482	1	0
rs6864434	1	0
rs6867061	0	1
rs687532	1	0
rs6892196	0	1
rs6892384	0	1
rs689277	0	1
rs7018703	0	1
rs7020780	1	1
rs702225	1	0
rs7026567	1	0
rs7028564	1	1
rs7035379	1	0
rs7041818	1	0
rs7047030	1	0
rs7047193	1	0
rs708119	1	1
rs70965614	1	0
rs71102742	1	0
rs71399348	1	1
rs71588946	1	0
rs71643432	1	0
rs71643434	1	0
rs71643436	1	0
rs71643439	1	0
rs7185735	1	0
rs71863246	1	0
rs7187250	1	0
rs718849	1	0
rs7190396	1	0
rs7193144	1	0
rs7199697	0	1
rs7201850	1	0
rs7202116	1	1
rs7202296	1	0
rs7206122	1	0
rs7206410	1	0
rs7206629	1	1
rs721324	1	0
rs72209985	1	0
rs72477988	0	1
rs72638684	1	0
rs72640206	1	0
rs72640208	1	1
rs72640210	1	0
rs72640221	1	1
rs72640243	1	0
rs72640244	1	0
rs72640247	1	0
rs72640249	1	0
rs72640251	1	0
rs72640252	1	0
rs72640253	1	0
rs72640257	1	0
rs72640258	1	0
rs72640262	1	0
rs72640267	1	0
rs72656599	1	0
rs72670459	1	0
rs72717947	1	0
rs727839	1	0
rs728009	1	1
rs72803697	1	0
rs72805613	1	0
rs72807800	1	0
rs72807801	1	0
rs72823859	1	1
rs72881449	1	0
rs72881458	1	0
rs72940979	0	1
rs72951526	1	0
rs72951541	1	0
rs72951580	1	0
rs72965622	1	0
rs72965624	1	0
rs72965628	1	0
rs72965634	0	1
rs72965644	1	0
rs72965662	1	1
rs72965663	1	0
rs72965667	1	0
rs72965692	1	0
rs72965696	1	0
rs72967504	1	0
rs72967512	1	0
rs72967534	1	0
rs72967551	1	1
rs73036519	1	1
rs7304091	1	1
rs7310615	1	0
rs7313538	1	1
rs7314838	1	0
rs7316091	1	0
rs7318880	1	1
rs7319081	1	0
rs7320371	1	1
rs73205052	1	0
rs7322722	1	1
rs7324014	1	0
rs7325774	1	0
rs7328012	1	0
rs7328374	1	0
rs73306874	1	0
rs73306876	1	0
rs7336711	1	0
rs7337148	1	0
rs7340583	1	0
rs73437395	1	0
rs73437396	1	0
rs73437398	1	1
rs73491426	1	1
rs73491437	1	0
rs73491439	1	1
rs73491441	1	1
rs73491444	1	0
rs73491451	1	0
rs73491452	1	1
rs73505717	1	1
rs73505783	1	0
rs73505786	1	0
rs73505791	1	0
rs7383157	1	1
rs73846673	1	0
rs73846687	1	0
rs73846688	1	0
rs73846691	1	0
rs73846698	1	0
rs73846699	1	1
rs73846701	1	1
rs73846702	1	1
rs73847803	1	1
rs73847805	1	1
rs739396	1	0
rs739622	1	0
rs74449862	1	0
rs74528067	1	0
rs74647103	1	0
rs74789551	1	0
rs74796778	1	1
rs74871003	1	1
rs74911485	1	0
rs75023402	1	0
rs75029217	1	0
rs750450	1	0
rs750451	1	0
rs750452	1	0
rs75045913	1	0
rs75119017	1	0
rs75293382	1	0
rs7541929	1	0
rs75450815	1	0
rs75458063	1	1
rs75458494	1	0
rs7546128	1	0
rs75481516	1	0
rs75482070	1	0
rs7550497	1	0
rs7550500	1	0
rs75506669	1	0
rs7553194	1	0
rs75544774	1	0
rs75556460	1	0
rs7564025	1	0
rs7565843	1	1
rs75660387	1	1
rs75685382	1	1
rs75686810	1	0
rs75711918	1	0
rs7571588	1	0
rs7573118	1	0
rs7573362	1	0
rs75742992	1	1
rs7576192	1	0
rs7579169	1	0
rs7579199	1	0
rs75825288	1	1
rs7585379	1	0
rs75887598	1	0
rs7588802	1	0
rs75892143	1	0
rs75899922	1	0
rs75928944	1	0
rs7593786	1	0
rs7597283	1	0
rs75977630	1	0
rs7599132	1	0
rs76002310	1	0
rs76013261	1	1
rs7602922	1	0
rs7606351	1	0
rs7607681	1	0
rs7610571	1	0
rs7616573	1	0
rs76204897	1	0
rs7622989	1	0
rs7624569	1	0
rs76260192	1	0
rs76277717	1	0
rs7629532	1	0
rs7632129	1	0
rs7635073	1	0
rs7637683	1	0
rs76395516	1	1
rs7642504	1	0
rs7646101	1	0
rs76461998	1	0
rs76495904	1	0
rs76592385	1	0
rs76634393	1	1
rs76668454	1	1
rs76675491	1	0
rs76831104	1	0
rs76842137	1	0
rs76900195	0	1
rs7692744	1	0
rs76943317	1	1
rs76998658	1	0
rs77020154	1	0
rs77137495	1	0
rs77171792	1	0
rs77215029	1	0
rs7733331	1	0
rs77401923	1	0
rs77483627	1	0
rs77513584	1	1
rs77591190	1	0
rs77726241	0	1
rs77764698	1	0
rs77814591	1	1
rs77843811	1	0
rs77997282	1	0
rs78106512	1	0
rs78269931	1	1
rs78302204	1	0
rs78362822	1	1
rs78385622	1	0
rs784103	1	0
rs78412528	1	1
rs7849323	1	0
rs78494481	1	0
rs78517370	1	0
rs7853497	1	1
rs7853585	1	1
rs7854689	1	0
rs7856932	1	0
rs7858119	1	0
rs7858208	1	0
rs78584389	1	1
rs78624573	1	0
rs7865483	1	0
rs7866669	1	0
rs7866700	1	1
rs7866950	1	0
rs7868446	1	0
rs7868632	1	0
rs7870469	1	0
rs78718649	1	1
rs7872897	1	0
rs7873545	1	0
rs78846039	1	0
rs78873262	1	0
rs78927221	0	1
rs7896013	1	0
rs78992414	1	0
rs79078871	1	0
rs79088356	1	0
rs7909337	1	0
rs79111533	1	0
rs7912932	1	0
rs79159746	1	1
rs79167357	1	0
rs79221939	1	0
rs79236354	1	0
rs79249162	1	0
rs79308483	1	0
rs79357398	1	0
rs79390035	1	0
rs79401451	1	0
rs79472777	1	0
rs79521608	1	0
rs79540877	1	0
rs7956691	1	0
rs7961772	1	1
rs79724598	1	0
rs7985205	1	1
rs7986578	1	0
rs7988846	1	0
rs79893464	1	1
rs7989738	1	0
rs79903675	1	0
rs79936580	1	0
rs7994657	1	0
rs7995002	1	0
rs79968675	1	0
rs79994966	1	0
rs80047508	1	0
rs80061972	1	0
rs80178851	1	0
rs80255138	1	0
rs80261486	1	0
rs8043757	1	0
rs8047587	1	0
rs8050136	1	1
rs8051591	1	0
rs8057044	1	0
rs8063057	1	0
rs8109472	1	0
rs8124775	1	0
rs867410	1	0
rs880671	1	0
rs885005	1	0
rs885219	1	0
rs892448	1	0
rs924612	1	0
rs9263788	1	0
rs9264442	0	1
rs9264456	0	1
rs9264679	1	1
rs9293135	1	0
rs9312024	1	1
rs9312025	1	0
rs931517	1	0
rs931685	1	0
rs931686	1	0
rs9318469	1	0
rs9332419	1	0
rs950511	1	0
rs9506015	1	0
rs9506016	1	0
rs9506017	1	0
rs9506018	1	0
rs9508062	1	1
rs9508063	1	0
rs9508064	1	0
rs9508092	1	1
rs9508104	1	0
rs9530631	1	0
rs9530635	1	1
rs9544452	1	1
rs9544460	1	0
rs9550383	1	0
rs9550384	1	0
rs9550389	1	0
rs9551526	1	1
rs9551527	1	1
rs9551528	1	1
rs966120	1	0
rs9678412	1	0
rs9810512	1	1
rs9814240	1	0
rs9818672	1	0
rs9827267	1	0
rs9831647	1	1
rs9832427	1	0
rs9836284	1	0
rs9836404	1	0
rs9850919	1	0
rs9854497	1	1
rs985577	1	1
rs9864972	1	0
rs9865627	1	0
rs9875641	1	1
rs9877344	1	1
rs9882165	1	1
rs9922708	1	0
rs9923147	1	0
rs9923233	1	0
rs9923312	1	0
rs9923544	1	0
rs9926289	1	0
rs9928094	1	0
rs9930397	1	0
rs9931900	1	0
rs9933040	1	1
rs9933509	1	0
rs9935401	1	0
rs9936385	1	0
rs9937053	1	0
rs9937354	1	0
rs9937521	1	0
rs9937709	1	0
rs9939609	1	0
rs9939973	1	1
rs9940128	1	1
rs9940278	1	0
rs9940646	1	1
rs9941349	1	0
rs9972653	1	0
rs9976946	1	1
