dbsnp	chr	start	end	rsid	lncRNA	snp_info	source	alias	snps	Disease	Pubmed
rs10503679	chr8	20228007	20228008	rs10503679	NONHSAT215506.1	chr8;20370497;G;C	PMID24463510	ENSG00000253164	58	NA	NA
rs10503679	chr8	20228007	20228008	rs10503679	NONHSAT215507.1	chr8;20370497;G;C	PMID24463510	ENSG00000253164_dup1	63	NA	NA
rs10503679	chr8	20228007	20228008	rs10503679	NONHSAT125397.2	chr8;20370497;G;C	lncipedia	lnc-ATP6V1B2-3-2_dup1	48	NA	NA
rs1065711	chr6	31236852	31236853	rs1065711	NONHSAT208970.1	chr6;31269076;G;A	PMID24108091	m130128_074542_00126_c100457742550000001523064703201384_s1_p0/34830/ccs.path1	274	NA	NA
rs1065711	chr6	31236852	31236853	rs1065711	NONHSAT108747.2	chr6;31269076;G;A	NONCODEv4	NONHSAT108747	88	NA	NA
rs1065711	chr6	31236852	31236853	rs1065711	NONHSAT208973.1	chr6;31269076;G;A	PMID24108091	m121219_004319_00126_c100449542550000001523046302151303_s1_p0/34934/ccs.path1	436	NA	NA
rs1065711	chr6	31236852	31236853	rs1065711	NONHSAT208974.1	chr6;31269076;G;A	PMID24108091	m121219_073256_00126_c100449542550000001523046302151306_s1_p0/26889/ccs.path1	293	NA	NA
rs1065711	chr6	31236852	31236853	rs1065711	NONHSAT208971.1	chr6;31269076;G;A	PMID24108091	m130127_011620_00126_c100456792550000001523064703201340_s1_p0/21464/ccs.path1	198	NA	NA
rs1065711	chr6	31236852	31236853	rs1065711	NONHSAT208972.1	chr6;31269076;G;A	PMID24108091	m121212_180544_00126_c100418772550000001523036412191284_s2_p0/21373/ccs.path1	209	NA	NA
rs10760719	chr9	102937532	102937533	rs10760719	NONHSAT133711.2	chr9;100175251;T;C	NONCODEv4	NONHSAT133711	46	NA	NA
rs10890177	chr1	42506380	42506381	rs10890177	NONHSAT002727.2	chr1;42040710;T;C	NAME	HNRNPFP1	63	NA	NA
rs10915708	chr1	224935262	224935263	rs10915708	NONHSAT154663.1	chr1;224747561;G;A	PMID25116943	LCAT_00026524	57	NA	NA
rs10988981	chr9	102902931	102902932	rs10988981	NONHSAT133710.2	chr9;100140650;A;G	lncipedia	lnc-STX17-4-1_dup1,lnc-STX17-4-1	58	NA	NA
rs112131579	chr1	11837648	11837649	rs112131579	NONHSAT000912.2	chr1;11777592;A;C	gencode	ENST00000376620.3	114	NA	NA
rs11619581	chr13	29149864	29149865	rs11619581	NONHSAT165414.1	chr13;28575728;G;T	PMID25116943	LCAT_00066766	171	NA	NA
rs11619589	chr13	29149919	29149920	rs11619589	NONHSAT165414.1	chr13;28575783;G;A	PMID25116943	LCAT_00066766	171	NA	NA
rs117657404	chr8	20277060	20277061	rs117657404	NONHSAT217952.1	chr8;20419550;C;T	PMID25116943	LCAT_00244035	245	NA	NA
rs12050029	chr13	29227518	29227519	rs12050029	NONHSAT167418.1	chr13;28653382;A;G	PMID25116943	LCAT_00070878	52	NA	NA
rs12670768	chr7	25613245	25613246	rs12670768	NONHSAT214455.1	chr7;25573626;G;C	PMID25116943	LCAT_00233873	91	NA	NA
rs12986899	chr2	46660751	46660752	rs12986899	NONHSAT184591.1	chr2;46433613;A;C	lncipedia	lnc-ATP6V1E2-7-1_dup1	88	NA	NA
rs13306561	chr1	11865803	11865804	rs13306561	NONHSAT000917.2	chr1;11805747;A;G	PMID26117828	PNCT_HSA129214	49	NA	NA
rs139263101	chr3	87144003	87144004	rs139263101	NONHSAT090683.2	chr3;87094854;C;T	lncipedia	lnc-CHMP2B-1-5_dup1	280	NA	NA
rs139263101	chr3	87144003	87144004	rs139263101	NONHSAT194173.1	chr3;87094854;C;T	PMID24463510	ENSG00000232092	280	NA	NA
rs139437272	chr8	20274843	20274844	rs139437272	NONHSAT217952.1	chr8;20417333;A;G	PMID25116943	LCAT_00244035	245	NA	NA
rs141749915	chr3	87145056	87145057	rs141749915	NONHSAT194173.1	chr3;87095907;T;C	PMID24463510	ENSG00000232092	280	NA	NA
rs141749915	chr3	87145056	87145057	rs141749915	NONHSAT090683.2	chr3;87095907;T;C	lncipedia	lnc-CHMP2B-1-5_dup1	280	NA	NA
rs143745027	chr3	87144016	87144017	rs143745027	NONHSAT090683.2	chr3;87094867;A;G	lncipedia	lnc-CHMP2B-1-5_dup1	280	NA	NA
rs143745027	chr3	87144016	87144017	rs143745027	NONHSAT194173.1	chr3;87094867;A;G	PMID24463510	ENSG00000232092	280	NA	NA
rs145405535	chr9	102903310	102903311	rs145405535	NONHSAT133710.2	chr9;100141029;T;A	lncipedia	lnc-STX17-4-1_dup1,lnc-STX17-4-1	58	NA	NA
rs145595533	chr3	87147363	87147364	rs145595533	NONHSAT090683.2	chr3;87098214;G;A,C	lncipedia	lnc-CHMP2B-1-5_dup1	280	NA	NA
rs145595533	chr3	87147363	87147364	rs145595533	NONHSAT194173.1	chr3;87098214;G;A,C	PMID24463510	ENSG00000232092	280	NA	NA
rs146329832	chr3	87144214	87144215	rs146329832	NONHSAT090683.2	chr3;87095065;T;G	lncipedia	lnc-CHMP2B-1-5_dup1	280	NA	NA
rs146329832	chr3	87144214	87144215	rs146329832	NONHSAT194173.1	chr3;87095065;T;G	PMID24463510	ENSG00000232092	280	NA	NA
rs146968478	chr3	87145071	87145072	rs146968478	NONHSAT194173.1	chr3;87095922;G;A	PMID24463510	ENSG00000232092	280	NA	NA
rs146968478	chr3	87145071	87145072	rs146968478	NONHSAT090683.2	chr3;87095922;G;A	lncipedia	lnc-CHMP2B-1-5_dup1	280	NA	NA
rs149433236	chr3	93733792	93733793	rs149433236	NONHSAT195964.1	chr3;94014949;T;G	PMID24108091	m121218_154352_00126_c100449542550000001523046302151300_s1_p0/67962/ccs.path1	203	NA	NA
rs149578880	chr3	87146496	87146497	rs149578880	NONHSAT194173.1	chr3;87097347;G;A	PMID24463510	ENSG00000232092	280	NA	NA
rs149578880	chr3	87146496	87146497	rs149578880	NONHSAT090683.2	chr3;87097347;G;A	lncipedia	lnc-CHMP2B-1-5_dup1	280	NA	NA
rs1572879	chr13	29223087	29223088	rs1572879	NONHSAT032699.2	chr13;28648951;G;A	lncipedia	lnc-POMP-3-1_dup1	71	NA	NA
rs1572879	chr13	29223087	29223088	rs1572879	NONHSAT165417.1	chr13;28648951;G;A	lncipedia	lnc-POMP-3-2	57	NA	NA
rs1572880	chr13	29222963	29222964	rs1572880	NONHSAT032699.2	chr13;28648827;C;T	lncipedia	lnc-POMP-3-1_dup1	71	NA	NA
rs1572880	chr13	29222963	29222964	rs1572880	NONHSAT165417.1	chr13;28648827;C;T	lncipedia	lnc-POMP-3-2	57	NA	NA
rs1642645	chr1	42502280	42502281	rs1642645	NONHSAT153630.1	chr1;42036610;A;C	PMID25116943	LCAT_00024318	26	NA	NA
rs16873895	chr7	25613512	25613513	rs16873895	NONHSAT214455.1	chr7;25573893;A;G	PMID25116943	LCAT_00233873	91	NA	NA
rs17023900	chr3	87134799	87134800	rs17023900	NONHSAT194170.1	chr3;87085650;A;G	PMID25116943	LCAT_00170609	143	NA	NA
rs17023902	chr3	87135628	87135629	rs17023902	NONHSAT194170.1	chr3;87086479;G;C	PMID25116943	LCAT_00170609	143	NA	NA
rs17059659	chr13	39898373	39898374	rs17059659	NONHSAT166633.1	chr13;39324237;A;G	PMID26117828	PNCT_HSA028838	63	NA	NA
rs17059659	chr13	39898373	39898374	rs17059659	NONHSAT033301.2	chr13;39324237;A;G	noncodeV3	Human	58	NA	NA
rs17412978	chr8	20275295	20275296	rs17412978	NONHSAT217952.1	chr8;20417785;G;A	PMID25116943	LCAT_00244035	245	NA	NA
rs17419467	chr8	20283049	20283050	rs17419467	NONHSAT217953.1	chr8;20425539;C;T	PMID25116943	LCAT_00244036	204	NA	NA
rs17491153	chr8	20273249	20273250	rs17491153	NONHSAT217951.1	chr8;20415739;A;C	PMID25116943	LCAT_00244034	76	NA	NA
rs185058905	chr3	87146587	87146588	rs185058905	NONHSAT194173.1	chr3;87097438;C;T	PMID24463510	ENSG00000232092	280	NA	NA
rs185058905	chr3	87146587	87146588	rs185058905	NONHSAT090683.2	chr3;87097438;C;T	lncipedia	lnc-CHMP2B-1-5_dup1	280	NA	NA
rs192240291	chr3	87144031	87144032	rs192240291	NONHSAT194173.1	chr3;87094882;C;T	PMID24463510	ENSG00000232092	280	NA	NA
rs192240291	chr3	87144031	87144032	rs192240291	NONHSAT090683.2	chr3;87094882;C;T	lncipedia	lnc-CHMP2B-1-5_dup1	280	NA	NA
rs200999583	chr3	87144072	87144073	rs200999583	NONHSAT090683.2	chr3;87094923;C;A	lncipedia	lnc-CHMP2B-1-5_dup1	280	NA	NA
rs200999583	chr3	87144072	87144073	rs200999583	NONHSAT194173.1	chr3;87094923;C;A	PMID24463510	ENSG00000232092	280	NA	NA
rs202049731	chr3	87146305	87146306	rs202049731	NONHSAT090683.2	chr3;87097156;T;TTC	lncipedia	lnc-CHMP2B-1-5_dup1	280	NA	NA
rs202049731	chr3	87146305	87146306	rs202049731	NONHSAT194173.1	chr3;87097156;T;TTC	PMID24463510	ENSG00000232092	280	NA	NA
rs202058732	chr3	87135321	87135322	rs202058732	NONHSAT194170.1	chr3;87086172;G;GT	PMID25116943	LCAT_00170609	143	NA	NA
rs202078105	chr3	87144073	87144074	rs202078105	NONHSAT194173.1	chr3;87094924;T;G	PMID24463510	ENSG00000232092	280	NA	NA
rs202078105	chr3	87144073	87144074	rs202078105	NONHSAT090683.2	chr3;87094924;T;G	lncipedia	lnc-CHMP2B-1-5_dup1	280	NA	NA
rs2296282	chr13	29070532	29070533	rs2296282	NONHSAT166517.1	chr13;28496396;C;T	PMID25116943	LCAT_00069033	51	NA	NA
rs2296282	chr13	29070532	29070533	rs2296282	NONHSAT032696.2	chr13;28496396;C;T	lncipedia	lnc-POMP-9-1_dup1,lnc-POMP-9-1	68	NA	NA
rs236721	chr20	57705484	57705485	rs236721	NONHSAT190540.1	chr20;59130430;T;C	PMID25116943	LCAT_00158197	58	NA	NA
rs2384321	chr2	26290053	26290054	rs2384321	NONHSAT181461.1	chr2;26067185;A;G	lncipedia	lnc-FAM59B-4-1	95	NA	NA
rs2384322	chr2	26291145	26291146	rs2384322	NONHSAT181461.1	chr2;26068277;C;G	lncipedia	lnc-FAM59B-4-1	95	NA	NA
rs2416986	chr9	102937980	102937981	rs2416986	NONHSAT133711.2	chr9;100175699;C;T	NONCODEv4	NONHSAT133711	46	NA	NA
rs259979	chr20	57750555	57750556	rs259979	NONHSAT189066.1	chr20;59175501;C;T	PMID25116943	LCAT_00154162	954	NA	NA
rs260013	chr20	57760722	57760723	rs260013	NONHSAT189066.1	chr20;59185668;A;G	PMID25116943	LCAT_00154162	954	NA	NA
rs260014	chr20	57759458	57759459	rs260014	NONHSAT189066.1	chr20;59184404;T;C	PMID25116943	LCAT_00154162	954	NA	NA
rs260020	chr20	57714024	57714025	rs260020	NONHSAT190542.1	chr20;59138970;C;T	PMID25116943	LCAT_00158199	206	NA	NA
rs2839440	chr21	43443497	43443498	rs2839440	NONHSAT082305.2	chr21;42023389;C;T	lncipedia	lnc-UMODL1-2-8_dup1,lnc-UMODL1-2-8	248	NA	NA
rs2886564	chr1	42496923	42496924	rs2886564	NONHSAT002723.2	chr1;42031253;G;A	PMID26117828	PNCT_HSA131778	125	NA	NA
rs2897661	chr4	152044547	152044548	rs2897661	NONHSAT200576.1	chr4;151123396;A;G	lncipedia	lnc-LRBA-1-1_dup1	108	NA	NA
rs3094609	chr6	31165565	31165566	rs3094609	NONHSAT208969.1	chr6;31197789;T;C	PMID24463510	LocusReverse_70371	42	NA	NA
rs3094609	chr6	31165565	31165566	rs3094609	NONHSAT207102.1	chr6;31197789;T;C	PMID24463510	ENSG00000206344	158	NA	NA
rs3094610	chr6	31165149	31165150	rs3094610	NONHSAT108739.2	chr6;31197373;G;C	lncipedia	lnc-POU5F1-10-1,lnc-POU5F1-10-2	270	NA	NA
rs3130461	chr6	31164699	31164700	rs3130461	NONHSAT108739.2	chr6;31196923;G;A	lncipedia	lnc-POU5F1-10-1,lnc-POU5F1-10-2	270	NA	NA
rs3130462	chr6	31165276	31165277	rs3130462	NONHSAT108739.2	chr6;31197500;A;G	lncipedia	lnc-POU5F1-10-1,lnc-POU5F1-10-2	270	NA	NA
rs35673104	chr8	20269619	20269620	rs35673104	NONHSAT215508.1	chr8;20412109;C;G	PMID25116943	LCAT_00236319	109	NA	NA
rs370595232	chr3	87144039	87144040	rs370595232	NONHSAT194173.1	chr3;87094890;T;C	PMID24463510	ENSG00000232092	280	NA	NA
rs370595232	chr3	87144039	87144040	rs370595232	NONHSAT090683.2	chr3;87094890;T;C	lncipedia	lnc-CHMP2B-1-5_dup1	280	NA	NA
rs3753582	chr1	11865541	11865542	rs3753582	NONHSAT000917.2	chr1;11805485;A;C	PMID26117828	PNCT_HSA129214	49	NA	NA
rs3834043	chr1	11865815	11865816	rs3834043	NONHSAT000917.2	chr1;11805759;G;GC	PMID26117828	PNCT_HSA129214	49	NA	NA
rs3856258	chr1	42473396	42473397	rs3856258	NONHSAT002723.2	chr1;42007726;T;C	PMID26117828	PNCT_HSA131778	125	NA	NA
rs3955310	chr2	26290827	26290828	rs3955310	NONHSAT181461.1	chr2;26067959;T;G	lncipedia	lnc-FAM59B-4-1	95	NA	NA
rs41307759	chr1	11839200	11839201	rs41307759	NONHSAT000912.2	chr1;11779144;T;A	gencode	ENST00000376620.3	114	NA	NA
rs41343448	chr8	20271412	20271413	rs41343448	NONHSAT215508.1	chr8;20413902;G;A	PMID25116943	LCAT_00236319	109	NA	NA
rs4143538	chr2	26290177	26290178	rs4143538	NONHSAT181461.1	chr2;26067309;A;C	lncipedia	lnc-FAM59B-4-1	95	NA	NA
rs4233708	chr2	26291344	26291345	rs4233708	NONHSAT181461.1	chr2;26068476;C;T	lncipedia	lnc-FAM59B-4-1	95	NA	NA
rs459588	chr20	57714766	57714767	rs459588	NONHSAT190542.1	chr20;59139712;A;C	PMID25116943	LCAT_00158199	206	NA	NA
rs4665824	chr2	26333098	26333099	rs4665824	NONHSAT181459.1	chr2;26110230;C;T	PMID24108091	m121218_154352_00126_c100449542550000001523046302151300_s1_p0/69668/ccs.path1	91	NA	NA
rs4665825	chr2	26333099	26333100	rs4665825	NONHSAT181459.1	chr2;26110231;A;G	PMID24108091	m121218_154352_00126_c100449542550000001523046302151300_s1_p0/69668/ccs.path1	91	NA	NA
rs4880376	chr10	134254934	134254935	rs4880376	NONHSAT017074.2	chr10;132441431;G;A	lncipedia	lnc-STK32C-2-1	58	NA	NA
rs55700547	chr8	20272998	20272999	rs55700547	NONHSAT217951.1	chr8;20415488;G;A	PMID25116943	LCAT_00244034	76	NA	NA
rs55873785	chr1	228353650	228353651	rs55873785	NONHSAT009996.2	chr1;228165950;G;C	noncodeV3	n333478	45	NA	NA
rs55927955	chr13	29069038	29069039	rs55927955	NONHSAT166516.1	chr13;28494902;G;A	PMID24108091	m121219_051625_00126_c100449542550000001523046302151305_s2_p0/35009/ccs.path1	107	NA	NA
rs56001051	chr1	11838840	11838841	rs56001051	NONHSAT000912.2	chr1;11778784;A;G	gencode	ENST00000376620.3	114	NA	NA
rs56136608	chr1	228299237	228299238	rs56136608	NONHSAT009975.2	chr1;228111537;G;GA	lncipedia	lnc-ARF1-3-1	264	NA	NA
rs61920593	chr12	26954110	26954111	rs61920593	NONHSAT027410.2	chr12;26801178;T;C	ensembl	ENST00000541141	25	NA	NA
rs61920594	chr12	26954113	26954114	rs61920594	NONHSAT027410.2	chr12;26801181;C;A	ensembl	ENST00000541141	25	NA	NA
rs6541001	chr1	11837366	11837367	rs6541001	NONHSAT000912.2	chr1;11777310;C;T	gencode	ENST00000376620.3	114	NA	NA
rs6546716	chr2	26263835	26263836	rs6546716	NONHSAT181460.1	chr2;26040967;A;G	PMID24108091	m121218_180114_00126_c100449542550000001523046302151301_s2_p0/66133/ccs.path1	54	NA	NA
rs6688187	chr1	11837472	11837473	rs6688187	NONHSAT000912.2	chr1;11777416;C;T	gencode	ENST00000376620.3	114	NA	NA
rs72640206	chr1	11837681	11837682	rs72640206	NONHSAT000912.2	chr1;11777625;A;G	gencode	ENST00000376620.3	114	NA	NA
rs72640208	chr1	11837756	11837757	rs72640208	NONHSAT000912.2	chr1;11777700;A;T	gencode	ENST00000376620.3	114	NA	NA
rs72656599	chr4	81159648	81159649	rs72656599	NONHSAT097138.2	chr4;80238495;G;A	NONCODEv4	NONHSAT097138	7	NA	NA
rs7383157	chr6	31239305	31239306	rs7383157	NONHSAT108748.2	chr6;31271529;T;G	ensembl	ENST00000484378	555	NA	NA
rs7434145	chr3	87351900	87351901	rs7434145	NONHSAT197266.1	chr3;87302751;T;C	PMID25116943	LCAT_00181530	202	NA	NA
rs7465534	chr8	20284724	20284725	rs7465534	NONHSAT217953.1	chr8;20427214;A;G	PMID25116943	LCAT_00244036	204	NA	NA
rs75029217	chr4	152061208	152061209	rs75029217	NONHSAT098744.2	chr4;151140057;T;C	lncipedia	lnc-RPS3A-1-1_dup1,lnc-RPS3A-1-1	37	NA	NA
rs750450	chr2	26324630	26324631	rs750450	NONHSAT069679.2	chr2;26101762;A;G	ensembl	ENST00000439053	39	NA	NA
rs750451	chr2	26324240	26324241	rs750451	NONHSAT069679.2	chr2;26101372;G;A	ensembl	ENST00000439053	39	NA	NA
rs750452	chr2	26324994	26324995	rs750452	NONHSAT069679.2	chr2;26102126;G;A	ensembl	ENST00000439053	39	NA	NA
rs75685382	chr8	20269996	20269997	rs75685382	NONHSAT215508.1	chr8;20412486;T;C	PMID25116943	LCAT_00236319	109	NA	NA
rs75892143	chr8	20192749	20192750	rs75892143	NONHSAT215504.1	chr8;20335239;G;C	PMID24463510	blastnMacaque.Locus_18418	21	NA	NA
rs76395516	chr8	20237542	20237543	rs76395516	NONHSAT217949.1	chr8;20380032;T;C	PMID25116943	LCAT_00244032	64	NA	NA
rs76831104	chr13	29073391	29073392	rs76831104	NONHSAT167415.1	chr13;28499255;G;A	PMID25116943	LCAT_00070875	92	NA	NA
rs76943317	chr8	20237331	20237332	rs76943317	NONHSAT217949.1	chr8;20379821;G;A	PMID25116943	LCAT_00244032	64	NA	NA
rs77020154	chr13	29073047	29073048	rs77020154	NONHSAT167415.1	chr13;28498911;G;A	PMID25116943	LCAT_00070875	92	NA	NA
rs77513584	chr14	53794419	53794420	rs77513584	NONHSAT036933.2	chr14;53327702;A;G	noncodeV3	Human	119	NA	NA
rs79401451	chr8	20265753	20265754	rs79401451	NONHSAT217950.1	chr8;20408243;C;G	PMID25116943	LCAT_00244033	86	NA	NA
rs7985205	chr13	29073853	29073854	rs7985205	NONHSAT167415.1	chr13;28499717;T;G	PMID25116943	LCAT_00070875	92	NA	NA
rs80308090	chr8	20283778	20283779	rs80308090	NONHSAT217953.1	chr8;20426268;G;A	PMID25116943	LCAT_00244036	204	NA	NA
rs9264745	chr6	31245477	31245478	rs9264745	NONHSAT208975.1	chr6;31277701;G;A	PMID24108091	m121219_051625_00126_c100449542550000001523046302151305_s1_p0/53342/ccs.path1	73	NA	NA
rs9264746	chr6	31245487	31245488	rs9264746	NONHSAT208975.1	chr6;31277711;C;T	PMID24108091	m121219_051625_00126_c100449542550000001523046302151305_s1_p0/53342/ccs.path1	73	NA	NA
rs9264747	chr6	31245488	31245489	rs9264747	NONHSAT208975.1	chr6;31277712;A;G	PMID24108091	m121219_051625_00126_c100449542550000001523046302151305_s1_p0/53342/ccs.path1	73	NA	NA
rs9506018	chr13	29150071	29150072	rs9506018	NONHSAT165414.1	chr13;28575935;C;T	PMID25116943	LCAT_00066766	171	NA	NA
rs9544452	chr13	77875051	77875052	rs9544452	NONHSAT165954.1	chr13;77300917;C;T	lncipedia	lnc-SCEL-7-1	8	NA	NA
rs9544452	chr13	77875051	77875052	rs9544452	NONHSAT166941.1	chr13;77300917;C;T	lncipedia	lnc-FBXL3-8-1	8	NA	NA
