enh_prom_tfbs_330	snp_regulome2b_53
rs10048648	1	0
rs1016646	1	0
rs10192364	1	0
rs10493438	1	1
rs10534038	1	0
rs10648333	1	0
rs10651466	1	0
rs1065711	1	0
rs10710779	1	0
rs10718688	1	0
rs10760721	1	0
rs10819729	1	0
rs10988948	1	0
rs10988967	1	0
rs10988972	1	0
rs10989018	1	0
rs10989019	1	0
rs11065991	1	0
rs11126335	1	0
rs111279592	1	0
rs111472572	1	0
rs11147336	1	0
rs111815885	1	0
rs1121980	1	0
rs11267660	1	0
rs11286148	1	0
rs113039174	1	0
rs11316130	1	0
rs113289271	1	0
rs114703480	1	0
rs11572435	1	0
rs11615177	1	0
rs11619087	1	0
rs11642015	1	0
rs11677219	1	0
rs11678157	1	0
rs116802846	1	0
rs11707002	1	1
rs1173771	1	0
rs12042133	0	1
rs12047406	1	0
rs12050029	1	0
rs12377835	1	0
rs12473626	1	0
rs12475854	1	1
rs12567136	0	1
rs12641856	1	0
rs12656497	1	0
rs12715651	1	0
rs12774734	1	0
rs12986653	1	0
rs13001507	1	1
rs13030579	1	0
rs1305081	1	0
rs13125101	1	0
rs13250760	1	0
rs13280366	1	0
rs13306553	1	0
rs13306556	1	0
rs13306561	1	0
rs13323913	1	0
rs13323921	1	0
rs13418371	1	0
rs1345597	1	0
rs1371553	1	0
rs1421085	1	0
rs142218582	1	0
rs1434079	1	0
rs143553702	1	0
rs144744389	1	0
rs144795462	1	0
rs146438129	1	0
rs148063150	1	0
rs149090958	1	0
rs1493588	0	1
rs149393118	1	0
rs149427560	1	0
rs150515479	1	0
rs1529195	1	0
rs1530621	1	1
rs1537514	1	0
rs1537515	1	0
rs1537516	1	0
rs1550381	1	0
rs1550382	1	0
rs1560868	1	1
rs1572881	1	0
rs1642645	1	0
rs16873895	1	0
rs17037388	1	0
rs17037390	1	0
rs17092258	1	0
rs17092492	1	0
rs17126347	1	0
rs171839	1	0
rs17189980	1	0
rs17196290	1	0
rs17356664	0	1
rs17367504	1	0
rs17367629	1	0
rs17402108	1	0
rs17402857	1	0
rs17404179	1	0
rs17421560	1	0
rs17480623	1	0
rs17481320	1	0
rs17482515	1	0
rs17636747	1	0
rs17787940	1	0
rs17817497	1	0
rs17817964	1	1
rs181793400	1	0
rs183173	1	0
rs2001181	1	0
rs200198255	1	0
rs2005365	1	0
rs2043451	1	0
rs2066470	1	0
rs2075538	0	1
rs2151654	1	0
rs2184227	1	0
rs2279720	1	0
rs2289021	1	1
rs2296282	1	0
rs2384322	1	0
rs238675	1	1
rs259990	1	0
rs270534	1	0
rs270543	1	0
rs270594	1	0
rs28360972	1	0
rs28360974	1	0
rs28429148	1	0
rs28498059	1	0
rs2881322	1	0
rs2891490	1	0
rs2903657	1	0
rs3094606	1	1
rs3094609	1	1
rs3094610	1	0
rs3095237	1	0
rs3095238	1	1
rs3095246	1	0
rs3130460	1	0
rs3130461	1	0
rs3130462	1	0
rs3130463	1	0
rs3130503	1	1
rs3130575	0	1
rs3132499	0	1
rs3132540	1	0
rs3134748	1	0
rs3177055	1	0
rs3184504	1	0
rs34096624	1	0
rs34386892	1	0
rs34401764	1	0
rs34422769	1	0
rs34573741	1	0
rs34651751	1	0
rs346748	1	0
rs346750	0	1
rs34854267	1	0
rs35224700	1	0
rs35242283	1	0
rs35413760	1	0
rs35464336	1	0
rs35528467	1	0
rs35739399	1	0
rs35787518	1	0
rs35993804	1	0
rs36006825	1	0
rs36075189	1	0
rs36077893	1	0
rs3751812	1	0
rs3753582	1	0
rs3753584	1	0
rs3753588	1	0
rs3754357	1	0
rs375874152	1	0
rs3768331	1	0
rs3774221	1	1
rs3774222	1	0
rs3774223	1	0
rs3786066	1	0
rs3795768	1	0
rs3820192	1	0
rs3834043	1	0
rs3834044	1	0
rs3834045	1	0
rs3910272	1	0
rs41275458	1	0
rs4143966	0	1
rs4233708	1	0
rs4233709	1	0
rs4233710	1	0
rs45553335	1	0
rs45589544	1	0
rs4660585	1	1
rs4665299	1	0
rs4665809	0	1
rs4665819	1	0
rs4665820	1	1
rs4665821	1	0
rs4769602	1	0
rs4769612	1	0
rs4769613	1	0
rs4769628	1	0
rs4880372	1	0
rs4880374	1	0
rs4880376	1	0
rs4885453	1	0
rs4921708	1	0
rs4922177	1	1
rs4922178	1	0
rs4922179	1	0
rs4922187	1	0
rs4922189	0	1
rs4953388	0	1
rs545754411	1	0
rs55645287	1	0
rs55754287	1	0
rs55780505	1	0
rs55820567	1	0
rs55867221	1	1
rs55872725	1	0
rs55873785	1	0
rs55927955	1	0
rs55929441	1	0
rs56123155	1	0
rs56137757	1	0
rs56178811	1	0
rs57710852	1	0
rs5797201	1	0
rs5829995	1	0
rs5829996	1	0
rs5829999	1	0
rs598945	1	0
rs59909742	1	0
rs60128410	1	0
rs6139882	1	0
rs61920162	1	0
rs61920184	1	0
rs61920188	1	0
rs61920191	1	0
rs61920591	1	0
rs62033400	1	0
rs62033408	1	0
rs62128394	1	0
rs6479005	1	0
rs6490323	1	0
rs653178	1	0
rs6546736	1	0
rs6563695	1	0
rs662560	1	0
rs6684076	1	1
rs6696291	0	1
rs6699618	1	0
rs6718875	1	0
rs6733782	1	0
rs6739061	1	1
rs6748745	1	0
rs6776597	1	0
rs6784560	1	0
rs6798584	0	1
rs681239	0	1
rs7020780	1	0
rs7028564	1	0
rs708119	1	0
rs71399348	1	0
rs7202116	1	1
rs7206629	1	0
rs72640208	1	0
rs72640210	0	1
rs72640221	1	0
rs72640252	0	1
rs72640253	0	1
rs728009	1	0
rs72823859	1	0
rs72965662	1	0
rs72967551	1	0
rs73036519	1	0
rs7304091	1	0
rs7313538	1	0
rs7318880	1	0
rs7320371	1	0
rs7322722	1	0
rs73437398	1	1
rs73491426	1	0
rs73491439	1	0
rs73491441	1	0
rs73491452	1	0
rs73505717	1	0
rs7383157	1	0
rs73846699	1	0
rs73846701	1	1
rs73846702	1	0
rs73847803	1	1
rs73847805	1	0
rs74796778	1	0
rs74871003	1	0
rs75458063	1	0
rs7565843	1	0
rs75660387	1	1
rs75685382	1	0
rs75742992	1	0
rs75825288	1	0
rs76013261	1	0
rs7616573	0	1
rs76395516	1	0
rs76634393	1	0
rs76668454	1	0
rs76943317	1	0
rs77513584	1	0
rs77814591	1	0
rs78269931	1	0
rs78362822	1	0
rs78412528	1	0
rs7853497	1	0
rs7853585	1	0
rs78584389	1	0
rs7866700	1	0
rs78718649	1	1
rs79159746	1	0
rs7961772	1	0
rs7985205	1	1
rs79893464	1	1
rs8050136	1	0
rs9264679	1	0
rs9312024	1	1
rs931685	0	1
rs931686	0	1
rs9508062	1	0
rs9508092	1	0
rs9530635	1	0
rs9544452	1	0
rs9551526	1	0
rs9551527	1	0
rs9551528	1	0
rs9810512	1	1
rs9831647	1	1
rs9854497	1	0
rs985577	1	0
rs9875641	1	0
rs9877344	1	0
rs9882165	1	1
rs9933040	1	0
rs9939973	1	0
rs9940128	1	0
rs9940646	1	0
rs9976946	1	0
