roadmap_25_imputed-13_EnhA1_176	roadmap_25_imputed-14_EnhA2_255	roadmap_25_imputed-15_EnhAF_244	roadmap_25_imputed-16_EnhW1_190	roadmap_25_imputed-17_EnhW2_495	roadmap_25_imputed-18_EnhAc_276
rs10043129	0	0	0	0	1	0
rs10059884	0	0	0	0	1	1
rs1008003	0	0	1	1	1	0
rs10161889	0	1	1	1	1	0
rs1016646	0	0	0	1	1	0
rs10192364	0	0	0	0	1	0
rs10437061	0	0	0	1	1	0
rs10449246	0	0	0	0	1	0
rs10493437	0	0	0	0	1	0
rs10493438	1	1	1	1	1	1
rs10506011	0	0	0	0	1	1
rs10651466	0	0	0	1	0	0
rs10718688	0	0	1	0	1	1
rs10736422	1	1	0	1	1	0
rs10743565	0	0	0	1	0	0
rs10760707	0	0	0	0	1	0
rs10760708	0	0	0	0	1	0
rs10760721	0	0	0	0	1	0
rs10760722	1	0	1	1	1	1
rs10774624	0	0	0	0	1	0
rs10819726	1	0	1	0	1	0
rs10857147	0	0	0	0	1	0
rs10890177	0	0	0	0	0	1
rs10915708	0	1	1	1	1	0
rs10988948	0	0	1	0	1	0
rs10988960	0	0	0	0	0	1
rs10988972	1	0	0	0	0	0
rs10988981	1	1	1	0	1	1
rs10988982	1	1	1	0	1	0
rs10989015	0	0	0	0	0	1
rs10989017	0	0	1	0	1	1
rs10989018	0	1	1	1	1	1
rs10989019	0	1	1	0	1	1
rs11075985	0	0	0	0	1	0
rs11075993	0	0	0	0	1	0
rs11125082	0	0	1	0	1	0
rs11126335	1	1	1	1	1	0
rs111448534	0	0	0	0	1	0
rs111472572	0	0	0	1	0	0
rs11147336	0	0	1	1	1	1
rs111815885	0	0	0	1	0	0
rs111945690	0	1	1	0	0	0
rs11210570	0	0	0	0	1	0
rs1121980	0	0	1	0	1	0
rs112656440	1	1	1	0	1	1
rs112862994	0	0	0	0	1	0
rs113039174	0	0	0	1	0	0
rs113046103	0	0	0	0	1	1
rs11316130	1	0	0	0	1	1
rs113289271	1	1	1	0	1	1
rs113314924	0	0	0	0	1	1
rs114083374	1	0	0	0	0	0
rs114250359	0	0	0	1	1	0
rs11513729	1	0	1	0	1	1
rs11572443	0	0	0	0	1	0
rs1158715	0	0	0	0	1	0
rs11608432	0	0	0	1	1	0
rs11608752	0	0	0	0	1	0
rs11614041	0	0	1	0	0	0
rs11614617	0	0	0	0	1	0
rs11615177	1	1	1	1	1	0
rs11617946	0	1	1	0	1	1
rs11619087	0	0	1	0	0	1
rs11619261	0	0	0	0	1	0
rs11619581	0	0	1	0	1	1
rs11619589	0	0	1	0	1	1
rs11642015	1	1	1	1	1	1
rs116802846	1	0	0	1	1	0
rs11687911	0	0	0	0	1	1
rs11695165	0	0	0	0	0	1
rs117018584	0	1	0	1	1	0
rs11719139	0	0	0	0	1	0
rs1173727	0	0	0	0	1	0
rs1173766	0	0	1	0	0	1
rs1173768	0	0	0	0	0	1
rs1173771	0	1	1	0	0	1
rs11999915	0	0	0	0	1	0
rs12003124	0	0	0	0	0	1
rs12027526	0	0	0	0	1	0
rs12028757	0	0	0	0	1	0
rs12042133	0	0	0	0	1	0
rs12050029	0	0	0	0	1	0
rs12149574	0	0	1	0	1	0
rs12149832	1	1	1	0	1	1
rs12262273	0	0	0	0	1	0
rs12263214	1	1	1	1	1	1
rs12473626	0	1	1	1	1	0
rs12622286	0	0	0	0	1	0
rs12641856	1	1	1	1	1	1
rs1265564	0	0	0	1	1	1
rs12656497	0	1	0	1	1	0
rs12697647	0	0	0	0	1	0
rs12697648	0	0	0	0	1	0
rs12697649	0	0	0	0	1	0
rs12723476	0	0	0	0	0	1
rs12724974	0	0	0	0	1	0
rs12738035	0	1	1	0	0	0
rs12743080	0	0	1	0	1	1
rs12774734	0	1	1	1	1	0
rs12775406	1	1	1	0	1	1
rs12986653	1	1	1	1	1	0
rs13001507	1	1	1	1	1	0
rs13002880	1	1	0	1	1	0
rs13003074	0	0	0	1	0	1
rs13005507	0	0	0	0	1	0
rs13007688	0	1	1	1	1	0
rs13020043	0	0	0	0	1	1
rs13020237	1	1	1	0	1	1
rs13023346	0	0	0	0	1	1
rs13024277	0	0	0	0	1	0
rs13024414	1	1	1	0	1	1
rs13030579	1	1	1	1	1	0
rs13075586	0	1	1	0	1	1
rs13125101	1	0	0	1	1	1
rs13149993	0	1	1	0	1	1
rs13250760	0	0	0	1	0	0
rs1325504	0	0	0	0	1	0
rs13306556	1	0	1	0	0	1
rs13418371	1	1	1	1	1	0
rs1345597	1	1	1	1	1	0
rs138252948	0	0	1	0	0	0
rs138382362	0	1	0	0	1	0
rs139348312	0	0	0	0	1	0
rs1395024	0	0	0	0	1	0
rs141240724	0	0	0	0	1	0
rs1421086	0	0	0	0	0	1
rs142218582	1	1	1	0	0	1
rs143553702	1	1	0	0	1	1
rs144744389	0	0	0	0	1	0
rs144795462	1	1	0	0	1	1
rs145405535	1	1	1	0	1	1
rs145628269	0	0	1	0	0	0
rs1458038	0	0	0	1	0	0
rs146438129	0	1	1	1	1	1
rs148273372	0	0	0	1	0	0
rs1488366	1	1	1	1	1	1
rs1493586	0	0	0	0	1	0
rs1493587	0	0	0	0	1	0
rs149393118	1	1	0	0	1	1
rs150165613	0	0	0	1	1	0
rs1530621	1	1	1	1	1	1
rs1530624	0	1	1	1	1	1
rs1537514	1	1	1	0	1	1
rs1537515	1	1	1	0	1	1
rs1537516	1	1	1	0	1	1
rs1556832	0	0	0	1	1	0
rs1558901	1	1	1	1	1	1
rs1558902	0	0	1	0	1	0
rs1572881	1	1	1	0	1	1
rs1574448	1	1	1	0	1	0
rs1574449	1	1	1	0	1	0
rs1642645	0	0	0	1	0	0
rs16931328	1	1	1	1	1	1
rs17024019	1	0	0	0	0	1
rs17027380	0	0	0	1	0	0
rs17037388	1	1	1	0	0	1
rs17037427	0	0	1	0	0	0
rs17037429	0	0	1	0	0	0
rs17067242	0	0	0	0	1	0
rs17092258	0	0	0	0	1	0
rs17092492	0	1	0	0	1	1
rs17126347	0	1	0	0	1	1
rs17130583	0	1	0	0	0	0
rs17130585	0	0	0	0	1	1
rs171839	1	1	1	0	1	1
rs17196290	0	1	0	1	1	0
rs17402857	1	1	1	1	1	0
rs17403667	1	1	1	1	1	0
rs17404179	0	0	0	0	0	1
rs17412623	0	0	0	0	1	0
rs17421560	1	0	1	0	0	1
rs17480623	0	0	0	0	1	0
rs17480721	1	1	0	1	1	1
rs17480784	1	1	0	0	1	0
rs17480798	1	1	0	0	1	0
rs17480903	1	1	0	1	1	1
rs17481043	1	0	0	0	1	1
rs17481320	1	1	0	1	1	1
rs17482515	0	0	1	1	1	1
rs17490756	1	1	1	0	1	0
rs17490805	0	0	0	0	0	1
rs17490847	0	0	0	0	1	0
rs17555115	0	0	1	0	0	1
rs17628742	0	1	1	0	1	1
rs17629979	0	0	0	0	1	1
rs17635718	0	0	0	0	1	0
rs17636747	1	1	1	0	1	1
rs17686743	0	0	0	0	1	0
rs1776565	0	0	0	1	1	1
rs1776566	0	0	0	1	1	1
rs17784233	0	1	1	0	1	1
rs17787940	0	1	0	1	1	1
rs17817449	0	0	0	0	1	0
rs17817497	0	0	0	0	1	0
rs17817964	0	0	0	0	1	0
rs183173	1	1	1	0	1	1
rs1900591	1	1	1	0	1	0
rs1902859	1	1	1	0	0	1
rs1947220	1	1	1	1	1	1
rs1994876	0	0	1	0	1	0
rs2005365	0	0	0	0	1	0
rs200750151	1	1	1	0	0	1
rs2013002	0	1	1	1	1	1
rs202031558	0	0	0	0	1	0
rs202099530	0	0	0	1	0	1
rs2043451	1	1	0	1	1	1
rs2060392	0	0	0	0	1	0
rs2073719	1	0	0	0	0	1
rs2086886	0	0	0	0	1	0
rs2122714	0	0	0	0	1	1
rs2151654	1	1	0	1	1	0
rs2167037	0	0	0	0	1	1
rs2169990	1	1	1	1	1	1
rs2184227	0	1	1	0	1	1
rs2197901	0	0	0	0	1	1
rs2218727	0	0	0	0	1	1
rs2243834	0	0	1	0	0	1
rs2276555	0	0	1	0	1	0
rs2289021	0	0	0	0	1	0
rs2329029	1	1	1	0	1	1
rs236717	0	0	0	1	1	1
rs236719	0	0	0	1	1	1
rs236720	0	0	0	0	1	1
rs2453338	0	0	0	0	1	0
rs2463765	0	0	0	0	1	0
rs2480482	1	0	0	0	0	0
rs259979	0	1	1	0	1	0
rs259983	1	1	1	1	1	1
rs259990	0	1	1	1	1	0
rs260013	0	0	0	0	1	0
rs260014	0	0	0	0	1	0
rs260015	0	0	0	0	1	0
rs260020	0	0	0	0	1	0
rs270578	0	1	0	0	1	0
rs270594	0	0	0	1	1	1
rs28360972	0	1	0	0	1	1
rs28360974	0	1	1	1	1	0
rs28699126	0	0	1	0	0	1
rs2881322	1	1	1	1	1	1
rs2886564	0	1	0	0	1	0
rs2903657	1	1	1	0	1	0
rs3094226	1	0	0	0	0	1
rs3094606	0	1	1	1	1	1
rs3094607	0	0	1	0	1	0
rs3094608	0	0	0	0	0	1
rs3095237	0	0	0	0	1	0
rs3095238	0	0	0	0	1	0
rs3095246	1	1	0	1	1	0
rs3130461	0	0	0	1	0	0
rs3130466	0	0	0	0	0	1
rs3130468	0	0	0	0	1	0
rs3130503	0	0	0	0	1	0
rs3130512	1	1	1	1	1	0
rs3130575	1	0	0	0	0	0
rs3130952	1	1	1	1	1	0
rs3131011	1	1	1	0	1	1
rs3131017	1	1	0	1	1	0
rs3132490	0	0	0	1	1	0
rs3132491	0	0	0	1	1	0
rs3132501	0	0	0	0	1	0
rs3132503	1	0	0	1	1	0
rs3132504	1	1	1	1	1	0
rs3132507	0	0	1	0	1	1
rs3132508	0	0	0	0	0	1
rs3132509	0	0	0	0	0	1
rs3132511	1	1	1	1	1	0
rs3132517	1	0	1	0	1	1
rs3132538	0	0	0	0	0	1
rs3132539	1	0	0	0	0	0
rs3132540	0	1	1	1	1	1
rs3134748	0	0	0	0	1	0
rs3177055	1	1	1	0	0	1
rs34096624	0	0	0	0	1	0
rs34161434	0	0	0	0	1	0
rs34377596	1	1	1	0	0	1
rs34386892	1	1	1	0	1	1
rs34627841	0	0	1	0	1	1
rs34628847	1	1	1	0	1	1
rs34651751	0	0	0	0	1	1
rs34653545	0	0	0	0	1	0
rs34663368	0	0	0	1	1	0
rs34766024	1	1	1	0	1	1
rs34854267	1	1	1	1	1	0
rs35024516	0	1	1	0	1	1
rs35156964	0	0	0	0	1	1
rs35242283	0	1	0	1	1	0
rs35271799	0	0	0	0	1	0
rs35350651	0	0	0	0	1	1
rs35509718	0	1	1	1	1	0
rs35673104	0	0	0	0	0	1
rs35739399	0	1	1	1	1	1
rs35787518	0	0	0	0	1	1
rs35800447	0	0	0	0	0	1
rs36006825	0	1	1	1	1	0
rs36075189	1	1	1	1	1	0
rs36077893	1	1	1	0	1	1
rs3751812	0	1	0	0	1	1
rs3751814	1	1	0	0	1	1
rs3753584	1	1	1	1	1	0
rs3753588	1	1	0	0	0	0
rs375874152	0	0	0	1	1	0
rs3774218	0	0	0	0	1	1
rs3774219	0	1	1	0	1	1
rs3774220	0	1	1	1	1	1
rs3774221	1	1	1	1	1	0
rs3774222	1	1	1	1	1	0
rs3774223	1	1	1	0	1	1
rs3786066	1	0	0	1	1	0
rs3795768	0	0	0	0	1	1
rs3820192	1	1	1	0	1	0
rs3834045	1	0	0	0	0	0
rs3856259	0	0	0	0	1	0
rs41343448	0	0	0	1	1	0
rs41401348	0	0	0	0	0	1
rs4143966	0	0	0	1	1	0
rs4143967	0	1	1	0	1	1
rs4233708	0	0	0	0	1	0
rs4233709	0	1	1	0	0	0
rs4233710	0	1	1	0	0	0
rs4262813	0	0	0	0	1	1
rs4268650	0	0	0	0	1	0
rs4268651	0	0	0	0	1	0
rs430409	0	0	0	0	1	0
rs4343960	0	0	0	0	0	1
rs45553335	0	0	0	0	1	1
rs45603435	0	0	0	0	1	0
rs459588	0	0	0	0	1	0
rs4655789	0	0	0	0	1	0
rs4660586	0	0	1	1	1	0
rs4660587	0	0	0	0	1	1
rs4660595	0	0	0	0	0	1
rs4665809	0	0	0	0	1	0
rs4665826	0	0	0	0	1	1
rs4769612	0	0	1	0	1	1
rs4769613	1	0	0	0	1	1
rs4816836	0	1	1	0	1	1
rs4880372	0	0	0	1	1	0
rs4880373	0	0	0	0	1	0
rs4880376	0	0	0	0	1	1
rs4921708	0	0	0	0	1	0
rs4922178	0	0	0	1	1	1
rs4922179	0	0	0	0	1	0
rs4922183	0	0	0	0	1	0
rs4952830	0	0	0	0	1	1
rs4953387	0	1	0	0	1	0
rs4953390	0	0	0	0	1	0
rs545754411	1	1	1	0	1	1
rs55754287	0	0	0	0	1	1
rs55773920	0	0	0	0	0	1
rs55780505	0	1	1	0	1	1
rs55787711	1	0	0	0	1	1
rs55820567	1	1	1	1	1	0
rs55867221	1	1	0	1	0	0
rs55872725	0	0	1	0	1	0
rs55873222	0	1	0	0	0	0
rs55890341	1	1	1	1	1	1
rs55968150	0	0	0	0	1	0
rs56094641	0	0	1	0	1	1
rs56123155	1	1	1	1	1	1
rs56136608	0	0	0	0	0	1
rs56166620	1	1	1	1	1	1
rs56171374	0	1	1	1	1	0
rs56178811	1	1	0	1	1	1
rs56313538	0	1	0	0	1	1
rs567163678	1	1	0	0	1	0
rs5780956	0	1	1	1	1	1
rs57818221	1	1	0	0	0	1
rs57875316	0	0	0	0	1	0
rs5797201	1	1	1	1	1	1
rs58068200	1	1	0	0	0	0
rs58147233	0	0	0	0	1	1
rs5829998	0	0	0	0	0	1
rs58501663	0	1	0	0	1	0
rs5866672	0	0	0	1	1	0
rs59909742	0	1	0	1	1	1
rs60128410	1	1	0	1	1	0
rs6026739	1	1	1	1	1	1
rs6026740	1	1	1	1	1	1
rs6026742	1	1	1	0	1	1
rs61064664	0	0	0	0	1	0
rs6139882	1	1	1	0	1	1
rs6139886	0	0	1	0	1	1
rs61920162	0	0	0	1	1	0
rs61920184	0	1	1	0	1	0
rs61920188	0	0	0	0	1	1
rs61920191	0	0	0	1	1	0
rs61920578	0	1	0	0	1	0
rs61920587	1	1	1	1	1	1
rs61920588	0	0	0	0	1	0
rs61920591	1	1	0	1	1	1
rs61920593	0	0	0	0	1	0
rs61920594	0	0	0	0	1	0
rs61920601	1	1	1	1	1	1
rs62033399	1	1	1	0	1	1
rs62033400	0	0	0	0	0	1
rs62033403	0	0	0	0	1	1
rs62033404	0	0	0	0	1	1
rs62033405	0	0	0	0	1	1
rs62048402	1	0	1	0	1	0
rs62238098	0	0	1	0	1	0
rs624575	1	1	1	0	1	1
rs6490321	1	1	0	0	0	0
rs6544898	0	0	0	0	1	0
rs6563695	1	1	1	1	1	1
rs6600394	0	0	0	1	1	1
rs6660579	0	1	1	0	0	1
rs6681177	0	0	0	0	1	0
rs6684076	0	0	1	1	1	0
rs6690530	0	0	0	0	1	0
rs6695748	0	1	0	1	0	0
rs6696291	0	0	0	1	0	0
rs6698877	0	0	0	1	0	0
rs6699618	1	1	1	0	0	0
rs6705	0	0	1	0	1	1
rs6718875	1	1	1	1	1	0
rs6729795	0	0	1	0	0	1
rs6733782	0	0	0	1	1	0
rs6749855	0	0	0	1	1	0
rs6758545	0	0	0	0	0	1
rs6763808	0	1	1	0	1	1
rs6777858	0	1	1	0	1	0
rs6784560	0	1	1	1	1	0
rs6798584	0	1	1	0	1	1
rs6799564	0	0	0	0	1	0
rs6802843	0	1	1	0	1	1
rs6806939	0	1	1	0	1	1
rs6823315	0	1	1	0	1	0
rs6845482	0	0	0	0	1	0
rs6864434	0	1	1	0	1	1
rs7020780	0	0	0	0	1	1
rs702225	0	0	0	0	0	1
rs7028564	0	0	0	0	1	0
rs708119	0	1	0	1	1	0
rs71102742	0	0	1	1	1	1
rs71643434	0	0	0	1	1	0
rs71643439	0	1	0	1	1	0
rs7185735	1	1	1	0	1	1
rs71863246	0	0	0	0	1	0
rs7187250	1	1	1	0	1	1
rs718849	1	1	1	0	1	1
rs7190396	0	0	1	0	1	0
rs7193144	1	1	1	0	1	1
rs7206122	0	0	1	0	1	0
rs7206629	0	0	0	0	1	0
rs721324	0	1	1	1	1	0
rs72640221	1	0	1	0	1	1
rs72656599	1	1	1	0	0	1
rs728009	0	1	1	1	1	1
rs72805613	0	0	0	0	1	0
rs72881458	0	0	0	0	1	0
rs72951541	1	0	1	0	1	0
rs72965622	0	0	0	1	1	0
rs72965624	0	0	0	0	1	1
rs72965628	0	0	0	0	0	1
rs72967504	0	0	0	0	1	0
rs72967512	1	1	1	1	1	1
rs72967534	0	0	0	0	1	0
rs72967551	0	0	0	1	1	0
rs73036519	1	1	0	1	1	0
rs7304091	0	0	0	0	1	0
rs7313538	0	1	0	1	1	1
rs7314838	0	1	0	0	1	0
rs7316091	1	1	1	1	1	1
rs7318880	0	1	1	0	1	0
rs7319081	0	0	0	0	1	0
rs7325774	0	1	1	0	1	1
rs7328374	0	0	0	0	1	1
rs73306874	1	1	1	0	1	1
rs73306876	1	1	1	0	1	1
rs7336711	0	1	1	1	1	0
rs73437398	1	1	0	1	1	0
rs73491437	0	0	0	0	1	0
rs73491439	0	0	0	0	1	0
rs73491441	0	0	0	0	1	0
rs73505717	0	1	0	1	1	1
rs73505786	1	1	1	0	1	0
rs73505791	0	0	0	0	1	0
rs73846673	0	0	0	1	1	0
rs73846687	0	0	0	1	1	0
rs73846691	0	0	0	1	1	1
rs73846698	0	1	1	0	0	1
rs73846699	0	1	0	1	1	1
rs73846701	0	1	0	1	1	1
rs73846702	0	1	0	1	1	1
rs73847803	1	1	1	1	1	1
rs73847805	1	1	1	1	1	1
rs739396	0	0	0	0	1	0
rs74528067	0	0	0	0	1	0
rs74796778	0	0	1	0	1	1
rs74871003	1	1	0	1	1	0
rs74911485	0	1	1	0	1	1
rs75023402	0	0	0	0	1	0
rs75029217	0	0	0	0	1	0
rs75045913	0	1	0	1	0	0
rs75119017	0	0	0	1	0	1
rs7541929	0	1	0	0	0	0
rs75450815	0	0	1	0	1	1
rs75458063	0	0	0	0	1	0
rs75458494	0	0	1	0	0	1
rs7546128	0	0	0	1	0	0
rs7553194	1	1	0	0	0	0
rs75685382	0	0	0	0	0	1
rs75742992	0	0	0	0	1	1
rs7576192	0	0	0	1	1	0
rs7579169	0	0	0	1	1	0
rs75887598	0	0	0	0	1	0
rs75892143	1	1	1	0	0	1
rs75899922	0	0	0	0	1	0
rs76013261	0	1	1	1	1	1
rs7616573	0	1	1	0	1	0
rs76204897	0	0	0	0	1	0
rs7622989	0	0	0	0	1	0
rs7624569	0	0	1	0	1	1
rs76277717	0	0	0	0	0	1
rs7629532	0	0	0	0	1	0
rs76395516	0	0	1	0	1	0
rs7642504	0	0	0	0	1	1
rs76461998	0	1	1	1	1	0
rs76668454	0	1	0	1	1	0
rs76675491	0	0	0	0	1	1
rs7692744	1	0	1	0	1	1
rs76943317	0	1	1	0	0	0
rs77137495	0	0	0	0	1	0
rs77171792	0	0	0	0	0	1
rs7733331	1	1	1	1	1	1
rs77483627	0	1	0	1	1	1
rs77513584	1	1	1	1	1	1
rs77764698	1	1	0	0	0	0
rs77814591	1	1	0	1	1	1
rs77997282	0	0	0	1	1	0
rs78106512	1	1	1	1	1	0
rs78269931	0	0	0	1	1	0
rs78302204	1	1	1	1	1	1
rs78362822	0	0	0	0	0	1
rs78385622	0	1	0	0	1	0
rs78412528	1	1	1	1	1	1
rs78494481	1	0	0	0	0	0
rs78517370	0	1	1	1	1	0
rs78624573	0	0	0	0	1	0
rs78718649	0	0	0	1	0	0
rs7872897	0	1	1	0	1	0
rs7873545	0	0	0	0	1	0
rs78846039	1	1	1	0	1	1
rs78873262	0	0	0	1	0	0
rs7896013	0	0	0	0	1	0
rs79078871	0	0	0	0	1	0
rs79159746	0	1	1	1	1	1
rs79167357	0	0	0	0	1	0
rs79221939	0	1	0	0	1	0
rs79521608	0	0	0	0	1	0
rs7956691	0	0	0	0	1	0
rs7961772	1	1	0	1	1	0
rs79724598	0	0	0	0	1	0
rs79893464	1	1	1	1	1	1
rs79936580	0	1	1	0	1	0
rs7994657	0	0	1	0	1	1
rs7997041	0	0	0	0	1	0
rs7998180	0	0	0	0	1	0
rs79994966	1	1	1	0	1	0
rs80047508	0	0	0	0	1	0
rs80255138	0	0	0	0	1	0
rs80261486	1	1	0	0	1	1
rs8043757	0	0	0	0	1	0
rs8057044	0	0	0	0	1	0
rs8063057	0	0	0	0	1	0
rs880671	0	1	1	0	1	0
rs885005	1	0	0	0	0	0
rs892448	0	0	0	0	1	0
rs924612	0	0	0	0	1	1
rs9264679	0	0	0	1	0	1
rs9312024	0	1	1	1	1	1
rs931517	1	1	1	1	1	0
rs931685	0	1	1	0	1	1
rs931686	0	1	1	0	1	1
rs9506015	0	0	0	0	1	1
rs9506016	0	0	1	0	0	1
rs9506017	0	1	1	0	1	1
rs9506018	0	0	0	0	1	1
rs9508062	0	1	1	0	1	1
rs9508092	0	1	1	1	1	0
rs9508104	1	1	0	0	0	0
rs9530631	0	1	1	0	1	0
rs9550383	0	1	1	1	1	0
rs9550384	1	1	0	1	1	0
rs966120	1	0	1	0	1	1
rs9810512	1	1	1	0	1	1
rs9831647	1	1	1	0	1	1
rs9832427	0	1	1	0	1	1
rs9850919	0	0	0	0	0	1
rs9854497	1	1	1	0	1	1
rs985577	0	0	0	1	1	1
rs9864972	0	0	1	0	1	1
rs9865627	1	1	1	0	1	1
rs9875641	1	1	1	1	1	0
rs9877344	0	1	1	1	1	0
rs9882165	1	1	1	1	1	0
rs9923147	0	0	0	0	0	1
rs9923233	0	0	0	0	1	0
rs9923312	0	0	0	0	1	0
rs9923544	1	1	1	0	1	0
rs9931900	0	1	0	0	1	1
rs9933509	0	1	0	0	1	1
rs9936385	0	0	0	0	1	0
rs9976946	1	1	1	1	1	1
