roadmap_18_status-7_EnhG1_406	roadmap_18_status-8_EnhG2_136	roadmap_18_status-9_EnhA1_528	roadmap_18_status-10_EnhA2_693	roadmap_18_status-11_EnhWk_1025	roadmap_18_status-1_TssA_113	roadmap_18_status-2_TssFlnk_146	roadmap_18_status-3_TssFlnkU_197	roadmap_18_status-4_TssFlnkD_173
rs10000013	0	0	1	0	0	0	0	0	0
rs10043129	0	0	0	0	1	0	0	0	0
rs10048648	1	0	0	1	1	0	0	0	0
rs10048683	0	0	0	1	1	0	0	0	0
rs10059884	0	0	1	0	1	0	0	0	0
rs1008003	1	1	1	1	1	1	1	1	1
rs10161889	0	0	1	0	1	0	0	0	1
rs1016646	0	0	1	0	1	0	0	0	0
rs10170359	1	0	0	0	1	0	0	0	0
rs10182857	1	0	1	1	1	0	0	0	0
rs10192364	0	0	0	0	1	0	0	0	0
rs10202478	1	1	1	1	1	0	0	0	0
rs1030730	1	0	0	0	1	0	0	0	0
rs10437061	0	0	0	0	1	0	0	0	0
rs10462252	0	0	0	0	0	0	1	0	0
rs10468280	0	0	0	0	1	0	0	0	0
rs10493437	0	0	1	1	1	1	0	0	0
rs10493438	0	0	1	1	1	0	0	1	1
rs10493440	0	0	0	0	1	0	0	0	0
rs10506011	1	0	0	1	1	0	0	0	0
rs10512269	0	0	0	1	1	0	0	0	0
rs10534038	0	0	1	1	1	1	0	1	0
rs10587183	0	0	0	1	1	0	0	0	0
rs10648333	1	0	0	0	0	0	0	0	0
rs10651466	0	0	0	1	1	0	1	0	0
rs1065711	1	1	0	0	1	0	0	0	1
rs10710779	1	0	1	1	1	0	0	0	0
rs10713268	0	0	0	1	0	0	0	0	0
rs10718688	0	0	1	1	1	0	0	0	0
rs10736422	0	0	1	0	1	0	0	1	1
rs10743565	0	0	0	0	1	0	0	0	0
rs10760707	0	0	0	0	1	0	0	0	0
rs10760708	0	0	0	0	1	0	0	0	0
rs10760721	0	0	1	1	1	0	0	0	0
rs10760722	1	0	1	1	1	0	0	0	0
rs10774624	0	0	0	1	1	0	0	0	0
rs10774625	1	0	0	1	0	0	0	0	0
rs10799466	0	0	0	0	1	0	0	0	0
rs10819725	1	0	0	1	1	0	0	0	0
rs10819726	1	1	1	1	1	0	0	0	1
rs10819727	0	0	0	0	1	0	0	0	0
rs10819729	0	0	0	0	1	0	0	0	0
rs10819740	0	0	0	1	0	0	0	0	0
rs10819741	0	1	0	0	0	0	0	0	0
rs10819747	0	0	0	1	0	0	0	0	0
rs10857147	0	0	0	0	1	0	0	0	0
rs10883969	1	0	0	0	1	0	0	0	0
rs10890177	0	0	0	0	1	0	0	0	0
rs10915708	0	0	1	0	1	0	0	0	0
rs10988932	0	0	0	1	0	0	0	0	0
rs10988948	1	0	1	0	1	0	0	1	0
rs10988956	0	0	1	0	1	0	0	0	0
rs10988960	0	0	1	1	1	0	0	0	0
rs10988964	0	0	1	0	1	0	0	1	0
rs10988966	0	0	0	1	1	0	0	0	1
rs10988967	0	0	0	1	1	0	0	0	1
rs10988972	0	0	1	1	1	1	1	1	1
rs10988977	0	0	0	0	1	0	0	0	0
rs10988978	0	0	0	1	1	0	0	0	0
rs10988979	0	0	0	0	1	0	0	0	0
rs10988981	1	1	0	1	1	0	1	0	0
rs10988982	0	0	1	1	1	0	1	0	1
rs10988988	0	0	0	0	1	0	0	0	0
rs10988989	0	0	0	0	1	0	0	0	0
rs10989010	0	0	0	0	0	0	1	0	0
rs10989013	0	0	0	0	1	0	0	0	0
rs10989015	0	0	0	1	1	0	0	0	0
rs10989017	0	0	1	1	1	0	0	0	0
rs10989018	0	0	1	1	1	0	0	0	0
rs10989019	0	0	1	1	1	0	0	0	0
rs10989020	0	0	0	1	0	0	0	0	0
rs11065987	0	0	0	1	1	0	0	0	0
rs11065991	1	0	0	1	0	0	0	0	0
rs11075985	0	0	0	0	1	0	0	0	0
rs11075988	0	0	0	0	1	0	0	0	0
rs11075989	0	0	0	0	1	0	0	0	0
rs11075990	0	0	0	0	1	0	0	0	0
rs11075991	0	0	0	0	1	0	0	0	0
rs11075992	0	0	0	0	1	0	0	0	0
rs11075993	0	0	0	0	1	0	0	0	0
rs11125082	0	0	0	0	1	0	1	0	0
rs11126335	0	0	1	1	1	0	0	1	1
rs11126336	0	0	0	1	0	0	0	0	0
rs11126339	0	0	0	1	0	0	0	0	0
rs11126340	0	0	0	1	0	0	0	0	0
rs11126364	0	0	0	1	1	0	0	0	0
rs11126375	1	0	0	1	1	0	0	1	0
rs111279592	0	0	0	0	1	0	0	0	0
rs111408454	0	0	0	0	1	0	0	0	0
rs111448534	0	0	0	1	1	0	0	0	0
rs111472572	0	0	0	1	1	1	1	1	1
rs11147336	0	0	1	0	1	0	0	0	0
rs111587904	0	0	0	1	0	0	0	0	0
rs111815885	0	0	0	1	1	1	1	1	1
rs111945690	0	0	1	1	1	0	0	0	0
rs112058697	1	0	0	1	1	0	0	0	0
rs11210563	0	0	0	0	1	0	0	0	0
rs11210570	0	0	0	0	1	0	0	0	0
rs112131579	0	0	1	0	1	0	0	0	0
rs1121980	0	0	1	1	1	0	0	1	0
rs112632364	1	0	0	1	1	0	0	0	0
rs112652609	0	0	0	0	1	0	0	0	0
rs112656440	0	0	1	1	1	0	0	1	0
rs11267660	1	0	0	1	1	0	0	0	0
rs11286148	0	1	0	0	1	0	0	0	0
rs112862994	0	0	0	1	0	0	0	0	0
rs113039174	0	0	0	1	1	1	1	1	1
rs11315031	1	0	1	0	1	0	0	0	0
rs11316130	0	0	1	1	1	0	0	1	0
rs113289271	1	0	1	1	1	0	0	0	0
rs113314924	0	0	0	1	1	0	0	0	0
rs11383131	0	0	0	1	1	0	0	0	0
rs11384453	0	0	0	1	0	0	0	0	0
rs113935429	0	0	1	1	1	0	0	0	0
rs114083374	1	0	1	1	0	0	0	1	0
rs114250359	0	0	0	1	1	0	0	0	0
rs114540413	1	0	0	0	0	0	0	0	0
rs114703480	0	0	0	0	1	1	1	0	1
rs11513729	0	0	1	1	1	0	0	1	0
rs11515540	0	0	0	1	0	1	1	0	0
rs11572427	0	0	0	1	1	0	0	0	0
rs11572435	0	0	0	0	1	0	0	0	0
rs11572443	0	0	0	0	1	0	0	0	0
rs11572454	0	0	0	0	1	0	0	0	0
rs11576344	0	0	0	0	1	0	0	0	0
rs11585218	0	0	0	0	1	0	0	0	0
rs11585774	0	0	0	0	1	0	0	0	0
rs1158715	1	0	0	0	1	0	0	0	0
rs11608432	0	1	1	1	1	0	0	0	0
rs11608752	0	0	0	1	1	0	0	0	0
rs11609470	0	0	0	1	0	0	0	0	0
rs11614041	0	0	1	0	1	0	0	0	0
rs11614123	0	1	0	0	1	0	0	0	0
rs11614617	0	0	0	1	1	0	0	0	0
rs11614652	0	0	0	1	1	0	0	0	0
rs11615177	0	1	1	1	1	0	0	1	1
rs11617740	0	0	0	0	1	0	0	0	0
rs11617946	0	0	1	0	1	0	0	0	0
rs11619087	0	0	1	0	1	0	0	0	0
rs11619261	0	0	1	0	1	0	0	0	0
rs11619581	0	0	1	0	1	0	0	0	0
rs11619589	0	0	1	0	1	0	0	0	0
rs11642015	0	0	1	1	1	1	0	1	0
rs116422234	1	0	0	0	1	0	0	0	0
rs11649091	1	1	0	0	0	0	0	0	0
rs11677219	1	1	1	0	1	0	0	0	0
rs11678157	1	0	1	1	1	0	0	0	1
rs116802846	0	0	1	1	1	0	1	0	1
rs11687911	0	0	0	1	1	0	0	0	0
rs11695165	0	0	0	1	1	0	0	0	0
rs117018584	0	0	0	0	1	0	0	0	0
rs11707002	1	1	1	0	1	0	0	0	0
rs11719139	1	1	1	1	1	0	0	0	0
rs1173727	0	0	0	0	1	0	0	0	0
rs1173743	0	0	1	1	0	0	0	0	0
rs1173747	1	0	0	0	0	0	0	0	0
rs1173756	1	0	0	0	1	0	0	0	0
rs1173766	0	0	0	1	1	0	0	0	0
rs1173768	0	0	0	1	1	0	0	0	0
rs1173771	0	0	1	1	1	0	0	0	0
rs117484894	1	0	0	1	0	0	1	0	0
rs1177764	0	0	0	0	1	0	1	0	0
rs11789482	0	0	0	1	0	0	0	0	0
rs11999915	0	0	0	0	1	0	0	0	0
rs12003061	0	0	1	0	0	0	0	0	0
rs12003124	0	0	1	0	0	0	0	0	0
rs12003468	0	0	0	0	1	0	0	0	0
rs12027526	1	0	1	1	1	0	0	0	0
rs12028757	0	0	1	1	1	0	0	1	0
rs12042133	0	0	0	0	1	0	0	0	1
rs12047406	0	0	1	1	1	1	1	1	1
rs12050029	0	0	0	1	0	0	0	0	0
rs12149574	0	0	1	0	1	0	0	0	0
rs12149832	0	0	1	1	1	0	0	1	0
rs12163653	0	0	0	0	1	0	0	0	0
rs12262273	1	0	0	1	1	0	0	0	0
rs12263214	0	0	1	1	1	0	1	0	0
rs12377835	0	0	0	0	1	0	0	0	0
rs12469163	1	0	0	0	1	0	0	0	0
rs12470532	0	0	0	0	1	0	0	0	0
rs12471809	1	0	0	1	1	0	0	0	0
rs12473626	0	0	1	1	1	0	0	0	0
rs12474287	0	0	0	0	1	0	0	0	0
rs12475854	0	1	1	1	1	0	1	1	1
rs12476190	1	0	0	1	1	0	0	0	0
rs12509595	0	0	0	0	1	0	0	0	0
rs12561919	0	0	0	1	0	0	0	0	0
rs12563946	1	0	1	1	1	0	0	0	1
rs12564002	1	0	0	0	0	0	0	0	0
rs12565990	1	0	0	0	0	0	0	0	0
rs12566905	0	0	0	1	0	0	0	0	0
rs12567119	1	0	0	0	0	0	0	0	0
rs12567136	1	0	0	0	0	0	0	0	0
rs12614054	1	0	0	1	0	0	0	0	0
rs12622286	0	0	1	1	0	0	0	0	0
rs12641856	0	0	1	1	1	0	0	0	1
rs1265564	0	0	0	0	1	0	0	0	0
rs1265565	0	0	0	0	1	0	0	0	0
rs12656497	0	0	1	1	1	0	0	0	1
rs12715649	1	0	0	0	1	0	0	0	0
rs12715650	1	0	0	0	1	0	0	0	0
rs12715651	1	1	1	1	1	0	0	0	0
rs12723476	0	0	0	1	0	0	0	0	0
rs12724974	0	0	1	1	1	0	0	0	0
rs12738035	0	0	1	1	1	0	1	0	0
rs12743080	0	0	0	1	1	0	0	0	0
rs12750129	0	0	0	1	0	0	0	0	0
rs12756498	0	0	0	0	0	0	0	0	1
rs12774734	1	0	1	1	1	0	0	0	1
rs12775406	1	0	1	1	1	0	0	0	1
rs12986653	0	0	1	1	1	0	0	1	1
rs12986899	0	0	0	1	1	0	0	0	0
rs13001507	0	0	1	1	1	0	0	0	1
rs13002880	0	0	1	0	1	0	0	0	1
rs13003074	0	0	1	0	1	0	1	0	0
rs13005507	0	0	0	0	1	0	0	0	0
rs13007198	1	0	0	1	0	0	0	0	0
rs13007688	0	0	1	0	1	0	0	0	0
rs13020043	0	0	1	1	1	0	0	0	0
rs13020237	0	0	1	1	1	0	0	1	0
rs13023346	0	0	1	0	1	0	0	0	0
rs13024277	0	0	0	0	1	0	0	0	0
rs13024414	0	0	1	1	1	0	0	0	0
rs13024546	0	0	0	0	1	0	0	0	0
rs13030579	0	0	1	1	1	0	0	1	1
rs13030858	0	0	0	1	1	0	0	0	0
rs1305081	0	0	0	1	0	0	0	0	0
rs13075586	1	1	1	1	1	0	0	0	1
rs13125101	0	0	1	1	1	0	0	1	0
rs13149993	0	0	1	1	1	0	0	0	0
rs1323038	0	0	0	0	1	0	0	0	0
rs13250760	0	0	0	0	1	0	1	0	0
rs1325504	0	0	0	0	1	0	0	0	0
rs13267655	0	0	0	0	1	0	0	0	0
rs1327711	0	0	0	0	1	0	0	0	0
rs13280366	0	0	1	0	1	0	0	0	1
rs13306553	1	1	1	1	0	0	0	0	0
rs13306556	1	1	1	1	1	0	0	0	0
rs13306561	0	0	0	0	0	1	1	0	0
rs13323913	1	1	1	1	1	0	0	0	0
rs13323921	1	1	1	1	1	0	0	0	0
rs13414755	0	0	0	1	1	0	0	0	0
rs13415031	0	0	0	1	0	0	0	0	0
rs13418371	0	0	1	1	1	0	0	0	1
rs1345597	1	1	1	1	1	0	0	0	0
rs1371553	1	1	0	0	1	0	1	0	0
rs138252948	1	0	1	0	0	0	0	1	0
rs138382362	0	0	1	1	1	0	0	0	0
rs138473600	1	0	0	0	0	0	0	0	0
rs139348312	0	0	0	1	0	0	0	0	0
rs139569786	1	0	0	0	1	0	0	0	0
rs139756876	0	0	1	1	1	1	0	0	0
rs140250078	0	0	0	1	1	0	0	0	0
rs140586031	1	0	0	0	1	0	0	0	0
rs1408948	0	0	0	1	1	0	0	0	0
rs141014640	1	0	0	0	0	1	1	0	0
rs141240724	0	0	0	1	0	0	0	0	0
rs141326273	0	0	0	0	1	0	0	0	0
rs141488232	1	0	0	1	0	0	0	0	0
rs1415927	0	0	0	0	1	0	0	0	0
rs1421085	0	0	1	1	1	0	0	1	0
rs1421086	0	0	0	1	1	0	0	0	0
rs142218582	1	0	1	1	0	1	0	0	0
rs142489028	1	0	0	0	0	0	0	0	0
rs142774631	0	0	0	1	0	0	0	0	0
rs142880174	1	0	0	1	1	0	0	0	0
rs14297	1	0	0	0	0	0	0	0	0
rs143241023	1	1	1	1	1	0	0	0	0
rs1434079	1	0	0	0	1	0	0	0	0
rs143553702	1	0	1	1	0	1	0	0	0
rs143686796	0	0	0	1	0	0	0	0	0
rs143847935	0	0	0	0	1	0	0	0	0
rs144340461	0	0	0	1	0	0	1	0	0
rs144727070	0	0	0	0	1	0	0	0	0
rs144744389	0	0	0	0	1	0	0	0	0
rs144795462	1	0	1	1	0	1	0	0	0
rs1449569	0	0	0	0	1	0	0	0	0
rs145405535	1	1	1	1	1	0	1	0	0
rs145421873	0	0	0	0	1	0	0	0	0
rs1456204	0	0	0	0	1	0	0	0	0
rs145628269	1	0	1	0	0	0	0	1	0
rs145641960	1	0	0	0	0	0	0	0	0
rs145724263	1	0	0	0	0	0	0	0	0
rs1458038	0	0	1	0	1	0	0	0	0
rs146438129	0	0	0	0	1	0	0	0	0
rs146777460	1	0	0	0	0	0	0	0	0
rs1470096	1	0	1	1	1	0	0	0	0
rs1470097	1	0	0	1	1	0	0	0	0
rs147033539	0	0	0	0	1	0	0	0	0
rs147124396	1	0	0	0	0	0	0	0	0
rs148003836	0	0	0	1	1	0	0	0	0
rs148054583	1	0	0	1	1	0	0	0	0
rs148063150	0	0	0	0	0	0	1	0	0
rs148273372	0	0	0	1	1	1	1	1	1
rs148317339	0	0	0	0	1	0	0	0	0
rs1488366	0	0	1	0	1	0	0	1	0
rs149002827	1	0	0	0	0	0	0	0	0
rs149090958	0	0	0	0	1	0	0	0	0
rs1493586	1	0	0	1	1	0	0	0	0
rs1493587	1	0	0	1	1	0	0	0	0
rs1493588	1	0	0	1	1	0	0	0	0
rs1493590	1	0	0	1	0	0	0	0	0
rs149393118	1	0	1	1	0	1	0	0	0
rs149427560	0	0	1	1	1	1	1	1	1
rs149433236	0	0	0	0	1	0	0	0	0
rs149555792	1	0	0	0	0	0	0	0	0
rs149764880	1	0	0	0	0	0	0	0	0
rs150081366	0	0	0	1	1	0	0	0	0
rs150165613	0	0	0	1	1	0	0	0	0
rs150515479	0	0	0	0	0	0	1	0	0
rs1529195	0	0	0	0	1	0	0	0	1
rs1530621	0	0	1	1	1	0	0	1	1
rs1530624	0	0	0	1	1	0	0	0	1
rs1537514	1	1	1	1	1	0	0	1	0
rs1537515	0	1	1	1	1	0	0	1	1
rs1537516	0	1	1	1	1	0	0	1	1
rs1550381	0	1	1	1	1	0	0	1	1
rs1550382	0	1	1	1	1	0	0	1	1
rs1553398	0	0	0	1	1	0	0	0	0
rs1553399	0	0	0	1	1	0	0	0	0
rs1556832	0	0	1	1	1	0	0	0	0
rs1558901	0	0	1	0	1	0	0	1	0
rs1558902	0	0	1	0	1	0	0	1	0
rs1560868	1	1	1	1	1	0	0	0	1
rs1562687	1	0	0	1	0	0	0	0	0
rs1572881	0	0	1	1	1	0	0	0	0
rs1574448	1	0	1	1	1	0	0	0	1
rs1574449	1	0	1	1	1	0	0	0	0
rs1597040	0	0	1	0	0	0	0	0	0
rs1642645	0	0	1	1	1	1	1	1	1
rs1648392	0	0	0	0	1	0	0	0	0
rs16873895	0	0	0	0	1	0	0	0	0
rs16873909	0	0	0	0	1	0	0	0	0
rs16919002	0	0	0	0	1	0	0	0	0
rs16919024	1	0	0	0	0	0	0	0	0
rs16931328	1	0	1	1	1	0	0	0	0
rs16998073	0	0	0	0	1	0	0	0	0
rs17023943	0	0	0	1	0	0	0	0	0
rs17024019	0	0	0	0	1	0	0	1	0
rs17037388	1	1	1	1	0	1	0	1	0
rs17037390	1	1	1	1	0	0	0	1	0
rs17037396	1	1	1	1	1	1	1	1	1
rs17037425	1	0	0	0	0	0	0	0	0
rs17037427	1	0	1	0	0	0	0	1	0
rs17037429	1	0	1	0	0	0	0	0	0
rs17037432	1	0	1	1	0	0	0	0	0
rs17037434	1	0	1	1	0	0	0	0	0
rs17037435	1	0	1	1	0	0	0	0	0
rs17037452	1	0	0	0	0	0	0	0	0
rs17040322	1	0	0	0	1	1	0	0	0
rs17044977	0	0	0	1	1	0	0	0	0
rs17067242	0	0	1	0	1	0	0	0	0
rs17087026	1	1	0	0	1	0	0	0	0
rs17092258	0	0	0	1	1	0	0	0	0
rs17092492	0	0	1	1	1	0	0	0	0
rs17126347	0	0	1	0	1	0	0	0	0
rs17130574	0	0	0	1	1	0	0	0	0
rs17130583	1	0	0	0	1	0	0	0	0
rs17130585	0	0	1	1	1	0	0	0	0
rs171839	0	0	1	1	1	0	0	1	1
rs17189980	0	0	0	1	0	0	0	0	0
rs17195603	0	0	0	0	1	0	0	0	0
rs17195631	1	0	0	0	0	0	0	0	0
rs17195637	1	0	0	0	0	0	0	0	0
rs17196290	0	0	0	0	1	0	0	0	0
rs17356664	1	0	0	0	0	0	1	0	0
rs17367504	0	1	1	1	1	1	1	1	1
rs17367629	0	0	0	0	0	1	1	1	1
rs17376286	1	0	1	1	0	0	0	0	0
rs17402108	0	0	0	0	1	0	0	0	0
rs17402857	0	0	1	1	1	0	0	1	0
rs17403667	0	0	1	0	1	0	0	0	0
rs17404179	1	0	1	1	1	0	0	0	0
rs17412582	0	0	0	0	1	0	0	0	0
rs17412623	0	0	0	1	1	0	0	0	0
rs17412734	0	0	0	0	1	0	0	0	0
rs17412740	0	0	0	0	1	0	0	0	0
rs17419467	0	0	0	1	1	0	0	0	0
rs17421560	1	1	1	1	0	0	0	1	0
rs17480623	0	0	0	1	1	0	0	0	0
rs17480721	0	0	1	1	1	0	1	1	0
rs17480784	1	0	1	1	1	0	0	1	0
rs17480798	1	0	1	1	1	0	0	1	0
rs17480903	0	0	1	1	1	0	0	1	0
rs17481043	0	0	0	0	1	0	0	1	0
rs17481320	0	0	1	1	1	0	1	1	0
rs17482515	0	0	1	0	1	0	0	0	0
rs17490756	0	0	1	1	1	0	0	0	0
rs17490805	0	0	0	1	1	0	0	0	0
rs17490847	0	0	0	1	1	0	0	0	0
rs1754989	1	0	0	0	0	0	0	0	0
rs1754991	1	0	0	0	0	0	0	0	0
rs17555115	0	0	1	0	1	0	0	0	0
rs17628742	0	0	1	1	1	0	0	0	0
rs17629979	0	0	0	0	1	0	0	0	0
rs17635718	0	0	0	0	1	0	0	0	0
rs17636747	0	0	1	1	1	0	0	0	0
rs17686743	0	0	0	0	1	0	0	0	0
rs1776565	0	0	1	0	0	0	0	0	0
rs1776566	0	0	1	0	0	0	0	0	0
rs17784233	1	1	1	1	1	0	0	0	0
rs17787916	0	0	0	1	1	0	0	0	0
rs17787940	1	1	1	1	1	1	1	1	1
rs17817004	0	0	0	0	1	0	0	0	0
rs17817449	0	0	1	1	1	0	0	0	0
rs17817497	0	0	1	1	1	0	0	1	1
rs17817712	0	0	0	1	1	0	0	0	0
rs17817964	0	0	1	0	1	0	0	0	0
rs181793400	0	0	0	0	1	0	0	0	0
rs1818146	0	0	0	1	0	0	0	0	0
rs183173	0	0	1	1	1	0	0	1	1
rs1847842	0	0	0	0	1	0	0	0	0
rs1847843	0	0	0	0	1	0	0	0	0
rs1869081	0	0	0	0	1	0	0	0	0
rs1873944	1	0	0	1	0	0	0	0	0
rs1900591	0	0	1	1	0	0	0	1	0
rs1902859	0	0	1	1	1	0	0	0	0
rs1947220	0	1	1	1	1	0	0	0	0
rs1994876	1	1	1	1	1	1	0	0	1
rs199952722	0	0	0	0	1	0	0	0	0
rs2001181	1	1	0	0	1	0	0	0	1
rs200198255	0	0	0	0	1	0	0	0	0
rs2005365	0	0	1	0	1	0	0	0	0
rs200750151	0	0	1	1	1	1	0	1	0
rs2013002	0	0	1	1	1	0	0	1	0
rs201340576	1	0	1	0	0	0	0	0	0
rs201399553	0	0	0	1	1	0	0	0	0
rs201940822	0	0	0	0	1	0	0	0	0
rs202031558	1	0	0	0	1	0	0	0	0
rs202099530	0	0	1	0	1	0	0	0	0
rs202201784	1	0	0	1	1	0	0	0	0
rs2043451	0	0	0	1	1	0	1	0	0
rs2053367	0	1	1	1	1	0	0	0	0
rs2060392	1	0	0	1	1	0	0	0	0
rs2066462	1	1	1	0	0	0	0	0	0
rs2066470	1	0	0	0	1	1	1	1	1
rs2073719	1	1	0	1	0	1	1	1	0
rs2075538	1	0	0	0	0	0	0	0	0
rs2076001	1	0	0	0	0	0	0	0	0
rs2076002	1	0	0	0	0	0	0	0	0
rs2086886	0	0	0	1	1	0	0	0	0
rs2117278	0	1	1	1	1	0	0	0	0
rs2117279	1	0	0	1	0	0	0	0	0
rs2117280	1	0	0	1	0	0	0	0	0
rs2121698	0	0	0	1	1	0	0	0	1
rs2121700	0	0	0	0	1	0	0	0	0
rs2122270	0	0	0	0	1	0	0	0	0
rs2122714	0	0	0	0	1	0	0	0	0
rs2151654	0	0	1	1	1	1	1	1	1
rs2162369	0	0	0	0	0	0	0	0	1
rs2167037	1	1	0	1	1	1	0	0	0
rs2169990	0	0	1	1	1	0	0	0	1
rs2184227	0	0	1	1	1	0	0	0	0
rs2197901	1	0	1	1	1	0	0	0	0
rs2218727	1	0	1	1	1	0	0	0	0
rs2236796	1	0	0	0	0	0	0	0	0
rs2236797	1	0	0	0	0	0	0	0	0
rs2240065	0	0	0	1	0	0	0	0	0
rs2243834	1	0	1	1	1	0	0	0	0
rs2276555	0	0	1	0	1	0	0	0	0
rs2279720	0	0	0	0	0	1	1	1	0
rs2289021	0	0	1	1	1	0	0	0	0
rs2289022	1	0	0	0	0	0	0	1	0
rs2296282	0	0	0	1	1	1	1	1	1
rs2319469	0	0	0	0	1	0	0	0	0
rs2329029	1	0	1	1	1	0	0	1	0
rs236717	0	0	0	0	1	0	0	0	1
rs236719	0	0	0	0	1	0	1	0	1
rs236720	0	0	0	0	1	0	0	0	0
rs2384321	1	1	1	0	1	0	0	0	0
rs2384322	0	0	1	1	1	1	0	1	0
rs2384323	0	0	0	1	1	0	0	0	0
rs2384324	1	0	0	0	0	0	0	0	0
rs238675	0	0	0	0	1	0	0	0	0
rs2433349	1	0	0	0	0	0	0	0	0
rs2453274	0	0	0	1	1	0	0	0	0
rs2453338	0	0	0	0	1	0	0	0	0
rs2463765	0	0	0	0	1	0	0	0	0
rs2463772	0	0	0	0	1	0	0	0	0
rs2480482	1	1	1	1	0	0	0	0	0
rs259979	1	0	1	1	1	0	0	0	0
rs259983	0	0	1	1	1	1	1	1	0
rs259990	0	0	1	1	1	0	0	0	1
rs260013	1	1	0	0	1	0	0	0	0
rs260014	1	0	1	0	1	0	0	0	0
rs260015	0	0	0	0	1	0	0	0	0
rs260020	0	0	0	0	1	0	0	0	0
rs270534	0	0	0	0	1	0	0	0	0
rs270543	0	0	0	0	1	0	0	0	0
rs270547	0	0	0	1	1	0	0	0	0
rs270578	0	0	1	0	1	0	0	0	0
rs270594	0	0	1	1	1	0	0	0	0
rs2826533	0	0	0	1	0	0	0	0	0
rs28360972	0	0	1	1	1	0	0	0	1
rs28360974	0	0	1	1	1	0	0	0	0
rs28429148	0	0	0	0	1	0	0	0	0
rs28498059	0	0	0	0	1	1	1	1	1
rs28522795	0	0	0	1	0	0	0	0	0
rs28562191	0	0	0	0	1	0	0	0	0
rs28567725	0	0	0	1	0	0	1	0	0
rs28699126	1	0	1	1	1	0	0	0	0
rs2881322	0	0	1	1	1	0	0	0	0
rs2886564	0	0	0	0	1	0	0	0	1
rs2891490	0	0	0	1	0	0	0	0	0
rs2897661	1	0	0	1	0	0	0	0	0
rs2903657	0	0	1	1	1	0	0	0	1
rs3062379	0	0	0	0	1	0	0	0	0
rs3094226	1	1	0	1	0	1	1	1	0
rs3094606	0	0	1	1	1	0	0	0	1
rs3094607	1	1	0	1	1	0	0	0	0
rs3094608	0	0	1	1	1	1	1	1	1
rs3094609	0	0	0	0	0	1	1	1	1
rs3094610	0	0	0	1	0	1	1	1	0
rs3095237	0	0	0	1	1	0	0	0	0
rs3095238	0	0	0	1	1	0	0	0	0
rs3095246	0	0	1	1	1	0	0	1	1
rs3130460	0	0	0	0	1	0	0	0	0
rs3130461	0	1	1	1	1	1	1	1	1
rs3130462	0	0	0	0	0	1	1	1	1
rs3130463	0	0	0	0	0	1	1	1	1
rs3130468	0	0	0	1	1	0	0	0	0
rs3130503	0	0	0	1	1	1	1	1	0
rs3130509	0	0	0	0	1	0	0	0	0
rs3130512	0	0	1	1	1	0	0	0	0
rs3130515	0	0	0	0	1	0	0	0	0
rs3130516	0	0	0	0	1	0	0	0	0
rs3130575	1	0	0	1	0	0	0	1	0
rs3130950	0	0	0	0	1	0	0	0	0
rs3130952	0	0	1	1	1	0	0	0	0
rs3131011	1	0	1	1	1	0	0	0	0
rs3131017	0	0	1	1	1	0	0	1	0
rs3132490	0	0	0	0	1	0	0	0	0
rs3132491	0	0	0	1	1	0	0	0	0
rs3132501	0	0	0	1	0	0	0	0	0
rs3132503	0	0	1	0	1	0	0	0	0
rs3132504	0	0	1	1	1	0	0	0	0
rs3132507	0	0	1	1	1	0	0	0	0
rs3132508	0	0	0	1	1	0	0	0	0
rs3132509	0	0	0	1	1	0	0	0	0
rs3132511	1	1	1	1	1	0	1	1	0
rs3132517	1	0	1	1	1	0	1	0	0
rs3132539	1	0	0	1	0	0	0	1	0
rs3132540	1	0	1	1	1	0	0	0	0
rs3134748	0	0	0	0	1	0	0	0	0
rs3177055	1	0	1	1	1	0	0	0	1
rs3184504	1	1	1	1	0	0	0	0	0
rs34056739	0	0	0	0	1	0	0	0	0
rs34077229	0	0	0	0	1	0	0	0	0
rs34096624	0	0	0	1	1	0	0	0	0
rs34161434	0	0	0	1	1	0	0	0	0
rs34324771	1	0	0	0	0	0	0	0	0
rs34377174	0	0	0	0	1	0	0	0	0
rs34377596	1	0	1	1	1	0	0	1	0
rs34386892	1	1	1	1	1	0	0	1	1
rs34401764	0	0	0	1	1	0	1	1	1
rs34422769	0	0	1	1	0	0	0	0	0
rs34509173	1	0	0	1	1	0	0	0	1
rs34536218	1	0	1	0	1	0	0	0	0
rs34573741	1	0	0	0	1	0	0	0	0
rs34627841	0	0	1	1	1	0	0	1	0
rs34628847	0	0	1	1	0	0	0	0	0
rs34651751	1	1	1	1	1	0	0	0	0
rs34653545	1	0	0	0	1	0	0	0	0
rs34663368	0	0	0	1	1	0	1	0	0
rs346746	1	0	0	0	1	0	0	0	0
rs346747	0	0	0	0	1	0	0	0	0
rs346748	0	0	0	0	1	0	1	0	0
rs34766024	0	0	1	1	1	0	0	0	0
rs348139	0	0	0	0	1	0	0	0	0
rs34854267	0	0	1	1	1	0	0	0	1
rs34860915	0	0	1	1	0	0	0	0	0
rs34929018	0	0	0	1	1	0	0	0	0
rs35024516	0	0	1	0	1	0	0	1	0
rs35156964	1	1	1	1	1	0	0	0	0
rs35185630	0	0	0	0	1	0	0	0	0
rs35224700	0	0	1	1	1	1	0	1	1
rs35242283	0	0	1	1	1	0	0	0	1
rs35271799	0	0	0	1	1	0	0	0	0
rs35345671	1	0	0	0	0	0	0	0	0
rs35350651	1	0	1	1	1	0	0	0	0
rs35413760	0	1	1	1	1	0	1	1	1
rs35464336	1	1	1	1	0	0	0	1	0
rs35509718	0	0	1	0	1	0	0	0	0
rs35528467	1	0	0	0	1	0	0	0	0
rs35569326	1	0	0	0	1	0	0	0	0
rs35607685	0	0	0	0	1	0	0	0	0
rs35673104	0	0	0	1	0	0	0	0	0
rs35709953	1	0	0	1	1	0	0	0	0
rs35732202	0	0	0	1	1	0	0	0	0
rs35739399	0	0	1	1	1	0	1	0	0
rs35748675	0	0	1	1	0	0	0	0	0
rs35787518	1	0	1	1	1	0	0	0	0
rs35800447	0	0	1	0	0	0	0	0	0
rs35844686	0	0	0	0	0	0	1	0	0
rs35993804	0	0	1	1	0	0	0	0	0
rs36006825	0	0	1	1	1	0	0	0	1
rs36029635	0	0	0	1	0	0	0	0	0
rs36075189	1	0	1	1	1	0	0	0	1
rs36077893	0	0	1	1	1	0	0	0	0
rs36080326	1	0	0	0	0	1	0	0	0
rs36099818	1	0	0	0	1	0	0	0	0
rs3732986	1	0	0	1	0	0	0	0	0
rs3732987	1	0	0	1	0	0	0	0	0
rs3732988	1	0	0	1	0	0	0	0	0
rs3751812	0	0	1	0	1	0	0	0	0
rs3751814	0	0	1	0	1	0	0	0	0
rs3753582	0	0	0	0	0	1	1	1	0
rs3753584	0	0	1	1	1	1	1	1	1
rs3753588	0	0	1	1	1	1	0	1	1
rs3754357	0	1	0	0	0	1	1	1	0
rs375874152	0	0	1	0	1	0	0	0	0
rs3766747	1	1	0	1	0	0	0	0	0
rs3768331	1	0	0	1	0	0	0	0	0
rs3774218	1	0	0	1	1	0	0	0	0
rs3774219	1	1	1	1	1	0	0	0	0
rs3774220	1	1	1	1	1	0	0	0	0
rs3774221	1	1	1	1	1	1	0	1	1
rs3774222	1	1	1	1	1	1	0	1	1
rs3774223	1	1	1	1	1	1	1	0	1
rs3786066	1	1	0	0	1	0	1	0	0
rs3795768	1	0	0	1	1	0	0	0	0
rs3814045	0	0	0	0	1	0	0	0	0
rs3820192	0	1	1	1	1	0	0	1	1
rs3834043	0	0	0	0	0	1	1	0	0
rs3834044	0	0	0	0	0	1	1	1	1
rs3834045	0	0	1	1	1	1	1	1	1
rs3836783	0	0	0	0	1	0	0	0	0
rs3840194	0	0	0	0	1	0	0	0	0
rs3845574	0	0	1	0	0	0	0	0	0
rs3856258	0	0	1	0	1	0	0	0	0
rs3856259	0	0	0	0	1	0	0	0	0
rs3856396	1	0	0	0	1	0	0	0	0
rs3910272	1	1	1	0	1	0	0	0	0
rs3955310	0	0	1	1	1	0	1	1	0
rs41275458	0	0	0	0	1	0	0	0	0
rs41275472	1	1	0	0	0	0	0	0	0
rs41275488	1	0	0	0	0	0	0	0	0
rs41285975	1	0	0	0	1	0	0	1	0
rs41307759	0	0	0	1	1	0	0	0	0
rs41343448	0	0	0	0	1	0	0	0	0
rs41373744	0	0	0	1	1	0	0	0	0
rs41401348	0	0	1	0	0	0	0	0	0
rs4143538	1	1	1	0	1	0	0	0	0
rs4143966	1	0	0	1	1	0	0	0	0
rs4143967	1	1	1	1	1	0	0	0	1
rs4233708	0	0	1	1	1	0	1	1	0
rs4233709	0	0	1	1	1	1	0	1	1
rs4233710	0	0	1	1	1	1	0	1	1
rs4262813	0	0	1	0	1	0	0	0	0
rs4268650	0	0	1	1	1	0	0	0	0
rs4268651	0	0	1	1	1	0	0	0	0
rs430409	0	0	0	0	1	0	0	0	0
rs4312543	0	0	0	0	1	0	0	0	0
rs4343960	0	0	0	1	0	0	0	0	0
rs4455523	0	0	0	0	1	0	0	0	0
rs4508782	0	0	0	1	0	0	0	0	0
rs4549147	0	0	0	0	1	0	0	0	0
rs45553335	1	0	1	1	0	0	0	0	0
rs45589544	1	1	1	1	1	1	1	1	1
rs45603435	1	0	1	1	1	1	1	1	1
rs4563285	0	0	0	0	1	0	0	0	0
rs459588	0	0	0	0	1	0	0	0	0
rs4612028	0	0	0	0	1	0	0	0	0
rs4655789	0	0	1	1	1	0	1	0	0
rs4660210	0	0	0	0	1	0	0	0	0
rs4660585	0	0	0	0	1	0	0	0	0
rs4660586	0	0	0	0	1	0	0	0	0
rs4660587	0	0	0	1	1	0	0	0	0
rs4660595	0	0	0	1	1	0	0	0	0
rs4665299	0	0	0	0	0	1	1	1	0
rs4665303	1	0	0	0	1	0	0	0	0
rs4665304	0	0	0	1	1	0	0	0	0
rs4665305	0	0	0	1	1	0	0	0	0
rs4665306	1	0	0	1	1	0	0	0	0
rs4665308	1	0	0	0	1	0	0	0	0
rs4665309	1	0	0	0	1	0	0	0	0
rs4665809	0	0	0	1	1	0	1	0	0
rs4665811	1	1	0	0	1	0	1	0	1
rs4665812	1	0	0	0	1	0	0	0	0
rs4665813	1	0	0	0	1	0	0	0	0
rs4665814	1	0	0	1	1	0	0	0	0
rs4665816	0	0	0	0	1	0	0	0	0
rs4665817	0	0	0	0	1	0	0	0	0
rs4665819	1	1	1	1	1	0	0	0	0
rs4665820	1	1	1	1	1	0	0	0	0
rs4665821	1	0	1	1	1	0	0	0	0
rs4665822	1	0	1	1	1	0	0	0	0
rs4665823	1	0	0	1	1	0	0	0	0
rs4665826	0	0	1	1	1	0	0	0	0
rs4766578	0	0	0	1	1	0	0	0	0
rs4769602	0	0	0	0	1	1	1	1	1
rs4769612	0	0	1	1	1	0	0	0	0
rs4769613	0	0	1	1	1	0	0	0	0
rs4769628	0	0	1	1	1	1	1	1	1
rs4816836	0	0	1	0	1	0	0	0	0
rs4846798	0	0	0	1	1	0	0	0	0
rs4846799	0	0	0	1	1	0	0	0	0
rs4880372	1	0	1	1	1	0	0	0	0
rs4880374	0	0	0	0	1	0	0	0	0
rs4880376	0	0	0	1	1	0	0	0	0
rs4885453	0	0	0	1	1	0	0	0	0
rs4921708	0	0	0	1	1	0	0	0	0
rs4921713	0	0	0	0	1	0	0	0	0
rs4922177	0	0	0	0	1	0	0	0	0
rs4922178	0	0	1	1	1	0	0	0	0
rs4922179	0	0	0	1	1	0	0	0	0
rs4922187	0	0	0	1	0	0	0	0	0
rs4922189	0	0	0	0	1	0	0	0	0
rs4952830	0	0	1	0	1	0	0	0	0
rs4953387	0	0	1	0	1	0	0	0	0
rs4953388	0	0	0	0	1	0	0	0	0
rs4953389	0	0	0	0	1	0	0	0	0
rs4953390	0	0	0	0	1	0	0	0	0
rs4953397	0	0	0	0	1	0	0	0	0
rs5023913	0	0	0	0	1	0	0	0	0
rs545754411	0	0	1	1	1	0	0	0	0
rs547926242	0	0	0	0	1	0	0	0	0
rs55645287	0	1	1	1	1	1	1	1	1
rs556787691	0	0	0	1	0	0	0	0	0
rs55685198	0	0	0	1	1	0	0	0	0
rs55728339	0	0	0	0	1	0	0	0	0
rs55738118	0	0	0	0	1	0	0	0	0
rs55738737	1	0	0	0	1	0	0	0	0
rs55754287	1	0	1	1	1	0	0	1	0
rs55773920	0	0	1	0	1	0	0	0	0
rs55780505	0	0	1	1	1	0	0	0	0
rs55787711	1	0	1	1	1	0	0	0	0
rs55788159	1	1	0	0	0	0	0	0	0
rs55800247	1	0	0	0	0	0	0	0	0
rs55814225	1	1	0	1	1	1	1	0	0
rs55820567	1	0	1	1	1	1	1	1	1
rs55836203	0	0	0	1	1	0	0	0	0
rs55851065	1	0	0	0	0	0	0	0	0
rs55857306	1	0	0	0	0	0	0	0	0
rs55867221	0	0	1	1	1	1	1	1	1
rs55872725	0	0	1	1	1	0	0	0	0
rs55873067	1	0	0	0	1	0	0	0	0
rs55873222	1	0	0	0	1	0	0	0	0
rs55873785	0	0	0	1	0	1	1	0	0
rs55890341	1	0	1	1	1	0	1	1	0
rs55893390	0	0	0	1	1	0	0	0	0
rs55927955	0	0	0	0	0	1	1	1	1
rs55929441	1	0	0	0	1	0	1	0	0
rs55967531	0	0	0	1	1	0	0	0	0
rs55968150	0	0	1	1	1	0	0	0	0
rs55990055	0	0	0	1	0	0	0	0	0
rs55994631	1	1	0	0	1	0	0	0	0
rs56001051	0	0	0	1	1	0	0	0	0
rs56094641	0	0	1	1	1	0	0	0	0
rs56123155	0	0	1	1	1	0	0	1	0
rs56136608	0	0	1	1	1	0	0	0	0
rs56137757	0	0	0	0	1	0	0	0	0
rs56153133	1	0	0	0	0	0	0	0	0
rs56157706	0	0	0	1	1	0	0	0	0
rs56166620	0	1	1	1	1	0	0	1	1
rs56171374	0	0	1	0	1	0	0	0	0
rs56178811	0	0	1	1	1	0	0	1	1
rs56221660	1	1	1	1	1	1	1	1	1
rs56260590	0	0	0	0	1	0	0	0	0
rs56313538	0	0	1	0	1	0	0	0	0
rs56313628	0	0	1	0	1	0	0	0	0
rs56692848	0	0	1	0	1	0	0	0	0
rs567163678	1	0	1	0	1	0	0	0	0
rs57292959	0	0	0	0	1	0	0	0	0
rs57396208	0	0	0	0	0	0	0	0	1
rs57418210	0	0	0	0	1	0	0	0	0
rs57441762	1	0	0	0	1	0	0	0	0
rs57710852	0	0	0	0	1	1	1	1	1
rs5780956	0	0	1	1	1	0	0	0	0
rs57818221	0	0	1	1	1	1	1	1	0
rs57875316	0	0	0	0	1	0	0	0	0
rs5797201	0	0	1	1	1	0	0	0	0
rs58068200	1	0	0	0	1	0	0	1	0
rs58147233	0	0	1	1	1	0	0	0	0
rs5829992	0	1	0	0	1	0	0	0	0
rs5829994	1	0	0	0	1	0	0	0	0
rs5829995	1	0	0	1	1	0	0	0	0
rs5829996	0	1	1	1	1	1	1	1	0
rs5829998	1	0	0	0	0	1	0	0	0
rs5829999	0	0	0	0	1	0	0	0	0
rs58501663	0	0	1	1	1	0	0	0	0
rs58860447	0	0	0	0	1	0	0	0	0
rs591576	1	1	1	1	1	0	0	0	1
rs598945	0	0	0	0	0	1	1	1	1
rs59909742	1	1	1	1	1	1	1	1	1
rs59999980	0	0	0	1	1	0	0	0	0
rs60011653	0	0	0	1	1	1	1	0	0
rs60128410	0	0	0	1	1	0	0	1	0
rs6026739	0	0	0	1	1	1	0	1	0
rs6026740	0	0	1	1	1	0	0	1	1
rs6026742	0	0	1	1	1	0	0	1	1
rs60591302	0	0	0	0	1	0	0	0	0
rs60595950	0	0	0	1	0	0	0	0	0
rs606861	1	0	1	1	1	0	1	1	1
rs6139878	1	0	1	0	1	0	1	1	1
rs6139879	1	0	0	0	1	0	1	0	1
rs6139882	0	1	1	1	1	0	0	1	0
rs6139886	0	0	0	1	1	0	0	0	0
rs61523912	1	0	0	0	0	0	0	0	0
rs61920162	1	0	1	1	1	0	0	0	0
rs61920184	0	0	1	0	1	0	0	1	0
rs61920188	0	0	0	1	1	1	0	0	0
rs61920191	1	0	1	1	1	0	0	0	0
rs61920578	0	0	0	1	1	0	0	0	0
rs61920587	1	0	1	1	1	0	0	0	0
rs61920588	1	0	0	1	1	0	1	0	0
rs61920590	0	0	0	1	1	0	0	0	0
rs61920591	0	0	1	1	1	1	0	1	0
rs61920593	1	0	0	1	1	0	0	0	0
rs61920594	1	0	0	1	1	0	0	0	0
rs61920601	0	0	1	1	1	0	0	1	1
rs62033399	0	0	1	1	1	0	0	0	0
rs62033400	0	0	1	1	1	0	0	0	0
rs62033403	0	0	0	1	1	0	0	0	0
rs62033404	0	0	0	1	1	0	0	0	0
rs62033405	0	0	0	1	1	0	0	0	0
rs62033408	0	0	0	0	1	0	0	0	0
rs62033413	0	0	0	1	0	0	0	0	0
rs62048402	0	0	1	0	1	0	0	1	0
rs62128394	1	0	0	1	1	0	0	0	0
rs62134698	0	0	0	0	1	0	0	0	0
rs62238098	1	1	1	1	1	0	0	0	0
rs62349562	0	0	0	0	1	0	0	0	0
rs62454591	0	0	0	1	1	0	0	0	0
rs62454592	0	0	0	1	1	0	0	0	0
rs624575	1	1	1	1	1	0	1	0	1
rs639559	0	0	0	0	1	0	0	0	0
rs6443193	1	0	0	1	1	0	0	0	0
rs6443194	1	0	0	0	0	0	0	0	0
rs6479004	0	0	0	0	1	0	0	0	0
rs6479005	0	0	1	1	1	0	0	0	0
rs6490321	1	0	1	0	0	0	0	0	0
rs6490322	1	0	0	0	0	0	0	0	0
rs6490323	0	0	0	1	0	0	0	0	0
rs653178	0	1	1	1	1	0	0	1	0
rs6541001	0	0	0	0	1	0	0	0	0
rs6544898	0	0	0	1	1	0	0	0	0
rs6546715	1	0	0	0	1	0	1	0	1
rs6546716	1	0	0	0	1	0	0	0	1
rs6546725	1	0	0	1	1	0	0	0	0
rs6546726	1	0	0	1	1	0	0	0	0
rs6546727	1	0	0	1	1	0	0	0	1
rs6546728	1	0	0	0	1	0	0	0	0
rs6546729	0	0	0	0	1	0	0	0	0
rs6546736	0	1	1	1	1	0	0	1	0
rs6546744	1	0	0	0	1	0	0	0	0
rs6546749	0	0	0	0	1	0	0	0	0
rs6546780	1	0	0	0	0	0	0	0	0
rs6563695	0	0	1	1	1	0	1	1	1
rs6586910	0	0	0	1	1	0	0	0	0
rs6600394	0	0	1	0	1	0	0	0	0
rs662560	0	0	0	0	1	0	1	0	1
rs6660579	0	0	1	0	1	0	0	1	0
rs6665802	1	0	0	1	1	0	0	0	0
rs6681177	0	0	0	1	1	0	0	0	0
rs6684076	0	0	1	1	1	0	0	0	0
rs6687229	1	0	1	0	0	0	0	0	0
rs6688187	0	0	0	0	1	0	0	0	0
rs6689536	0	0	0	0	1	0	0	0	0
rs6690530	0	0	0	1	1	0	0	0	0
rs66908032	0	0	1	1	1	0	0	0	0
rs6691440	1	0	0	0	1	0	0	0	0
rs6695748	0	0	1	0	1	0	0	1	0
rs6696291	0	0	0	0	1	0	1	1	1
rs6697335	1	0	0	0	1	0	0	0	0
rs6698877	0	0	0	0	1	0	1	1	1
rs6699270	1	0	0	0	1	0	0	0	0
rs6699618	1	0	1	1	1	0	0	0	0
rs6699827	1	0	0	0	1	0	0	0	0
rs6701960	1	0	0	0	1	0	0	0	0
rs6703535	1	0	0	1	1	0	0	0	0
rs6704930	1	0	0	1	0	0	0	0	0
rs6705	1	0	1	1	1	0	0	0	0
rs670513	1	0	1	0	1	0	0	0	0
rs6709595	1	1	0	0	1	1	1	1	1
rs6715739	1	0	0	0	0	0	0	0	0
rs6718875	0	0	1	1	1	0	0	1	1
rs6720012	1	0	0	0	1	0	0	0	0
rs6720312	1	0	0	0	0	0	0	0	0
rs6720314	1	0	0	1	1	0	0	0	0
rs6727978	0	0	0	1	1	0	0	0	0
rs6729080	1	0	0	0	1	0	0	0	0
rs6729191	1	0	1	1	1	0	0	0	0
rs6729757	1	0	0	0	0	0	0	0	0
rs6729795	1	0	1	1	1	0	0	0	0
rs6733782	0	0	1	0	1	0	0	0	0
rs6735145	1	0	0	0	1	0	0	0	0
rs6739061	0	0	0	1	0	1	1	1	1
rs6742226	1	0	1	1	1	0	0	0	0
rs6748745	1	0	0	1	1	0	0	0	0
rs6749855	0	0	1	1	1	0	1	1	1
rs6750681	0	0	0	0	1	0	0	0	0
rs6750695	0	0	0	0	1	0	0	0	0
rs6757564	0	0	0	0	1	0	0	0	0
rs6758545	1	0	1	1	1	0	0	0	0
rs6763808	1	1	1	1	1	0	0	0	0
rs6776597	1	1	0	0	1	0	0	0	0
rs6777858	1	1	1	1	1	1	0	0	1
rs6784560	1	1	1	1	1	0	0	0	0
rs6784926	1	1	0	0	1	0	0	0	0
rs6786026	0	0	0	1	0	0	0	0	0
rs67915086	1	0	0	0	1	0	0	0	1
rs6798584	1	1	1	1	1	0	1	0	0
rs6799564	1	1	1	1	1	0	0	0	0
rs6802843	1	1	1	1	1	0	0	0	1
rs6806939	1	1	1	1	1	0	0	0	0
rs6809788	1	1	0	0	1	0	0	0	0
rs681239	0	0	0	0	1	0	0	0	0
rs6823315	0	0	1	1	0	0	0	0	0
rs6845482	0	0	0	0	1	0	0	0	0
rs6864434	1	0	0	1	0	0	0	0	0
rs687532	1	0	0	1	1	0	0	0	0
rs7020780	0	0	0	1	1	0	0	0	1
rs702225	0	0	1	0	1	0	0	0	0
rs7026567	0	0	0	0	1	0	0	0	0
rs7028564	0	0	0	0	1	0	0	0	0
rs7035379	0	0	1	0	0	0	0	0	0
rs7041818	0	0	0	0	1	0	0	0	0
rs7047030	1	0	0	0	0	0	1	0	0
rs7047193	0	0	0	1	0	0	0	0	0
rs708119	0	0	1	1	1	0	0	0	0
rs70965614	0	0	0	0	1	0	0	0	0
rs71102742	0	0	0	1	1	0	0	0	0
rs71399348	1	0	1	1	1	0	1	1	1
rs71588946	0	0	0	0	1	0	0	0	0
rs71643432	0	0	0	0	1	0	0	0	0
rs71643434	0	0	0	0	1	0	0	0	0
rs71643436	0	0	0	0	1	0	0	0	0
rs71643439	0	0	0	1	1	0	0	0	0
rs7185735	0	0	1	0	1	0	0	0	0
rs71863246	0	0	1	0	1	0	0	0	0
rs7187250	0	0	1	1	1	0	0	1	0
rs718849	0	0	1	1	1	0	0	1	0
rs7190396	0	0	1	0	1	0	0	0	0
rs7193144	0	0	1	1	1	0	0	1	0
rs7201850	0	0	1	1	1	0	0	0	0
rs7202116	0	0	1	1	1	0	0	0	0
rs7202296	0	0	1	1	1	0	0	0	0
rs7206122	0	0	1	0	1	0	0	0	0
rs7206410	0	0	1	1	1	0	0	0	0
rs7206629	0	0	1	1	1	0	0	0	0
rs721324	0	0	1	0	1	0	0	0	0
rs72209985	0	0	1	1	1	1	1	0	1
rs72638684	1	0	0	0	1	0	0	0	0
rs72640206	0	0	1	0	1	0	0	0	0
rs72640208	0	0	1	0	1	0	0	0	0
rs72640210	0	0	0	1	1	0	0	0	0
rs72640221	1	1	1	1	1	0	0	1	1
rs72640243	1	0	0	0	0	0	0	0	0
rs72640244	1	0	0	0	0	0	0	0	0
rs72640247	1	0	0	0	1	0	0	0	0
rs72640249	1	0	1	0	1	0	0	0	0
rs72640251	1	0	1	0	1	0	0	0	0
rs72640252	1	0	1	0	1	0	0	0	0
rs72640253	1	0	1	0	1	0	0	0	0
rs72640257	1	1	0	0	0	0	0	0	0
rs72640258	1	0	0	0	0	0	0	0	0
rs72640262	1	0	0	0	0	0	0	0	0
rs72640267	1	1	0	0	0	0	0	0	0
rs72656599	0	0	1	1	0	0	0	1	0
rs72670459	1	0	1	1	1	0	0	0	1
rs72717947	0	0	0	1	0	0	0	0	0
rs727839	1	0	0	1	0	0	0	0	0
rs728009	1	0	1	1	1	0	0	0	1
rs72803697	0	0	1	1	1	0	0	0	0
rs72805613	0	0	1	0	1	0	0	0	0
rs72807800	1	0	0	0	0	0	0	0	0
rs72807801	1	0	0	0	0	0	0	0	0
rs72823859	1	1	0	0	1	0	0	0	0
rs72881449	0	0	0	0	1	0	0	0	0
rs72881458	0	0	0	1	1	0	0	0	0
rs72951526	0	0	0	0	1	0	0	0	0
rs72951541	0	0	1	1	1	0	0	0	0
rs72951580	0	0	0	0	1	0	0	0	1
rs72965622	0	0	0	1	1	0	0	0	0
rs72965624	0	0	1	1	1	0	0	0	0
rs72965628	0	0	0	1	1	0	0	0	0
rs72965644	0	0	0	0	1	0	0	0	0
rs72965662	1	0	0	0	0	0	0	0	0
rs72965663	1	1	0	0	0	0	0	0	0
rs72965667	0	0	0	1	0	0	0	0	0
rs72965692	0	0	0	1	1	0	0	0	0
rs72965696	0	0	0	1	1	0	0	0	0
rs72967504	0	0	0	1	1	0	0	0	0
rs72967512	0	0	1	1	1	0	0	0	0
rs72967534	0	0	0	1	1	0	0	0	0
rs72967551	0	0	0	0	1	0	0	0	1
rs73036519	0	0	1	1	1	1	1	1	1
rs7304091	0	0	0	1	1	0	0	0	0
rs7310615	1	1	1	1	1	0	0	0	0
rs7313538	0	0	1	1	1	0	0	1	0
rs7314838	0	0	1	0	1	0	0	0	0
rs7316091	0	0	1	1	1	0	0	0	0
rs7318880	0	0	1	0	1	0	0	0	0
rs7319081	0	0	0	0	1	0	0	0	0
rs7320371	0	0	0	0	1	1	1	1	1
rs73205052	0	0	0	0	1	0	0	0	0
rs7322722	0	0	1	1	1	0	0	1	1
rs7324014	0	0	0	0	1	0	1	0	1
rs7325774	0	0	1	0	1	0	0	0	0
rs7328012	1	0	0	0	0	0	0	0	0
rs7328374	0	0	0	1	1	0	0	0	0
rs73306874	0	0	1	1	1	1	1	1	1
rs73306876	0	0	1	1	1	1	1	1	1
rs7336711	0	0	1	1	1	0	0	0	0
rs7337148	1	0	0	0	0	0	0	0	0
rs7340583	1	0	0	0	0	0	0	0	0
rs73437395	0	0	1	0	1	0	0	0	0
rs73437396	0	0	1	0	1	0	0	0	0
rs73437398	0	0	1	1	1	0	0	0	1
rs73491426	0	0	0	1	1	1	1	1	1
rs73491437	0	0	0	0	1	0	0	0	0
rs73491439	0	0	1	0	1	0	0	0	0
rs73491441	0	0	1	0	1	0	0	0	0
rs73491444	0	0	1	0	1	0	0	0	0
rs73491451	0	0	1	0	0	0	0	0	0
rs73491452	0	0	1	0	0	0	0	0	0
rs73505717	0	0	1	1	1	0	1	1	1
rs73505783	1	0	0	1	0	0	1	0	0
rs73505786	0	0	1	1	1	0	0	1	1
rs73505791	0	0	0	1	1	0	0	0	0
rs7383157	0	1	0	0	0	1	1	1	0
rs73846673	0	0	0	1	1	0	0	0	0
rs73846687	0	0	0	1	1	0	1	0	0
rs73846688	0	0	0	1	0	0	0	0	0
rs73846691	0	0	1	0	1	0	0	0	0
rs73846698	0	0	1	1	1	0	0	0	0
rs73846699	0	0	1	1	1	0	0	0	1
rs73846701	0	0	1	1	1	0	0	0	1
rs73846702	0	0	1	1	1	0	0	0	1
rs73847803	0	0	1	1	1	1	0	1	0
rs73847805	0	0	1	1	1	1	0	1	0
rs739396	0	0	1	0	1	0	0	0	0
rs739622	0	0	0	0	1	0	0	0	0
rs74449862	0	0	0	0	1	0	0	0	0
rs74528067	0	0	1	1	1	0	0	0	0
rs74647103	1	0	0	0	0	0	0	0	0
rs74789551	1	0	0	0	0	0	0	0	0
rs74796778	0	0	1	1	1	0	0	1	0
rs74871003	0	0	1	1	1	1	1	1	1
rs74911485	0	0	1	1	1	0	0	0	0
rs75023402	0	0	1	1	1	0	0	0	0
rs75029217	1	0	1	1	1	0	0	0	0
rs750450	1	0	1	0	1	0	0	1	0
rs750451	1	1	1	0	1	0	0	0	0
rs750452	1	0	1	0	0	0	0	0	0
rs75045913	1	1	1	1	1	0	1	0	0
rs75119017	0	0	1	0	0	0	1	0	0
rs75293382	0	0	0	1	1	0	0	0	0
rs7541929	0	0	1	0	1	0	0	0	0
rs75450815	0	0	1	1	1	0	0	0	0
rs75458063	0	0	0	1	1	0	0	0	0
rs75458494	0	0	1	1	1	0	0	0	0
rs7546128	0	0	0	0	0	1	0	0	0
rs75481516	0	0	0	1	1	0	0	0	0
rs75482070	0	0	0	1	1	0	1	0	0
rs7550497	0	0	0	0	1	0	0	0	0
rs7550500	0	0	0	0	1	0	0	0	0
rs75506669	0	0	1	0	0	0	0	0	0
rs7553194	0	0	1	1	1	1	1	1	1
rs75544774	0	0	0	0	1	0	0	0	0
rs75556460	0	0	1	0	0	0	0	0	0
rs7564025	0	0	1	1	1	0	1	0	0
rs7565843	0	1	1	1	1	0	0	1	0
rs75660387	0	0	0	1	0	1	1	1	0
rs75685382	0	0	0	1	0	0	0	0	0
rs75686810	0	0	0	0	1	0	0	0	0
rs75711918	0	0	0	0	1	0	0	0	0
rs7571588	0	0	0	0	1	0	0	0	0
rs7573118	1	0	0	1	1	0	0	0	0
rs7573362	1	0	0	1	1	0	0	0	0
rs75742992	0	0	1	0	1	1	0	0	0
rs7576192	0	0	0	0	1	0	0	0	0
rs7579169	0	0	0	0	1	0	0	0	0
rs7579199	1	1	1	1	1	0	0	0	1
rs75825288	0	0	0	0	1	0	0	0	0
rs7585379	1	0	0	1	1	0	0	0	0
rs75887598	0	0	0	0	1	0	0	0	0
rs7588802	0	0	1	0	1	0	0	0	0
rs75892143	0	0	1	1	1	0	0	0	0
rs75899922	0	0	0	1	1	0	0	0	0
rs75928944	0	0	0	0	1	0	0	0	0
rs7593786	0	0	0	0	1	0	0	0	0
rs7597283	0	0	0	0	1	0	0	0	0
rs75977630	0	0	0	0	1	0	0	0	0
rs7599132	1	1	1	1	1	0	0	0	0
rs76002310	0	0	0	1	0	0	0	0	0
rs76013261	0	0	0	0	1	0	0	0	0
rs7602922	1	0	0	1	1	0	0	0	0
rs7606351	0	0	1	1	1	0	0	0	0
rs7607681	1	0	0	0	1	0	0	0	0
rs7610571	1	0	0	1	0	0	0	0	0
rs7616573	1	1	1	1	1	0	0	0	0
rs76204897	0	0	0	0	1	0	0	0	0
rs7622989	1	0	1	1	1	0	0	0	0
rs7624569	1	1	1	1	1	1	0	0	0
rs76260192	0	0	0	1	0	0	0	0	0
rs76277717	0	0	0	1	0	0	0	0	0
rs7629532	1	1	0	1	1	0	0	0	0
rs7632129	1	0	0	1	0	0	0	0	0
rs7635073	1	0	0	0	0	0	0	0	0
rs7637683	1	0	0	0	0	0	0	0	0
rs76395516	0	0	1	1	1	0	0	0	0
rs7642504	1	0	0	1	1	0	0	0	0
rs7646101	1	0	0	1	1	0	0	0	0
rs76461998	0	0	0	0	1	0	0	0	0
rs76495904	1	0	0	0	0	0	0	0	0
rs76592385	0	0	0	0	1	0	0	0	0
rs76634393	1	0	0	0	0	0	0	0	0
rs76668454	0	0	0	1	1	0	0	0	1
rs76675491	0	0	0	1	0	0	0	0	0
rs76831104	0	0	0	1	1	0	0	0	0
rs76842137	0	0	0	1	1	0	0	0	0
rs7692744	0	0	1	1	1	0	0	1	0
rs76943317	0	0	1	1	1	0	0	0	0
rs76998658	0	0	0	1	0	0	0	0	0
rs77020154	0	0	1	0	1	0	0	0	0
rs77137495	0	0	0	0	1	0	0	0	0
rs77171792	0	0	1	1	0	0	0	0	0
rs77215029	1	0	0	1	1	1	0	0	0
rs7733331	0	0	1	0	1	0	0	1	0
rs77401923	0	0	0	0	1	0	0	0	0
rs77483627	0	0	1	1	1	0	0	0	0
rs77513584	0	0	1	1	1	0	0	0	0
rs77591190	0	0	0	0	1	0	0	0	0
rs77764698	0	0	1	0	1	0	0	0	0
rs77814591	0	0	1	1	1	0	0	1	0
rs77843811	0	0	0	0	1	0	0	0	0
rs77997282	0	0	0	1	1	0	0	0	0
rs78106512	0	0	1	1	1	0	0	0	0
rs78269931	0	0	0	0	1	0	0	0	1
rs78302204	0	0	1	1	1	1	1	1	0
rs78362822	1	0	1	1	1	0	0	0	0
rs78385622	0	0	0	1	1	0	0	0	0
rs784103	0	0	0	0	1	0	0	0	0
rs78412528	1	0	1	1	1	1	1	1	0
rs7849323	0	0	0	0	1	0	0	0	0
rs78494481	0	0	1	0	1	0	0	0	0
rs78517370	0	0	0	0	1	0	0	0	0
rs7853497	0	0	0	1	1	0	0	0	0
rs7853585	0	0	0	0	1	0	0	0	0
rs7854689	0	0	0	1	0	0	0	0	0
rs7856932	0	0	0	0	1	0	0	0	0
rs7858119	1	0	0	0	0	0	0	0	0
rs7858208	1	0	0	0	0	0	0	0	0
rs78584389	0	0	0	0	1	0	0	0	0
rs78624573	0	0	1	0	1	0	0	0	0
rs7865483	0	0	0	1	1	0	0	0	0
rs7866669	0	0	0	0	1	0	0	0	0
rs7866700	1	0	0	1	1	0	0	1	0
rs7866950	0	0	0	0	1	0	0	0	0
rs7868446	0	0	0	1	1	0	1	0	0
rs7868632	1	1	0	1	1	0	1	0	0
rs7870469	0	0	1	1	1	1	1	0	1
rs78718649	0	0	0	1	1	1	1	1	1
rs7872897	0	0	0	1	1	0	0	0	0
rs7873545	0	0	0	0	1	0	0	0	0
rs78846039	0	0	1	1	1	1	0	1	1
rs78873262	0	0	0	0	1	0	0	0	0
rs7896013	1	0	1	1	1	0	0	0	0
rs78992414	0	0	0	0	1	0	0	0	0
rs79078871	0	0	1	1	1	0	0	0	0
rs79088356	0	0	0	1	0	0	0	0	0
rs7909337	1	0	0	1	1	0	0	0	0
rs79111533	0	0	0	0	1	0	0	0	0
rs7912932	1	0	0	1	1	0	0	0	0
rs79159746	0	0	0	0	1	0	0	0	0
rs79167357	0	0	0	1	1	0	0	0	0
rs79221939	0	0	0	0	1	0	0	0	0
rs79236354	0	0	0	0	1	0	0	0	0
rs79249162	1	0	1	1	1	0	0	0	1
rs79308483	0	0	0	1	0	0	0	0	0
rs79357398	0	0	0	1	1	0	0	0	0
rs79390035	0	0	0	1	1	0	0	0	0
rs79401451	0	0	0	0	1	0	0	0	0
rs79472777	0	0	1	0	0	0	0	0	0
rs79521608	0	0	0	0	1	0	0	0	0
rs79540877	0	0	0	1	1	0	0	0	0
rs7956691	0	0	1	1	1	0	0	0	0
rs7961772	0	0	1	1	1	1	1	1	0
rs79724598	0	0	1	1	1	0	0	0	0
rs7985205	0	0	0	0	1	0	0	0	0
rs7986578	0	0	0	0	1	0	0	0	0
rs7988846	1	0	0	0	0	0	0	0	0
rs79893464	0	0	1	1	1	0	1	0	0
rs7989738	1	1	0	0	1	0	1	0	0
rs79903675	0	0	0	0	1	0	0	0	0
rs79936580	0	0	1	0	1	0	0	0	0
rs7994657	0	0	0	1	1	0	0	0	0
rs7995002	0	0	0	1	0	0	0	0	0
rs79968675	0	0	0	1	0	0	0	0	0
rs79994966	0	0	1	0	1	0	0	0	0
rs80047508	0	0	0	1	1	0	0	0	0
rs80061972	0	0	0	0	1	0	0	0	0
rs80178851	0	0	1	0	1	0	0	0	0
rs80255138	0	0	1	1	1	0	0	0	0
rs80261486	0	0	1	1	1	0	0	0	0
rs8043757	0	0	1	1	1	0	0	0	0
rs8047587	0	0	0	0	1	0	0	0	0
rs8050136	0	0	1	1	1	0	0	0	0
rs8051591	0	0	1	0	1	0	0	0	0
rs8057044	0	0	1	0	1	0	0	0	0
rs8063057	0	0	1	0	1	0	0	0	1
rs8109472	1	0	0	0	1	0	0	0	0
rs8124775	0	0	0	1	0	0	0	0	0
rs867410	0	0	0	0	1	0	0	0	0
rs880671	0	0	1	1	1	0	0	0	0
rs885005	1	0	0	0	1	0	0	1	0
rs885219	1	1	0	0	0	0	0	0	0
rs892448	0	0	1	1	1	0	0	0	0
rs924612	1	0	1	0	1	0	0	0	0
rs9263788	0	0	0	0	1	1	0	0	0
rs9264679	0	0	0	1	1	1	1	1	1
rs9293135	0	0	0	0	1	0	0	0	0
rs9312024	1	1	1	1	1	0	0	0	0
rs9312025	1	0	0	1	0	0	0	0	0
rs931517	1	1	1	1	1	0	0	0	0
rs931685	1	1	1	1	1	0	1	0	0
rs931686	1	1	1	1	1	0	1	0	0
rs9318469	1	0	0	0	0	0	0	0	0
rs9332419	1	0	0	1	1	1	0	0	0
rs950511	0	0	0	0	1	0	0	0	0
rs9506015	0	0	1	0	1	0	0	0	0
rs9506016	0	0	1	0	1	0	0	0	0
rs9506017	0	0	1	0	1	0	0	0	0
rs9506018	0	0	0	1	1	0	0	0	0
rs9508062	0	0	1	0	1	0	0	0	0
rs9508063	0	0	0	1	1	0	0	0	0
rs9508064	0	0	0	1	1	0	0	0	0
rs9508092	0	0	1	1	1	0	0	0	0
rs9508104	1	0	0	0	1	0	0	1	0
rs9530631	0	0	1	0	1	0	0	0	0
rs9530635	1	0	1	1	1	0	0	0	0
rs9544452	0	0	1	1	1	0	0	1	0
rs9544460	0	0	0	1	1	0	0	0	0
rs9550383	0	0	1	0	1	0	0	0	0
rs9550384	0	0	1	1	1	0	0	0	0
rs9550389	1	0	0	0	0	0	0	0	0
rs9551526	0	0	0	1	0	0	0	0	0
rs9551527	0	0	0	1	0	0	0	0	0
rs9551528	0	0	0	1	0	0	0	0	0
rs966120	0	0	1	1	1	0	0	0	0
rs9678412	1	0	0	0	0	0	0	0	0
rs9810512	1	1	1	1	1	0	0	1	1
rs9814240	1	0	0	0	0	0	0	0	0
rs9818672	1	1	0	1	1	0	0	0	0
rs9827267	1	0	0	1	1	0	0	0	0
rs9831647	1	1	1	1	1	0	0	1	1
rs9832427	1	1	1	1	1	0	0	0	0
rs9836284	1	1	1	1	1	0	0	0	0
rs9836404	0	0	1	0	0	0	0	0	0
rs9850919	0	0	1	1	1	0	0	0	0
rs9854497	1	1	1	1	1	1	1	0	1
rs985577	0	0	1	0	1	0	0	0	0
rs9864972	1	0	1	1	1	0	0	0	0
rs9865627	1	1	1	1	1	0	0	0	0
rs9875641	1	1	1	0	1	0	0	0	1
rs9877344	1	1	1	1	1	0	1	1	1
rs9882165	1	1	1	1	1	1	0	1	1
rs9922708	0	0	0	0	1	0	0	0	0
rs9923147	0	0	0	1	1	0	0	0	0
rs9923233	0	0	1	0	1	0	0	0	0
rs9923312	0	0	1	0	1	0	0	0	0
rs9923544	0	0	1	1	1	0	0	0	0
rs9926289	0	0	0	1	0	0	0	0	0
rs9928094	0	0	1	1	1	0	0	0	0
rs9930397	0	0	1	1	1	0	0	0	0
rs9931900	0	0	1	0	1	0	0	0	0
rs9933040	0	0	0	0	1	0	0	0	0
rs9933509	0	0	1	1	1	0	0	0	0
rs9935401	0	0	1	0	1	0	0	0	0
rs9936385	0	0	1	0	1	0	0	0	0
rs9937053	0	0	0	0	1	0	0	0	0
rs9937354	0	0	1	1	1	0	0	0	0
rs9937521	0	0	0	0	1	0	0	0	0
rs9937709	0	0	0	1	0	0	0	0	0
rs9939609	0	0	0	1	0	0	0	0	0
rs9939973	0	0	1	1	1	0	0	0	0
rs9940128	0	0	1	1	1	0	0	1	0
rs9940278	0	0	1	1	1	0	0	0	0
rs9940646	0	0	1	1	1	0	0	1	0
rs9941349	0	0	0	0	1	0	0	0	0
rs9972653	0	0	1	1	1	0	0	1	0
rs9976946	1	1	1	1	1	1	0	1	1
